# Blender 5.2.2 LTS
# www.blender.org
mtllib knife.mtl
o defaultMaterial
v -0.469974 -171.980087 -375.771759
v -0.461381 -172.019424 -375.661316
v -0.603169 -172.003693 -375.796875
v -0.609614 -172.050888 -375.681396
v -0.465678 -174.096405 -368.186035
v -0.602094 -174.104279 -368.186035
v -0.472122 -175.937393 -360.504913
v -0.596723 -175.937393 -360.504913
v -0.472122 -177.502991 -352.768585
v -0.596723 -177.510864 -352.768585
v -0.475344 -178.824722 -344.981995
v -0.594574 -178.824722 -344.981995
v -0.473195 -179.878952 -337.155304
v -0.596722 -179.878952 -337.155304
v -0.477492 -180.681412 -329.293457
v -0.592425 -180.681412 -329.293457
v -0.475343 -181.208542 -321.406494
v -0.594573 -181.208542 -321.406494
v -0.478565 -181.483887 -313.504486
v -0.591351 -181.483887 -313.504486
v -0.475342 -181.491760 -305.602448
v -0.594573 -181.491760 -305.602448
v -0.479639 -181.240005 -297.705475
v -0.589202 -181.240005 -297.705475
v -0.480713 -180.720749 -289.828552
v -0.589202 -180.720749 -289.828552
v -0.476416 -179.941895 -281.966705
v -0.593498 -179.941895 -281.966705
v -0.480712 -178.903397 -274.134979
v -0.589201 -178.903397 -274.134979
v -0.480712 -177.605286 -266.333374
v -0.590275 -177.597412 -266.333374
v -0.476415 -176.039673 -258.581940
v -0.595646 -176.039673 -258.581940
v -0.480712 -174.222305 -250.890808
v -0.591349 -174.222305 -250.890808
v -0.480711 -172.153183 -243.269928
v -0.589200 -172.153183 -243.269928
v -0.476415 -169.832306 -235.724335
v -0.593497 -169.832306 -235.724335
v -0.481785 -167.267532 -228.264130
v -0.588126 -167.267532 -228.264130
v -0.485008 -164.411667 -220.924377
v -0.583829 -164.411667 -220.924377
v -0.612831 -160.776932 -212.927002
v -0.457080 -160.776932 -212.927002
v -12.155634 -49.146511 -288.985138
v -12.251232 -45.747799 -291.781464
v -12.782936 -51.561798 -292.845795
v -12.692709 -52.867786 -315.266602
v -13.251266 -50.295147 -317.018738
v -13.533766 -45.503906 -322.867432
v -13.104106 -53.536514 -328.409882
v -13.950538 -40.114742 -357.964600
v -12.745342 -59.877628 -362.136505
v -13.675557 -37.778126 -373.025635
v -11.805464 -58.847000 -372.844910
v -14.106289 -34.701977 -358.105164
v -13.811972 -38.006283 -323.971893
v -13.221189 -39.013309 -298.272766
v -14.615434 -22.971697 -327.837555
v -14.543467 -25.111628 -358.215637
v -13.635813 -32.900345 -375.169312
v -13.845268 -26.456953 -307.013184
v -14.443570 -18.510887 -311.064606
v -16.098833 -5.199261 -314.322784
v -16.426449 -5.152058 -333.139038
v -16.430748 -5.112717 -358.401398
v -15.992495 -5.167789 -373.301758
v -14.114882 -27.432507 -373.206360
v -17.744431 8.529339 -358.737732
v -17.754095 8.529339 -333.570770
v -17.478039 8.482136 -315.517639
v -18.124678 18.221966 -333.515564
v -17.504894 17.970203 -315.879089
v -17.766987 27.434673 -314.834869
v -18.111792 18.591732 -358.943604
v -17.196615 8.497871 -373.146149
v -17.733690 18.827755 -373.457397
v -17.928110 28.646259 -359.099213
v -17.432930 29.149776 -373.131073
v -18.003300 27.914593 -333.500488
v -16.687468 37.339725 -332.978394
v -16.345890 37.929775 -312.425110
v -11.776464 52.445110 -307.369629
v -16.658468 37.080105 -358.637360
v -12.948360 50.415333 -331.582733
v -10.489635 55.332447 -306.651703
v -11.602452 53.821918 -331.552612
v -12.287760 51.312214 -357.824036
v -13.382317 48.566502 -357.904358
v -13.039664 47.016621 -377.277863
v -16.174026 37.001431 -375.219543
v -9.268330 63.490940 -333.455322
v -9.742029 62.413105 -357.382263
v -12.246943 48.637302 -377.428467
v -5.998624 75.292023 -356.343048
v -9.643209 61.044186 -368.502319
v -5.851466 76.299057 -332.461304
v -8.327375 65.229630 -317.821960
v -10.489635 55.332447 -306.651703
v 9.288653 55.112164 -306.847504
v -8.327375 65.229630 -317.821960
v 7.171506 64.977875 -317.907318
v -5.851466 76.299057 -332.461304
v 4.521582 75.449371 -332.551636
v 6.156438 -18.864918 -373.623077
v 5.484021 -16.009052 -372.081818
v 11.054552 -4.396786 -373.382080
v 10.479883 -3.208805 -372.011536
v 13.421973 9.331818 -373.683319
v 12.740963 9.142998 -372.066772
v 14.199656 18.827755 -373.643127
v 13.347857 18.332111 -372.041656
v 13.246887 29.031765 -374.115051
v 12.426237 28.229290 -371.860901
v 11.839752 37.017162 -375.982635
v 10.810719 35.805592 -374.039734
v 8.476595 41.769070 -377.383301
v 7.518456 40.085453 -375.299866
v -8.615249 40.242794 -375.219543
v -9.546535 41.776936 -377.378265
v -12.250164 36.340572 -373.708405
v -12.909692 37.032902 -375.942444
v -13.582108 28.276493 -371.785614
v -14.317901 29.031765 -374.120087
v -14.305009 18.316372 -372.036621
v -15.230925 18.819889 -373.778687
v -13.614331 9.174469 -371.911133
v -14.500504 9.308212 -373.527679
v -11.530484 -3.240276 -372.006500
v -12.081522 -4.310242 -373.577881
v -6.545362 -16.016918 -372.076813
v -7.223149 -18.825581 -373.703369
v 5.484021 -16.009052 -372.081818
v 6.767631 -18.967197 -309.879791
v 10.479883 -3.208805 -372.011536
v 9.035156 -13.515095 -313.956299
v 11.958987 -4.082092 -315.984528
v 12.740963 9.142998 -372.066772
v 13.350008 8.749626 -317.219543
v 13.347857 18.332111 -372.041656
v 13.376862 17.663380 -317.149261
v 12.488539 26.789562 -316.536774
v 12.426237 28.229290 -371.860901
v 10.810719 35.805592 -374.039734
v 11.058849 36.969967 -313.931213
v 8.140388 45.765697 -309.111694
v 7.518456 40.085453 -375.299866
v -5.851466 76.299057 -332.461304
v 4.521582 75.449371 -332.551636
v -5.998624 75.292023 -356.343048
v 5.028579 75.614594 -356.408295
v -6.545362 -16.016918 -372.076813
v -7.844005 -18.967197 -309.874786
v 5.484021 -16.009052 -372.081818
v 6.767631 -18.967197 -309.879791
v -6.545362 -16.016918 -372.076813
v -11.530484 -3.240276 -372.006500
v -7.844005 -18.967197 -309.874786
v -10.051380 -13.554432 -314.127014
v -13.326457 -2.068043 -316.501617
v -13.614331 9.174469 -371.911133
v -14.305009 18.316372 -372.036621
v -14.442498 17.616169 -317.194427
v -13.554179 26.781681 -316.571899
v -13.582108 28.276493 -371.785614
v -12.250164 36.340572 -373.708405
v -12.124488 36.969959 -313.946259
v -9.208176 45.765690 -309.111694
v -8.615249 40.242794 -375.219543
v 8.140388 45.765697 -309.111694
v -0.457080 -160.776932 -212.927002
v -0.485008 -164.411667 -220.924377
v -0.414114 -160.706116 -212.942047
v -0.063942 -163.506912 -221.160339
v -0.142354 -159.958725 -213.263336
v 0.883457 -159.533890 -222.289917
v 0.274415 -157.189392 -215.512451
v 4.054340 -143.421463 -234.800598
v 3.329291 -143.382126 -229.117584
v 6.320792 -127.710281 -250.057434
v 3.699871 -128.520630 -244.951721
v 6.610811 -123.666443 -267.834442
v 6.351941 -120.771240 -270.118713
v 6.837455 -119.630478 -285.636566
v 6.565696 -115.665306 -288.422852
v 7.045840 -116.821808 -297.946472
v 6.694592 -109.780495 -300.054993
v 8.081316 -104.462143 -315.422241
v 7.563578 -103.872086 -307.741119
v 8.384226 -94.863922 -317.962524
v -0.481785 -167.267532 -228.264130
v -0.072535 -166.291977 -228.725983
v 1.008058 -164.041885 -239.564911
v 4.219759 -143.885635 -252.582642
v 4.286355 -144.617310 -279.371185
v 6.452910 -126.640320 -288.071442
v 7.347673 -118.450363 -339.283936
v 9.610902 -90.568321 -359.902466
v 9.706502 -85.438782 -331.587738
v 8.800996 -86.516617 -325.678802
v 6.450763 -127.269714 -265.243958
v -10.489635 55.332447 -306.651703
v -11.776464 52.445110 -307.369629
v 9.288653 55.112164 -306.847504
v 10.835426 52.484455 -307.123627
v -10.353218 47.229031 -307.520233
v 9.285431 47.229038 -307.520233
v 15.186800 37.945522 -312.545593
v 12.251153 37.827503 -311.631897
v 16.544523 27.466152 -315.030670
v 13.487497 27.403217 -314.362946
v 16.474703 17.985943 -315.854004
v 14.406969 17.954472 -315.085907
v 16.383404 8.482136 -315.567841
v 14.369374 8.513603 -315.156189
v 14.920412 -5.246468 -314.473419
v 12.792526 -5.136322 -314.031616
v 13.435941 -18.487286 -310.984283
v 9.697906 -14.522118 -311.621857
v 12.733449 -26.512024 -307.113586
v 8.161876 -20.863237 -308.393768
v -13.845268 -26.456953 -307.013184
v -9.221062 -20.863237 -308.398804
v -10.766763 -14.553589 -311.667023
v -10.051380 -13.554432 -314.127014
v -13.326457 -2.068043 -316.501617
v -13.323237 37.788166 -311.541504
v -9.208176 45.765690 -309.111694
v 8.140388 45.765697 -309.111694
v 11.058849 36.969967 -313.931213
v 12.488539 26.789562 -316.536774
v 13.376862 17.663380 -317.149261
v 13.350008 8.749626 -317.219543
v 11.958987 -4.082092 -315.984528
v 9.035156 -13.515095 -313.956299
v 6.767631 -18.967197 -309.879791
v -7.844005 -18.967197 -309.874786
v -12.124488 36.969959 -313.946259
v -14.544543 27.356007 -314.217377
v -13.554179 26.781681 -316.571899
v -15.472606 17.946598 -315.085907
v -14.442498 17.616169 -317.194427
v -15.430715 8.513603 -315.161194
v -13.848494 -5.136322 -314.036621
v -14.443570 -18.510887 -311.064606
v -16.098833 -5.199261 -314.322784
v -17.478039 8.482136 -315.517639
v -17.504894 17.970203 -315.879089
v -17.766987 27.434673 -314.834869
v -16.345890 37.929775 -312.425110
v 5.484021 -16.009052 -372.081818
v 6.156438 -18.864918 -373.623077
v -6.545362 -16.016918 -372.076813
v -7.223149 -18.825581 -373.703369
v 12.820453 -27.511179 -372.709351
v -14.114882 -27.432507 -373.206360
v -15.992495 -5.167789 -373.301758
v 14.887113 -5.175652 -373.241516
v 11.054552 -4.396786 -373.382080
v 13.421973 9.331818 -373.683319
v 16.271690 8.505737 -373.331879
v 16.647638 18.827755 -373.432281
v 14.199656 18.827755 -373.643127
v 13.246887 29.031765 -374.115051
v 16.523039 29.134037 -373.336884
v 15.163166 37.001431 -375.294830
v 11.839752 37.017162 -375.982635
v 11.929980 47.000881 -377.192505
v 8.476595 41.769070 -377.383301
v -13.039664 47.016621 -377.277863
v -12.246943 48.637302 -377.428467
v -9.546535 41.776936 -377.378265
v -12.909692 37.032902 -375.942444
v -16.174026 37.001431 -375.219543
v -14.317901 29.031765 -374.120087
v -17.432930 29.149776 -373.131073
v -17.733690 18.827755 -373.457397
v -15.230925 18.819889 -373.778687
v -14.500504 9.308212 -373.527679
v -17.196615 8.497871 -373.146149
v -12.081522 -4.310242 -373.577881
v -0.603169 -172.003693 -375.796875
v -0.620355 -171.964355 -375.776794
v -0.469974 -171.980087 -375.771759
v -0.451714 -171.932877 -375.741638
v -0.840556 -170.674103 -375.440430
v -0.179955 -170.760635 -375.535828
v -1.623610 -166.583054 -375.651276
v 0.539724 -166.551590 -375.626190
v 3.477518 -146.269455 -374.526733
v -4.141414 -145.978363 -374.200409
v -6.816043 -115.090981 -372.880035
v 7.082358 -115.586624 -374.240570
v -9.520749 -88.310379 -373.201355
v 9.299398 -88.514931 -374.170258
v -11.805464 -58.847000 -372.844910
v 10.434771 -58.752590 -372.463379
v -13.675557 -37.778126 -373.025635
v 12.584140 -37.770256 -372.990509
v -13.635813 -32.900345 -375.169312
v 12.561584 -32.900345 -375.164307
v 11.103960 48.511417 -377.307983
v -9.643209 61.044186 -368.502319
v 8.514190 60.878963 -368.427002
v -5.998624 75.292023 -356.343048
v 5.028579 75.614594 -356.408295
v -12.484324 -55.865261 -322.244904
v -11.970881 -62.584015 -327.305389
v -11.999881 -69.947891 -336.075928
v -10.962255 -70.325531 -330.156952
v -9.865550 -78.413208 -329.855713
v -10.873099 -85.430923 -331.542542
v -9.383256 -86.697571 -326.306335
v -9.168427 -95.005531 -318.233643
v -9.185614 -104.454269 -315.412201
v -8.911704 -103.675400 -307.485077
v -8.433707 -109.418594 -299.693542
v -10.681903 -90.568329 -359.902466
v -9.520749 -88.310379 -373.201355
v -8.115760 -116.821808 -297.946472
v -7.941747 -115.523697 -288.307404
v -7.924561 -119.622604 -285.636566
v -7.532496 -120.716171 -270.073517
v -7.581906 -123.682175 -267.854523
v -4.998580 -128.386871 -244.760956
v -7.225289 -127.733887 -250.102600
v -4.744006 -143.271988 -228.690826
v -5.184407 -143.421463 -234.780518
v -1.482891 -157.220871 -215.286530
v -1.953368 -159.533890 -222.289917
v -0.892110 -159.935120 -213.318542
v -1.004895 -163.506912 -221.160339
v -0.655797 -160.706116 -212.942047
v -0.583829 -164.411667 -220.924377
v -0.612831 -160.776932 -212.927002
v -7.505642 -127.269714 -265.243958
v -7.522829 -126.640320 -288.071442
v -8.417597 -118.450363 -339.283936
v -6.816043 -115.090981 -372.880035
v -5.356272 -144.617310 -279.376221
v -5.289674 -143.893509 -252.582642
v -2.061858 -164.034027 -239.569946
v -0.997376 -166.291977 -228.725983
v -1.033898 -168.738724 -236.452301
v -0.588126 -167.267532 -228.264130
v -0.958707 -172.098114 -247.657715
v -2.167125 -168.172272 -260.098114
v -1.041417 -174.536987 -258.873138
v -0.985562 -176.881485 -270.535400
v -0.590275 -177.597412 -266.333374
v -0.589201 -178.903397 -274.134979
v -0.595646 -176.039673 -258.581940
v -0.591349 -174.222305 -250.890808
v -0.589200 -172.153183 -243.269928
v -0.593497 -169.832306 -235.724335
v -4.141414 -145.978363 -374.200409
v -5.301491 -145.687271 -326.818420
v -2.262724 -171.177628 -283.206726
v -2.046823 -171.775528 -337.491669
v -2.290653 -172.499344 -306.445862
v -1.003823 -179.509186 -293.980377
v -1.051085 -178.274017 -282.202667
v -0.589202 -180.720749 -289.828552
v -0.593498 -179.941895 -281.966705
v -1.623610 -166.583054 -375.651276
v -0.976972 -172.947784 -368.201111
v -0.938302 -176.126205 -352.733429
v -0.596723 -175.937393 -360.504913
v -0.596723 -177.510864 -352.768585
v -0.594574 -178.824722 -344.981995
v -0.999528 -178.313339 -337.210541
v -0.992008 -179.548508 -321.496857
v -1.055382 -179.768814 -305.763092
v -0.589202 -181.240005 -297.705475
v -0.596722 -179.878952 -337.155304
v -0.592425 -180.681412 -329.293457
v -0.594573 -181.208542 -321.406494
v -0.591351 -181.483887 -313.504486
v -0.594573 -181.491760 -305.602448
v -0.840556 -170.674103 -375.440430
v -0.620355 -171.964355 -375.776794
v -0.603169 -172.003693 -375.796875
v -0.609614 -172.050888 -375.681396
v -0.602094 -174.104279 -368.186035
v 10.241427 -51.852894 -288.819489
v 11.519663 -51.176296 -293.292603
v 10.237130 -45.134140 -292.840759
v 12.115814 -50.263680 -317.048828
v 12.463838 -45.503906 -322.867432
v 11.999806 -53.528645 -328.419922
v 12.880606 -40.114742 -357.964600
v 11.668968 -59.877628 -362.136505
v 12.584140 -37.770256 -372.990509
v 10.434771 -58.752590 -372.463379
v 12.561584 -32.900345 -375.164307
v 13.036357 -34.701977 -358.105164
v 12.742042 -38.006283 -323.971893
v 11.678637 -39.107719 -298.935455
v 12.820453 -27.511179 -372.709351
v 13.473536 -25.111628 -358.215637
v 13.545505 -22.971695 -327.837555
v 12.733449 -26.512024 -307.113586
v 14.887113 -5.175652 -373.241516
v 15.361887 -5.104851 -358.401398
v 15.356517 -5.152058 -333.139038
v 13.435941 -18.487286 -310.984283
v 14.920412 -5.246468 -314.473419
v 16.674494 8.529343 -358.737732
v 16.684164 8.529339 -333.570770
v 16.383404 8.482136 -315.567841
v 16.271690 8.505737 -373.331879
v 16.647638 18.827755 -373.432281
v 17.042925 18.591732 -358.943604
v 17.071928 18.221966 -333.510529
v 16.523039 29.134037 -373.336884
v 16.858171 28.646259 -359.099213
v 16.934439 27.914593 -333.500488
v 16.474703 17.985943 -315.854004
v 16.544523 27.466152 -315.030670
v 15.163166 37.001431 -375.294830
v 15.588530 37.080105 -358.637360
v 15.617533 37.339725 -332.978394
v 15.186800 37.945522 -312.545593
v 11.879497 50.415333 -331.582733
v 10.835426 52.484455 -307.123627
v 12.312377 48.566502 -357.904358
v 11.227488 51.320080 -357.829071
v 10.558295 53.837643 -331.547577
v 8.673164 62.413105 -357.382263
v 8.199466 63.490940 -333.455322
v 4.521582 75.449371 -332.551636
v 7.171506 64.977875 -317.907318
v 11.929980 47.000881 -377.192505
v 11.103960 48.511417 -377.307983
v 8.514190 60.878963 -368.427002
v 5.028579 75.614594 -356.408295
v 9.288653 55.112164 -306.847504
v 9.766654 -78.405334 -328.766296
v 10.981515 -69.955757 -336.045807
v 10.315543 -70.482872 -329.599701
v 10.886989 -62.576145 -327.320465
v 9.299398 -88.514931 -374.170258
v 11.141562 -55.566299 -322.556152
v 11.519662 -52.710438 -315.412201
v 7.082358 -115.586624 -374.240570
v 4.231572 -145.687271 -326.818420
v 1.192810 -171.177628 -283.206726
v 1.098285 -168.164413 -260.098114
v -0.084352 -176.881485 -270.535400
v -0.029570 -174.544861 -258.868134
v -0.480712 -177.605286 -266.333374
v -0.476415 -176.039673 -258.581940
v -0.111205 -172.098114 -247.657715
v -0.480712 -174.222305 -250.890808
v -0.036014 -168.738724 -236.452301
v -0.476415 -169.832306 -235.724335
v -0.480711 -172.153183 -243.269928
v 3.477518 -146.269455 -374.526733
v 0.976904 -171.767670 -337.491669
v 0.539724 -166.551590 -375.626190
v -0.091874 -172.947784 -368.201111
v -0.179955 -170.760635 -375.535828
v -0.451714 -171.932877 -375.741638
v 1.220737 -172.499344 -306.445862
v -0.066092 -179.509186 -293.980377
v -0.017755 -178.274017 -282.202667
v -0.480713 -180.720749 -289.828552
v -0.476416 -179.941895 -281.966705
v -0.479639 -181.240005 -297.705475
v -0.014533 -179.768814 -305.763092
v -0.077908 -179.548508 -321.496857
v -0.070390 -178.313339 -337.210541
v -0.131617 -176.126205 -352.728394
v -0.475344 -178.824722 -344.981995
v -0.472122 -177.502991 -352.768585
v -0.472122 -175.937393 -360.504913
v -0.465678 -174.096405 -368.186035
v -0.461381 -172.019424 -375.661316
v -0.469974 -171.980087 -375.771759
v -0.480712 -178.903397 -274.134979
v 10.241427 -51.852894 -288.819489
v 10.237130 -45.134140 -292.840759
v -12.155634 -49.146511 -288.985138
v -12.251232 -45.747799 -291.781464
v 11.678637 -39.107719 -298.935455
v -13.221189 -39.013309 -298.272766
v -0.457080 -160.776932 -212.927002
v -0.414114 -160.706116 -212.942047
v -0.612831 -160.776932 -212.927002
v -0.655797 -160.706116 -212.942047
v -0.142354 -159.958725 -213.263336
v -0.892110 -159.935120 -213.318542
v 0.274415 -157.189392 -215.512451
v -1.482891 -157.220871 -215.286530
v 3.329291 -143.382126 -229.117584
v -4.744006 -143.271988 -228.690826
v 3.699871 -128.520630 -244.951721
v -4.998580 -128.386871 -244.760956
v 6.351941 -120.771240 -270.118713
v -7.532496 -120.716171 -270.073517
v 6.565696 -115.665306 -288.422852
v -7.941747 -115.523697 -288.307404
v 6.694592 -109.780495 -300.054993
v -8.433707 -109.418594 -299.693542
v 7.563578 -103.872086 -307.741119
v -8.911704 -103.675400 -307.485077
v 8.384226 -94.863922 -317.962524
v -9.168427 -95.005531 -318.233643
v 8.800996 -86.516617 -325.678802
v -9.383256 -86.697571 -326.306335
v 9.766654 -78.405334 -328.766296
v -9.865550 -78.413208 -329.855713
v 10.315543 -70.482872 -329.599701
v -10.962255 -70.325531 -330.156952
v 10.886989 -62.576145 -327.320465
v -11.970881 -62.584015 -327.305389
v 11.141562 -55.566299 -322.556152
v -12.484324 -55.865261 -322.244904
v 11.519662 -52.710438 -315.412201
v -12.692709 -52.867786 -315.266602
v -12.782936 -51.561798 -292.845795
v 11.519663 -51.176296 -293.292603
v 10.241427 -51.852894 -288.819489
v -0.475342 -181.491760 -305.602448
v -0.478565 -181.483887 -313.504486
v -0.475343 -181.208542 -321.406494
v -0.477492 -180.681412 -329.293457
v -0.473195 -179.878952 -337.155304
v -14.543467 -25.111628 -358.215637
v -13.635813 -32.900345 -375.169312
v -16.098833 -5.199261 -314.322784
v -16.426449 -5.152058 -333.139038
v -15.992495 -5.167789 -373.301758
v -14.114882 -27.432507 -373.206360
v -17.744431 8.529339 -358.737732
v -17.478039 8.482136 -315.517639
v -17.196615 8.497871 -373.146149
v -16.658468 37.080105 -358.637360
v -12.948360 50.415333 -331.582733
v -10.489635 55.332447 -306.651703
v -13.382317 48.566502 -357.904358
v -9.268330 63.490940 -333.455322
v -8.327375 65.229630 -317.821960
v -8.615249 40.242794 -375.219543
v 8.140388 45.765697 -309.111694
v -5.356272 -144.617310 -279.376221
v -2.061858 -164.034027 -239.569946
v -2.167125 -168.172272 -260.098114
v 13.545505 -22.971695 -327.837555
v 12.733449 -26.512024 -307.113586
v 13.435941 -18.487286 -310.984283
v 16.383404 8.482136 -315.567841
v 17.071928 18.221966 -333.510529
v 16.474703 17.985943 -315.854004
v 15.163166 37.001431 -375.294830
v 15.588530 37.080105 -358.637360
v 11.929980 47.000881 -377.192505
v 1.192810 -171.177628 -283.206726
v -0.084352 -176.881485 -270.535400
v -0.091874 -172.947784 -368.201111
v -0.451714 -171.932877 -375.741638
v -0.017755 -178.274017 -282.202667
v -0.469974 -171.980087 -375.771759
v -12.782936 -51.561798 -292.845795
v 10.241427 -51.852894 -288.819489
v -12.155634 -49.146511 -288.985138
v 7.518456 40.085453 -375.299866
vn 0.2359 -0.9111 -0.3381
vn 0.1761 -0.9378 -0.2992
vn 0.1804 -0.9364 -0.3011
vn 0.0677 -0.9658 -0.2503
vn 0.0109 -0.9761 -0.2172
vn 0.0066 -0.9836 -0.1803
vn 0.0022 -0.9886 -0.1505
vn 0.0022 -0.9927 -0.1205
vn 0.0022 -0.9965 -0.0830
vn 0.0022 -0.9986 -0.0529
vn 0.0022 -0.9999 -0.0151
vn 0.0022 -0.9999 0.0151
vn 0.0022 -0.9990 0.0453
vn 0.0021 -0.9966 0.0830
vn 0.0022 -0.9965 0.0830
vn -0.0022 -0.9936 0.1130
vn -0.0065 -0.9886 0.1505
vn -0.0109 -0.9836 0.1802
vn -0.0153 -0.9760 0.2172
vn -0.0109 -0.9690 0.2466
vn -0.0022 -0.9612 0.2758
vn -0.0022 -0.9501 0.3119
vn 0.0022 -0.9403 0.3404
vn 0.0022 -0.9210 0.3896
vn 0.0022 -0.9210 0.3897
vn 0.0022 -0.9119 0.4104
vn -0.9908 0.0707 0.1150
vn -0.9986 -0.0000 0.0524
vn -0.9986 0.0213 0.0479
vn -0.9972 -0.0691 0.0271
vn -0.9976 -0.0644 0.0272
vn -0.9986 -0.0498 0.0162
vn -0.9958 -0.0880 0.0255
vn -0.9988 -0.0438 -0.0196
vn -0.9969 -0.0692 -0.0372
vn -0.9986 -0.0364 -0.0377
vn -0.9945 -0.0740 -0.0740
vn -0.9992 -0.0378 -0.0108
vn -0.9988 -0.0452 0.0162
vn -0.9972 -0.0731 0.0129
vn -0.9972 -0.0736 -0.0092
vn -0.9988 -0.0403 -0.0261
vn -0.9986 -0.0471 0.0230
vn -0.9962 -0.0835 0.0256
vn -0.9945 -0.1023 0.0222
vn -0.9950 -0.0999 0.0092
vn -0.9954 -0.0951 -0.0130
vn -0.9954 -0.0919 -0.0275
vn -0.9972 -0.0703 -0.0236
vn -0.9976 -0.0679 -0.0166
vn -0.9978 -0.0652 0.0073
vn -0.9979 -0.0618 0.0216
vn -0.9998 -0.0124 0.0123
vn -0.9997 -0.0136 0.0224
vn -0.9976 0.0669 0.0202
vn -0.9998 -0.0124 -0.0123
vn -0.9972 -0.0676 -0.0305
vn -0.9995 -0.0105 -0.0287
vn -0.9966 0.0809 -0.0184
vn -0.9954 0.0920 -0.0275
vn -0.9976 0.0696 0.0056
vn -0.9781 0.2081 0.0057
vn -0.9743 0.2246 0.0168
vn -0.9380 0.3461 0.0188
vn -0.9772 0.2116 -0.0187
vn -0.9439 0.3300 0.0075
vn -0.9439 0.3294 0.0225
vn -0.9523 0.3050 0.0131
vn -0.9523 0.3043 -0.0244
vn -0.9425 0.3334 -0.0245
vn -0.9380 0.3441 -0.0412
vn -0.9733 0.2275 -0.0300
vn -0.9681 0.2500 0.0187
vn -0.9670 0.2541 -0.0207
vn -0.9395 0.3390 -0.0487
vn -0.9623 0.2717 -0.0094
vn -0.9702 0.2391 -0.0392
vn -0.9647 0.2629 0.0150
vn -0.9691 0.2451 0.0263
vn 0.0153 0.7484 0.6631
vn 0.0153 0.7484 0.6630
vn 0.0240 0.7728 0.6342
vn 0.0328 0.9496 0.3118
vn 0.0328 0.9472 0.3189
vn -0.7001 0.2614 -0.6644
vn -0.8499 0.3335 -0.4079
vn -0.7710 0.2319 -0.5931
vn -0.9365 0.2419 -0.2539
vn -0.9004 0.1080 -0.4213
vn -0.9713 0.1119 -0.2101
vn -0.9061 -0.0263 -0.4223
vn -0.9762 -0.0150 -0.2163
vn -0.8545 -0.2156 -0.4725
vn -0.9647 -0.1548 -0.2131
vn -0.6215 -0.4798 -0.6193
vn -0.8721 -0.3811 -0.3068
vn -0.2486 -0.7124 -0.6563
vn -0.3933 -0.8291 -0.3975
vn 0.3933 -0.8525 -0.3444
vn 0.2781 -0.7527 -0.5968
vn 0.8985 -0.3826 -0.2151
vn 0.7186 -0.5062 -0.4768
vn 0.9753 -0.1311 -0.1779
vn 0.9115 -0.1755 -0.3719
vn 0.9733 -0.0038 -0.2295
vn 0.9042 -0.0189 -0.4267
vn 0.9681 0.1098 -0.2254
vn 0.8847 0.1014 -0.4550
vn 0.9365 0.2432 -0.2526
vn 0.7955 0.2354 -0.5584
vn 0.8656 0.3320 -0.3748
vn 0.7395 0.2715 -0.6160
vn -0.4012 0.6128 0.6808
vn -0.9365 0.2419 -0.2538
vn -0.8764 0.4012 0.2664
vn -0.9439 0.2253 0.2412
vn -0.9713 0.1119 -0.2100
vn -0.9702 0.0738 0.2307
vn -0.9762 -0.0149 -0.2162
vn -0.9723 -0.0447 0.2294
vn -0.9612 -0.1555 0.2280
vn -0.9647 -0.1548 -0.2130
vn -0.8722 -0.3812 -0.3067
vn -0.8947 -0.3480 0.2802
vn -0.3731 -0.7765 0.5078
vn -0.3932 -0.8291 -0.3975
vn 0.0328 0.9496 0.3117
vn 0.0240 0.9996 -0.0151
vn -0.0022 0.9990 0.0453
vn 0.8657 0.3320 -0.3747
vn 0.9365 0.2433 -0.2526
vn 0.3972 0.6196 0.6770
vn 0.8785 0.3928 0.2718
vn 0.9599 0.1865 0.2091
vn 0.9635 -0.0227 0.2666
vn 0.9658 -0.1430 0.2161
vn 0.8985 -0.3826 -0.2150
vn 0.8985 -0.3472 0.2685
vn 0.3771 -0.7805 0.4985
vn -0.3730 -0.7765 0.5078
vn 0.5653 -0.0905 0.8199
vn 0.9079 -0.3866 0.1622
vn 0.6385 -0.0000 0.7697
vn 0.9468 -0.2972 0.1236
vn 0.6875 0.2302 0.6887
vn 0.9840 -0.1555 0.0869
vn 0.6907 0.4121 0.5943
vn 0.9890 -0.0000 0.1480
vn 0.6843 0.4550 0.5698
vn 0.9410 0.3009 0.1548
vn 0.5176 0.7104 0.4769
vn 0.9575 0.2694 0.1034
vn 0.6146 0.7543 0.2308
vn 0.9995 0.0209 0.0223
vn 0.7001 0.6615 0.2688
vn 0.9995 -0.0000 0.0306
vn 0.6875 0.5980 0.4120
vn 0.9981 -0.0418 0.0445
vn 0.7155 0.5065 0.4811
vn 0.6938 0.4881 0.5295
vn 0.9350 -0.3350 0.1168
vn 0.9599 -0.2651 0.0909
vn 0.9855 -0.1650 0.0393
vn 0.9908 -0.1342 0.0151
vn 0.9925 -0.1216 0.0094
vn 0.9962 -0.0873 -0.0000
vn 0.9954 -0.0960 -0.0019
vn 0.9969 -0.0758 -0.0206
vn 0.9966 -0.0552 0.0619
vn 0.6650 0.3751 0.6459
vn 0.9966 -0.0829 0.0019
vn -0.0022 -0.1803 0.9836
vn -0.0851 -0.1355 0.9871
vn -0.0022 -0.1802 0.9836
vn 0.0807 -0.1356 0.9875
vn -0.0851 -0.3261 0.9415
vn 0.0807 -0.3334 0.9393
vn 0.3115 -0.2170 0.9251
vn -0.1847 -0.3752 0.9083
vn 0.2655 -0.1355 0.9545
vn -0.3852 -0.2096 0.8987
vn 0.2739 -0.0302 0.9613
vn -0.3892 -0.0603 0.9192
vn 0.2401 0.0302 0.9703
vn -0.4053 0.0679 0.9117
vn 0.1674 0.1355 0.9765
vn -0.3932 0.2676 0.8796
vn 0.2189 0.3541 0.9092
vn -0.2444 0.4501 0.8589
vn 0.0720 0.4308 0.8996
vn 0.0372 0.4101 0.9113
vn -0.0589 0.4375 0.8973
vn -0.0371 0.4170 0.9081
vn 0.2529 0.4434 0.8599
vn 0.8785 0.3929 0.2719
vn 0.9599 0.1864 0.2092
vn 0.1975 -0.3682 0.9085
vn 0.3771 -0.7805 0.4986
vn -0.8946 -0.3480 0.2803
vn -0.9611 -0.1555 0.2281
vn -0.9723 -0.0447 0.2295
vn -0.9702 0.0738 0.2308
vn -0.9439 0.2253 0.2413
vn -0.4013 0.6128 0.6808
vn 0.3973 0.6196 0.6770
vn 0.8985 -0.3472 0.2686
vn 0.4053 -0.2168 0.8881
vn 0.9658 -0.1430 0.2162
vn 0.3609 -0.0528 0.9311
vn 0.9635 -0.0227 0.2667
vn 0.3527 0.0529 0.9342
vn 0.4053 0.2750 0.8719
vn -0.2189 0.3612 0.9064
vn -0.1242 0.1429 0.9819
vn -0.2103 0.0377 0.9769
vn -0.2655 -0.0377 0.9634
vn -0.2486 -0.1429 0.9580
vn -0.3073 -0.2096 0.9282
vn 0.0022 0.4847 -0.8747
vn 0.0371 0.0754 -0.9965
vn -0.0196 0.0830 -0.9964
vn 0.0284 0.1579 -0.9871
vn -0.0066 0.1579 -0.9874
vn -0.0807 -0.0075 -0.9967
vn 0.0720 -0.0226 -0.9971
vn 0.0720 -0.0227 -0.9971
vn 0.0851 -0.0189 -0.9962
vn 0.0808 -0.0189 -0.9966
vn 0.1372 -0.0076 -0.9905
vn 0.1975 -0.1055 -0.9746
vn 0.1932 -0.0980 -0.9762
vn 0.2146 -0.1615 -0.9632
vn 0.2146 -0.1466 -0.9656
vn 0.0677 -0.0604 -0.9959
vn 0.1025 -0.0453 -0.9937
vn -0.0633 -0.0641 -0.9959
vn 0.0066 0.2025 -0.9793
vn -0.1025 -0.0453 -0.9937
vn -0.2316 -0.1578 -0.9599
vn -0.2401 -0.1653 -0.9566
vn -0.2444 -0.0942 -0.9651
vn -0.2402 -0.0829 -0.9672
vn -0.1803 -0.0113 -0.9835
vn -0.1760 -0.0113 -0.9843
vn -0.1155 -0.0189 -0.9931
vn -0.1112 -0.0189 -0.9936
vn 0.0633 0.4743 -0.8781
vn 0.0022 0.3476 -0.9377
vn -0.0153 0.3047 -0.9523
vn -0.0372 0.0679 -0.9970
vn -0.0415 0.0829 -0.9957
vn -0.0284 0.0151 -0.9995
vn -0.0546 0.0415 -0.9976
vn -0.0721 0.0075 -0.9974
vn -0.0720 0.0076 -0.9974
vn -0.0415 0.0151 -0.9990
vn -0.0022 0.0076 -1.0000
vn -0.0022 0.0075 -1.0000
vn 0.0065 -0.2173 -0.9761
vn 0.0066 -0.2246 -0.9744
vn 0.0066 -0.0076 -1.0000
vn 0.0066 -0.0076 -0.9999
vn 0.0066 0.1951 -0.9808
vn 0.0022 0.6107 -0.7918
vn -0.0022 0.6402 -0.7682
vn -0.9870 -0.1552 0.0426
vn -0.9876 -0.1232 0.0969
vn -0.9936 -0.0852 0.0747
vn -0.9743 -0.1559 0.1626
vn -0.9454 0.0225 0.3252
vn -0.9908 -0.0000 0.1350
vn -0.9186 0.2323 0.3198
vn -0.9870 0.0586 0.1500
vn -0.9988 -0.0382 0.0292
vn -0.9990 -0.0208 0.0385
vn -0.9988 -0.0334 0.0346
vn -0.9950 -0.0881 -0.0480
vn -0.9920 -0.0951 -0.0833
vn -0.9989 -0.0450 0.0161
vn -0.9998 -0.0000 0.0219
vn -0.9998 -0.0177 0.0128
vn -0.9877 0.1425 0.0651
vn -0.9753 0.2021 0.0893
vn -0.9495 0.2123 0.2309
vn -0.9647 0.2294 0.1295
vn -0.9896 -0.0580 0.1315
vn -0.9931 -0.0296 0.1139
vn -0.9855 -0.1359 0.1015
vn -0.9824 -0.1682 0.0813
vn -0.9733 -0.1987 0.1147
vn -0.9468 -0.2961 0.1262
vn -0.9380 -0.3129 0.1489
vn -0.9079 -0.3884 0.1578
vn -0.9060 -0.3875 0.1702
vn -0.9976 -0.0696 0.0056
vn -0.9962 -0.0872 0.0037
vn -0.9954 -0.0938 -0.0203
vn -0.9920 -0.1118 -0.0589
vn -0.9925 -0.1219 0.0056
vn -0.9914 -0.1303 0.0112
vn -0.9855 -0.1645 0.0409
vn -0.9599 -0.2646 0.0923
vn -0.9658 -0.2478 0.0758
vn -0.9349 -0.3345 0.1182
vn -0.9713 -0.2309 0.0577
vn -0.9883 -0.1494 0.0297
vn -0.9743 -0.2204 0.0465
vn -0.9753 -0.2175 0.0392
vn -0.9647 -0.2595 0.0449
vn -0.9658 -0.2562 0.0393
vn -0.9599 -0.2729 0.0634
vn -0.9611 -0.2683 0.0650
vn -0.9562 -0.2827 0.0761
vn -0.9439 -0.3135 0.1034
vn -0.9930 -0.1135 -0.0314
vn -0.9936 -0.1124 -0.0148
vn -0.9902 -0.1383 0.0168
vn -0.9902 -0.1378 -0.0205
vn -0.9902 -0.1394 0.0019
vn -0.9762 -0.2164 0.0112
vn -0.9772 -0.2109 0.0262
vn -0.9670 -0.2538 0.0244
vn -0.9647 -0.2617 0.0300
vn -0.9890 -0.1419 -0.0422
vn -0.9733 -0.2217 -0.0594
vn -0.9799 -0.1958 -0.0392
vn -0.9670 -0.2499 -0.0505
vn -0.9702 -0.2377 -0.0466
vn -0.9723 -0.2308 -0.0373
vn -0.9790 -0.2024 -0.0243
vn -0.9807 -0.1948 -0.0149
vn -0.9772 -0.2124 0.0037
vn -0.9670 -0.2548 0.0094
vn -0.9681 -0.2493 -0.0262
vn -0.9733 -0.2290 -0.0150
vn -0.9723 -0.2333 -0.0150
vn -0.9723 -0.2337 -0.0076
vn -0.9658 -0.2592 0.0019
vn -0.9816 -0.1765 -0.0731
vn -0.9855 -0.1548 -0.0692
vn -0.9816 -0.1793 -0.0661
vn -0.9496 -0.3017 -0.0854
vn -0.9482 -0.3080 -0.0780
vn 0.4053 -0.8511 0.3337
vn 0.7765 -0.5924 0.2147
vn 0.9936 0.0511 0.1012
vn 0.9972 -0.0545 0.0504
vn 0.9981 -0.0553 0.0260
vn 0.9954 -0.0892 0.0354
vn 0.9986 -0.0466 -0.0240
vn 0.9972 -0.0655 -0.0349
vn 0.9981 -0.0419 -0.0446
vn 0.9954 -0.0658 -0.0699
vn 0.9990 -0.0281 -0.0335
vn 0.9992 -0.0363 -0.0150
vn 0.9954 -0.0825 0.0491
vn 0.9976 -0.0617 -0.0327
vn 0.9972 -0.0730 -0.0133
vn 0.9972 -0.0722 0.0171
vn 0.9979 -0.0567 0.0328
vn 0.9950 -0.0952 -0.0317
vn 0.9954 -0.0944 -0.0171
vn 0.9950 -0.0995 0.0133
vn 0.9958 -0.0867 0.0298
vn 0.9950 -0.0982 0.0207
vn 0.9976 -0.0689 -0.0113
vn 0.9979 -0.0645 0.0114
vn 0.9979 -0.0627 0.0188
vn 0.9972 -0.0688 -0.0281
vn 0.9995 -0.0113 -0.0284
vn 0.9998 -0.0076 -0.0157
vn 0.9998 -0.0136 0.0109
vn 0.9954 0.0928 -0.0245
vn 0.9966 0.0819 -0.0132
vn 0.9972 0.0736 0.0096
vn 0.9997 -0.0077 0.0250
vn 0.9972 0.0701 0.0244
vn 0.9723 0.2322 -0.0264
vn 0.9762 0.2162 -0.0151
vn 0.9781 0.2079 0.0094
vn 0.9753 0.2200 0.0208
vn 0.9425 0.3342 0.0038
vn 0.9286 0.3708 0.0151
vn 0.9425 0.3332 -0.0264
vn 0.9509 0.3081 -0.0283
vn 0.9482 0.3174 0.0151
vn 0.9670 0.2539 -0.0226
vn 0.9647 0.2626 0.0208
vn 0.9587 0.2835 0.0227
vn 0.9658 0.2567 0.0359
vn 0.9349 0.3516 -0.0471
vn 0.9350 0.3506 -0.0546
vn 0.9702 0.2384 -0.0434
vn 0.9612 0.2759 -0.0057
vn 0.9318 0.3624 0.0189
vn 0.6875 0.1054 0.7185
vn 0.9966 -0.0736 0.0382
vn 0.7001 -0.1425 0.6997
vn 0.6938 -0.3606 0.6234
vn 0.9966 -0.0677 -0.0478
vn 0.7001 -0.5860 0.4080
vn 0.7306 -0.6608 0.1719
vn 0.9945 -0.1033 -0.0169
vn 0.9931 -0.1175 -0.0057
vn 0.9902 -0.1385 0.0151
vn 0.9883 -0.1500 0.0265
vn 0.9753 -0.2181 0.0359
vn 0.9743 -0.2195 0.0506
vn 0.9647 -0.2585 0.0507
vn 0.9599 -0.2733 0.0618
vn 0.9713 -0.2313 0.0561
vn 0.9612 -0.2672 0.0693
vn 0.9658 -0.2465 0.0800
vn 0.9439 -0.3145 0.1006
vn 0.9562 -0.2815 0.0803
vn 0.9920 -0.1247 -0.0206
vn 0.9902 -0.1386 -0.0151
vn 0.9883 -0.1466 -0.0413
vn 0.9733 -0.2230 -0.0543
vn 0.9790 -0.1932 -0.0652
vn 0.9733 -0.2166 -0.0759
vn 0.9902 -0.1394 -0.0000
vn 0.9762 -0.2162 0.0151
vn 0.9772 -0.2113 0.0227
vn 0.9670 -0.2539 0.0226
vn 0.9647 -0.2619 0.0283
vn 0.9670 -0.2548 0.0076
vn 0.9772 -0.2125 -0.0000
vn 0.9807 -0.1951 -0.0114
vn 0.9790 -0.2029 -0.0208
vn 0.9799 -0.1967 -0.0339
vn 0.9723 -0.2313 -0.0340
vn 0.9702 -0.2383 -0.0432
vn 0.9670 -0.2495 -0.0525
vn 0.9496 -0.3045 -0.0750
vn 0.9509 -0.2988 -0.0804
vn 0.9702 -0.2287 -0.0799
vn 0.9658 -0.2567 0.0358
vn 0.0415 0.5613 0.8266
vn 0.0284 0.6399 0.7679
vn 0.0415 0.5614 0.8265
vn 0.0284 0.6341 0.7727
vn 0.0153 0.6285 0.7777
vn 0.6385 -0.0000 0.7696
vn 0.0022 0.2025 0.9793
vn -0.0240 0.3403 0.9400
vn 0.6876 0.2301 0.6887
vn 0.0153 0.5365 0.8437
vn 0.6907 0.4121 0.5942
vn 0.0502 0.6573 0.7520
vn 0.6844 0.4550 0.5697
vn 0.0459 0.7123 0.7003
vn 0.5175 0.7104 0.4769
vn 0.0240 0.8670 0.4977
vn 0.6147 0.7542 0.2308
vn 0.0109 0.9591 0.2830
vn 0.7002 0.6614 0.2688
vn 0.0153 0.9294 0.3686
vn 0.6876 0.5979 0.4120
vn 0.0240 0.8436 0.5364
vn 0.7156 0.5065 0.4811
vn 0.0153 0.7824 0.6226
vn 0.6939 0.4881 0.5294
vn -0.0109 0.7281 0.6854
vn 0.6650 0.3750 0.6458
vn -0.0371 0.5362 0.8433
vn 0.6876 0.1054 0.7184
vn -0.0415 0.2170 0.9753
vn 0.7002 -0.1425 0.6996
vn -0.0240 -0.1429 0.9894
vn 0.6939 -0.3606 0.6233
vn -0.0022 -0.4580 0.8889
vn 0.7001 -0.5859 0.4080
vn 0.0109 -0.7871 0.6167
vn 0.7307 -0.6608 0.1718
vn 0.0109 -0.9744 0.2246
vn -0.0153 -0.9917 0.1280
vn 0.7766 -0.5923 0.2147
vn 0.9658 -0.2591 0.0057
vn 0.9723 -0.2337 -0.0038
vn 0.9723 -0.2336 -0.0111
vn 0.9733 -0.2289 -0.0170
vn 0.9681 -0.2489 -0.0302
vn -0.9972 -0.0704 -0.0236
vn -0.0459 -0.9786 0.2007
vn -0.9855 -0.1646 0.0409
vn -0.9972 -0.0677 -0.0305
vn -0.9954 -0.0920 -0.0275
vn -0.9950 -0.0999 0.0093
vn -0.9425 0.3333 -0.0244
vn 0.9733 -0.2230 -0.0542
vn 0.9958 -0.0867 0.0297
vn 0.9979 -0.0567 0.0327
vn 0.9972 -0.0722 0.0170
vn 0.9998 -0.0137 0.0109
vn 0.9997 -0.0077 0.0251
vn 0.9723 0.2323 -0.0264
vn 0.9350 0.3516 -0.0471
vn 0.9753 -0.2180 0.0359
vn 0.9772 -0.2112 0.0227
vt 0.530815 0.815914
vt 0.531002 0.815914
vt 0.530721 0.816206
vt 0.531002 0.816206
vt 0.545138 0.815914
vt 0.545138 0.816206
vt 0.559554 0.815972
vt 0.559554 0.816148
vt 0.573971 0.815972
vt 0.573971 0.816148
vt 0.588387 0.815972
vt 0.588387 0.816148
vt 0.602897 0.815972
vt 0.602897 0.816148
vt 0.617314 0.815972
vt 0.617314 0.816148
vt 0.631824 0.815972
vt 0.631824 0.816148
vt 0.646334 0.815972
vt 0.646334 0.816148
vt 0.660751 0.815972
vt 0.660751 0.816148
vt 0.675261 0.815972
vt 0.675261 0.816148
vt 0.689677 0.815972
vt 0.689677 0.816148
vt 0.704094 0.815972
vt 0.704094 0.816148
vt 0.718510 0.815972
vt 0.718510 0.816148
vt 0.732927 0.815972
vt 0.732927 0.816148
vt 0.747250 0.815972
vt 0.747250 0.816148
vt 0.761479 0.815972
vt 0.761479 0.816148
vt 0.775802 0.815972
vt 0.775802 0.816148
vt 0.790031 0.815972
vt 0.790031 0.816148
vt 0.804354 0.815972
vt 0.804354 0.816148
vt 0.818677 0.815972
vt 0.818677 0.816148
vt 0.834685 0.816206
vt 0.834685 0.815914
vt 0.525011 0.605487
vt 0.520330 0.612279
vt 0.517615 0.601681
vt 0.476613 0.602852
vt 0.473711 0.607771
vt 0.463413 0.617021
vt 0.452741 0.603087
vt 0.399475 0.629200
vt 0.390675 0.593660
vt 0.372046 0.634411
vt 0.371016 0.596178
vt 0.399569 0.638743
vt 0.461915 0.630429
vt 0.508909 0.626038
vt 0.455737 0.658006
vt 0.399943 0.656015
vt 0.368395 0.643076
vt 0.493744 0.650043
vt 0.486723 0.664973
vt 0.481574 0.689623
vt 0.447124 0.690852
vt 0.400879 0.692492
vt 0.373544 0.693253
vt 0.372327 0.652678
vt 0.401066 0.717317
vt 0.447124 0.715853
vt 0.480170 0.714682
vt 0.447873 0.733418
vt 0.480170 0.731954
vt 0.482604 0.749226
vt 0.401254 0.735408
vt 0.374667 0.718019
vt 0.374761 0.736638
vt 0.401534 0.753559
vt 0.375884 0.755198
vt 0.448435 0.751041
vt 0.449746 0.768313
vt 0.487472 0.768664
vt 0.497301 0.796592
vt 0.402751 0.768899
vt 0.452835 0.793197
vt 0.498612 0.802623
vt 0.452928 0.799871
vt 0.404624 0.795948
vt 0.404530 0.790620
vt 0.368957 0.788630
vt 0.372421 0.769601
vt 0.449558 0.818197
vt 0.405747 0.816792
vt 0.368676 0.791791
vt 0.407900 0.841266
vt 0.385246 0.814684
vt 0.451618 0.842495
vt 0.478298 0.821476
vt 0.734612 0.729436
vt 0.770840 0.729085
vt 0.738731 0.756954
vt 0.767096 0.756779
vt 0.743224 0.790679
vt 0.762228 0.789918
vt 0.303521 0.640558
vt 0.305206 0.646355
vt 0.293785 0.666788
vt 0.296126 0.669247
vt 0.288824 0.691496
vt 0.292100 0.691321
vt 0.287888 0.708534
vt 0.291164 0.707480
vt 0.290696 0.726977
vt 0.294628 0.724518
vt 0.293317 0.741966
vt 0.296219 0.738453
vt 0.299777 0.750807
vt 0.301836 0.746123
vt 0.330763 0.746240
vt 0.332822 0.750807
vt 0.336005 0.738570
vt 0.339094 0.741615
vt 0.337784 0.724167
vt 0.341903 0.726509
vt 0.340873 0.706953
vt 0.344430 0.708066
vt 0.339843 0.690911
vt 0.343213 0.690969
vt 0.336192 0.668838
vt 0.338813 0.666437
vt 0.326644 0.646296
vt 0.328329 0.640558
vt 0.554593 0.655898
vt 0.665244 0.684002
vt 0.547665 0.679669
vt 0.655040 0.692199
vt 0.646334 0.708241
vt 0.541019 0.701157
vt 0.637347 0.729788
vt 0.536244 0.716672
vt 0.632760 0.744893
vt 0.629016 0.760819
vt 0.531377 0.733593
vt 0.523513 0.745596
vt 0.628173 0.779906
vt 0.631637 0.798466
vt 0.518364 0.754027
vt 0.806226 0.554315
vt 0.806413 0.535286
vt 0.850037 0.554608
vt 0.850131 0.534408
vt 0.559554 0.634820
vt 0.671235 0.657947
vt 0.563767 0.610464
vt 0.665338 0.646238
vt 0.664589 0.624223
vt 0.567418 0.588332
vt 0.569571 0.572407
vt 0.668708 0.588859
vt 0.672171 0.572934
vt 0.572567 0.555135
vt 0.571162 0.540439
vt 0.679660 0.555486
vt 0.690801 0.540556
vt 0.569665 0.531129
vt 0.692954 0.508939
vt 0.692579 0.394475
vt 0.707464 0.388503
vt 0.692579 0.394592
vt 0.707838 0.390318
vt 0.693047 0.395939
vt 0.709430 0.397695
vt 0.696792 0.401208
vt 0.730961 0.428551
vt 0.720663 0.427965
vt 0.757453 0.458528
vt 0.747062 0.458294
vt 0.789656 0.466549
vt 0.793682 0.471526
vt 0.821860 0.474863
vt 0.826540 0.482124
vt 0.843952 0.480367
vt 0.847135 0.493248
vt 0.874845 0.503787
vt 0.860709 0.504372
vt 0.878683 0.521410
vt 0.721038 0.383878
vt 0.721787 0.385751
vt 0.741165 0.390845
vt 0.763351 0.428844
vt 0.812124 0.429136
vt 0.826727 0.462275
vt 0.919779 0.480133
vt 0.955353 0.532125
vt 0.903023 0.539385
vt 0.892070 0.537043
vt 0.785163 0.460109
vt 0.732084 0.723581
vt 0.773836 0.723640
vt 0.734893 0.714155
vt 0.770747 0.713979
vt 0.781887 0.694892
vt 0.776270 0.695126
vt 0.784227 0.675278
vt 0.778516 0.675337
vt 0.784508 0.658182
vt 0.780576 0.658123
vt 0.784321 0.641027
vt 0.780576 0.641085
vt 0.781419 0.616085
vt 0.777393 0.616202
vt 0.778142 0.591318
vt 0.771215 0.598637
vt 0.776831 0.575041
vt 0.768313 0.585697
vt 0.728246 0.575217
vt 0.736578 0.585756
vt 0.733395 0.598637
vt 0.736484 0.602443
vt 0.729744 0.622408
vt 0.729276 0.695419
vt 0.737046 0.710349
vt 0.768500 0.710115
vt 0.772432 0.691906
vt 0.774491 0.673287
vt 0.776363 0.657303
vt 0.776363 0.641788
vt 0.774210 0.619071
vt 0.768406 0.602384
vt 0.765785 0.590030
vt 0.739105 0.590030
vt 0.733301 0.692199
vt 0.727029 0.675688
vt 0.731335 0.673639
vt 0.725063 0.658533
vt 0.729369 0.657596
vt 0.725250 0.641378
vt 0.726935 0.616260
vt 0.726655 0.591377
vt 0.723004 0.616260
vt 0.721412 0.641378
vt 0.721131 0.658533
vt 0.721038 0.675688
vt 0.723565 0.695243
vt 0.291351 0.624750
vt 0.340592 0.624691
vt 0.345928 0.664739
vt 0.286764 0.665208
vt 0.283581 0.689974
vt 0.283488 0.708710
vt 0.284517 0.727211
vt 0.287139 0.741849
vt 0.293598 0.760526
vt 0.339281 0.760467
vt 0.337877 0.763980
vt 0.345179 0.741439
vt 0.347894 0.726743
vt 0.349017 0.708124
vt 0.348175 0.689506
vt 0.315036 0.362917
vt 0.315129 0.362917
vt 0.314848 0.363034
vt 0.314755 0.363034
vt 0.315972 0.365025
vt 0.314755 0.364966
vt 0.317469 0.372109
vt 0.313444 0.372168
vt 0.308295 0.408820
vt 0.322244 0.409347
vt 0.327393 0.465320
vt 0.301742 0.464383
vt 0.332260 0.513740
vt 0.297717 0.513330
vt 0.336379 0.567196
vt 0.295658 0.567371
vt 0.339843 0.605253
vt 0.291726 0.605253
vt 0.339750 0.614562
vt 0.291726 0.614504
vt 0.295096 0.763746
vt 0.332916 0.792318
vt 0.299683 0.792084
vt 0.326363 0.826687
vt 0.306142 0.827097
vt 0.463788 0.598227
vt 0.454239 0.586517
vt 0.437950 0.573695
vt 0.448997 0.572641
vt 0.449558 0.558004
vt 0.445439 0.545415
vt 0.455456 0.542898
vt 0.469217 0.527148
vt 0.473336 0.509817
vt 0.488033 0.510637
vt 0.501607 0.499806
vt 0.392828 0.538038
vt 0.368395 0.542664
vt 0.504229 0.486339
vt 0.521828 0.488447
vt 0.526321 0.480953
vt 0.554593 0.477908
vt 0.558524 0.472814
vt 0.601212 0.464266
vt 0.590728 0.464734
vt 0.628267 0.434406
vt 0.617314 0.434816
vt 0.651857 0.407473
vt 0.638845 0.404019
vt 0.655134 0.402321
vt 0.640436 0.396583
vt 0.655695 0.400916
vt 0.640811 0.394826
vt 0.655695 0.400798
vt 0.563018 0.466374
vt 0.521453 0.468364
vt 0.428402 0.486163
vt 0.367085 0.493833
vt 0.536151 0.435343
vt 0.584924 0.435108
vt 0.607110 0.397110
vt 0.626582 0.392016
vt 0.612352 0.388210
vt 0.627330 0.390142
vt 0.591851 0.382765
vt 0.569758 0.390904
vt 0.571350 0.379135
vt 0.550193 0.375564
vt 0.557682 0.373924
vt 0.543546 0.371992
vt 0.571818 0.376325
vt 0.585860 0.379077
vt 0.599808 0.382238
vt 0.613569 0.386044
vt 0.363059 0.437333
vt 0.449652 0.435928
vt 0.527632 0.386922
vt 0.429338 0.388737
vt 0.485600 0.385810
vt 0.507692 0.372168
vt 0.529036 0.373807
vt 0.515088 0.369592
vt 0.529317 0.370646
vt 0.359876 0.399745
vt 0.373450 0.387859
vt 0.401534 0.381594
vt 0.387492 0.382180
vt 0.401441 0.379018
vt 0.415483 0.376149
vt 0.429619 0.376735
vt 0.457983 0.373632
vt 0.486442 0.372402
vt 0.500952 0.369123
vt 0.429619 0.373807
vt 0.443848 0.371875
vt 0.458077 0.370528
vt 0.472306 0.369592
vt 0.486629 0.369123
vt 0.360345 0.392250
vt 0.359689 0.389967
vt 0.359689 0.389908
vt 0.359876 0.389850
vt 0.373544 0.385693
vt 0.815868 0.595827
vt 0.830472 0.597876
vt 0.829161 0.609117
vt 0.874002 0.601974
vt 0.884393 0.611108
vt 0.895065 0.596997
vt 0.948519 0.623403
vt 0.957318 0.587864
vt 0.975948 0.628614
vt 0.976322 0.590499
vt 0.979692 0.637280
vt 0.948519 0.632947
vt 0.886078 0.624633
vt 0.840208 0.620944
vt 0.974918 0.646589
vt 0.948238 0.650219
vt 0.892444 0.652151
vt 0.854624 0.644540
vt 0.974637 0.687339
vt 0.947395 0.686637
vt 0.901150 0.684880
vt 0.861271 0.659294
vt 0.866981 0.683533
vt 0.947208 0.711286
vt 0.901150 0.709647
vt 0.868198 0.708417
vt 0.973982 0.712106
vt 0.973514 0.730666
vt 0.947021 0.729319
vt 0.900495 0.726919
vt 0.972765 0.749226
vt 0.946740 0.747294
vt 0.899840 0.744249
vt 0.868105 0.725396
vt 0.866045 0.742259
vt 0.975854 0.763863
vt 0.945336 0.762575
vt 0.898248 0.761229
vt 0.860803 0.761170
vt 0.894785 0.785761
vt 0.849850 0.788395
vt 0.943089 0.784121
vt 0.942715 0.789449
vt 0.894410 0.792377
vt 0.940936 0.810234
vt 0.897125 0.810644
vt 0.894597 0.833479
vt 0.868573 0.812811
vt 0.978569 0.783185
vt 0.978662 0.786346
vt 0.961344 0.808536
vt 0.938128 0.835176
vt 0.849007 0.793782
vt 0.897312 0.551856
vt 0.910231 0.567723
vt 0.898342 0.566200
vt 0.893661 0.580311
vt 0.981471 0.536633
vt 0.884393 0.592606
vt 0.871100 0.597349
vt 0.983530 0.487334
vt 0.898529 0.429839
vt 0.820643 0.380657
vt 0.778610 0.384697
vt 0.798175 0.369299
vt 0.776925 0.372870
vt 0.790593 0.367601
vt 0.776551 0.370001
vt 0.756517 0.376559
vt 0.762415 0.372812
vt 0.736016 0.381946
vt 0.734799 0.379779
vt 0.748560 0.376032
vt 0.985777 0.430951
vt 0.919030 0.382590
vt 0.988398 0.393773
vt 0.974918 0.381770
vt 0.988211 0.386044
vt 0.988585 0.383936
vt 0.862769 0.379662
vt 0.840676 0.365962
vt 0.819332 0.367542
vt 0.833280 0.363385
vt 0.818958 0.364381
vt 0.847510 0.362917
vt 0.861926 0.366196
vt 0.890385 0.367484
vt 0.918843 0.370587
vt 0.946834 0.375447
vt 0.932885 0.370001
vt 0.946927 0.372870
vt 0.960969 0.376032
vt 0.974918 0.379604
vt 0.988492 0.383819
vt 0.988679 0.383878
vt 0.804728 0.365786
vt 0.775895 0.512921
vt 0.772057 0.531247
vt 0.731054 0.521410
vt 0.730867 0.529666
vt 0.774866 0.547113
vt 0.729276 0.547113
vt 0.244638 0.366313
vt 0.244732 0.366430
vt 0.244357 0.366313
vt 0.244264 0.366430
vt 0.245200 0.367835
vt 0.243796 0.367894
vt 0.246230 0.374217
vt 0.242953 0.373983
vt 0.251940 0.409757
vt 0.237149 0.409288
vt 0.252408 0.449629
vt 0.236494 0.449394
vt 0.257276 0.497932
vt 0.231907 0.497932
vt 0.257838 0.532652
vt 0.231251 0.532652
vt 0.258118 0.556364
vt 0.230409 0.556071
vt 0.259616 0.573753
vt 0.229473 0.573285
vt 0.260833 0.598286
vt 0.228630 0.597876
vt 0.261208 0.618602
vt 0.227881 0.618309
vt 0.262799 0.633942
vt 0.226852 0.634001
vt 0.263923 0.647994
vt 0.224979 0.648170
vt 0.265233 0.662748
vt 0.223388 0.662690
vt 0.265701 0.677971
vt 0.222452 0.677737
vt 0.266450 0.691672
vt 0.222077 0.691730
vt 0.221890 0.732949
vt 0.266356 0.732130
vt 0.268135 0.746123
vt 0.861739 0.362976
vt 0.876062 0.363385
vt 0.890291 0.364322
vt 0.904614 0.365727
vt 0.918750 0.367660
vt 0.222920 0.740678
vt 0.571443 0.501796
s 1
usemtl Material_0.001
f 1/1/1 2/2/2 3/3/1
f 2/2/2 4/4/3 3/3/1
f 2/2/2 5/5/4 4/4/3
f 5/5/4 6/6/4 4/4/3
f 5/5/4 7/7/5 6/6/4
f 7/7/5 8/8/5 6/6/4
f 7/7/5 9/9/6 8/8/5
f 9/9/6 10/10/6 8/8/5
f 9/9/6 11/11/7 10/10/6
f 11/11/7 12/12/7 10/10/6
f 11/11/7 13/13/8 12/12/7
f 13/13/8 14/14/8 12/12/7
f 13/13/8 15/15/9 14/14/8
f 15/15/9 16/16/9 14/14/8
f 15/15/9 17/17/10 16/16/9
f 17/17/10 18/18/10 16/16/9
f 17/17/10 19/19/11 18/18/10
f 19/19/11 20/20/11 18/18/10
f 19/19/11 21/21/12 20/20/11
f 21/21/12 22/22/12 20/20/11
f 21/21/12 23/23/13 22/22/12
f 23/23/13 24/24/13 22/22/12
f 23/23/13 25/25/14 24/24/13
f 25/25/14 26/26/15 24/24/13
f 25/25/14 27/27/16 26/26/15
f 27/27/16 28/28/16 26/26/15
f 27/27/16 29/29/17 28/28/16
f 29/29/17 30/30/17 28/28/16
f 29/29/17 31/31/18 30/30/17
f 31/31/18 32/32/18 30/30/17
f 31/31/18 33/33/19 32/32/18
f 33/33/19 34/34/19 32/32/18
f 33/33/19 35/35/20 34/34/19
f 35/35/20 36/36/20 34/34/19
f 35/35/20 37/37/21 36/36/20
f 37/37/21 38/38/21 36/36/20
f 37/37/21 39/39/22 38/38/21
f 39/39/22 40/40/22 38/38/21
f 39/39/22 41/41/23 40/40/22
f 41/41/23 42/42/23 40/40/22
f 41/41/23 43/43/24 42/42/23
f 43/43/24 44/44/25 42/42/23
f 44/44/25 43/43/24 45/45/26
f 43/43/24 46/46/26 45/45/26
f 47/47/27 48/48/28 49/49/29
f 48/48/28 50/50/30 49/49/29
f 50/50/30 48/48/28 51/51/31
f 48/48/28 52/52/32 51/51/31
f 51/51/31 52/52/32 53/53/33
f 52/52/32 54/54/34 53/53/33
f 53/53/33 54/54/34 55/55/35
f 54/54/34 56/56/36 55/55/35
f 55/55/35 56/56/36 57/57/37
f 56/56/36 54/54/34 58/58/38
f 54/54/34 52/52/32 58/58/38
f 58/58/38 52/52/32 59/59/39
f 52/52/32 48/48/28 59/59/39
f 59/59/39 48/48/28 60/60/31
f 60/60/31 61/61/40 59/59/39
f 61/61/40 62/62/41 59/59/39
f 59/59/39 62/62/41 58/58/38
f 62/62/41 63/63/42 58/58/38
f 58/58/38 63/63/42 56/56/36
f 60/60/31 64/64/43 61/61/40
f 64/64/43 65/65/44 61/61/40
f 61/61/40 65/65/44 66/66/45
f 66/66/45 67/67/46 61/61/40
f 67/67/46 68/68/47 61/61/40
f 61/61/40 68/68/47 62/62/41
f 68/68/47 69/69/48 62/62/41
f 62/62/41 69/69/48 70/70/49
f 69/69/48 68/68/47 71/71/50
f 68/68/47 67/67/46 71/71/50
f 71/71/50 67/67/46 72/72/51
f 67/67/46 73/73/52 72/72/51
f 72/72/51 73/73/52 74/74/53
f 73/73/52 75/75/54 74/74/53
f 74/74/53 75/75/54 76/76/55
f 72/72/51 74/74/53 71/71/50
f 74/74/53 77/77/56 71/71/50
f 71/71/50 77/77/56 78/78/57
f 77/77/56 79/79/58 78/78/57
f 74/74/53 80/80/59 77/77/56
f 80/80/59 81/81/60 77/77/56
f 77/77/56 81/81/60 79/79/58
f 80/80/59 74/74/53 82/82/61
f 74/74/53 76/76/55 82/82/61
f 82/82/61 76/76/55 83/83/62
f 76/76/55 84/84/63 83/83/62
f 83/83/62 84/84/63 85/85/64
f 80/80/59 82/82/61 86/86/65
f 82/82/61 83/83/62 86/86/65
f 86/86/65 83/83/62 87/87/66
f 83/83/62 85/85/64 87/87/66
f 87/87/66 85/85/64 88/88/67
f 88/88/67 89/89/68 87/87/66
f 89/89/68 90/90/69 87/87/66
f 87/87/66 90/90/69 91/91/70
f 90/90/69 92/92/71 91/91/70
f 91/91/70 92/92/71 86/86/65
f 92/92/71 93/93/72 86/86/65
f 86/86/65 93/93/72 80/80/59
f 93/93/72 81/81/60 80/80/59
f 88/88/67 94/94/73 89/89/68
f 94/94/73 95/95/74 89/89/68
f 89/89/68 95/95/74 90/90/69
f 95/95/74 96/96/75 90/90/69
f 90/90/69 96/96/75 92/92/71
f 94/94/73 97/97/76 95/95/74
f 97/97/76 98/98/77 95/95/74
f 95/95/74 98/98/77 96/96/75
f 97/97/76 94/94/73 99/99/78
f 94/94/73 100/100/79 99/99/78
f 101/101/80 102/102/81 103/103/82
f 102/102/81 104/104/82 103/103/82
f 103/103/82 104/104/82 105/105/83
f 104/104/82 106/106/84 105/105/83
f 107/107/85 108/108/86 109/109/87
f 108/108/86 110/110/88 109/109/87
f 109/109/87 110/110/88 111/111/89
f 110/110/88 112/112/90 111/111/89
f 111/111/89 112/112/90 113/113/91
f 112/112/90 114/114/92 113/113/91
f 113/113/91 114/114/92 115/115/93
f 114/114/92 116/116/94 115/115/93
f 115/115/93 116/116/94 117/117/95
f 116/116/94 118/118/96 117/117/95
f 117/117/95 118/118/96 119/119/97
f 118/118/96 120/120/98 119/119/97
f 119/119/97 120/120/98 121/121/99
f 119/119/97 121/121/99 122/122/100
f 121/121/99 123/123/101 122/122/100
f 122/122/100 123/123/101 124/124/102
f 123/123/101 125/125/103 124/124/102
f 124/124/102 125/125/103 126/126/104
f 125/125/103 127/127/105 126/126/104
f 126/126/104 127/127/105 128/128/106
f 127/127/105 129/129/107 128/128/106
f 128/128/106 129/129/107 130/130/108
f 129/129/107 131/131/109 130/130/108
f 130/130/108 131/131/109 132/132/110
f 131/131/109 133/133/111 132/132/110
f 132/132/110 133/133/111 134/134/112
f 135/135/86 136/136/113 137/137/114
f 136/136/113 138/138/115 137/137/114
f 137/137/114 138/138/115 139/139/116
f 137/137/114 139/139/116 140/140/117
f 139/139/116 141/141/118 140/140/117
f 140/140/117 141/141/118 142/142/119
f 141/141/118 143/143/120 142/142/119
f 142/142/119 143/143/120 144/144/121
f 142/142/119 144/144/121 145/145/122
f 144/144/121 146/146/123 145/145/122
f 144/144/121 147/147/124 146/146/123
f 147/147/124 148/148/125 146/146/123
f 146/146/123 148/148/125 149/149/126
f 150/150/127 151/151/84 152/152/128
f 151/151/84 153/153/128 152/152/128
f 154/154/129 155/155/129 156/135/129
f 155/155/129 157/136/129 156/135/129
f 158/154/130 159/156/131 160/155/132
f 159/156/131 161/157/133 160/155/132
f 161/157/133 159/156/131 162/158/134
f 159/156/131 163/159/107 162/158/134
f 162/158/134 163/159/107 164/160/105
f 162/158/134 164/160/105 165/161/135
f 164/160/105 166/162/136 165/161/135
f 164/160/105 167/163/103 166/162/136
f 167/163/103 168/164/137 166/162/136
f 166/162/136 168/164/137 169/165/138
f 168/164/137 170/166/139 169/165/138
f 168/164/137 171/167/99 170/166/139
f 171/167/99 172/168/140 170/166/139
f 173/169/141 174/170/142 175/171/143
f 174/170/142 176/172/144 175/171/143
f 175/171/143 176/172/144 177/173/145
f 176/172/144 178/174/146 177/173/145
f 177/173/145 178/174/146 179/175/147
f 178/174/146 180/176/148 179/175/147
f 179/175/147 180/176/148 181/177/149
f 180/176/148 182/178/150 181/177/149
f 181/177/149 182/178/150 183/179/151
f 182/178/150 184/180/152 183/179/151
f 183/179/151 184/180/152 185/181/153
f 184/180/152 186/182/154 185/181/153
f 185/181/153 186/182/154 187/183/155
f 186/182/154 188/184/156 187/183/155
f 187/183/155 188/184/156 189/185/157
f 188/184/156 190/186/158 189/185/157
f 189/185/157 190/186/158 191/187/159
f 190/186/158 192/188/160 191/187/159
f 174/170/142 193/189/161 176/172/144
f 193/189/161 194/190/162 176/172/144
f 176/172/144 194/190/162 178/174/146
f 194/190/162 195/191/163 178/174/146
f 178/174/146 195/191/163 196/192/164
f 195/191/163 197/193/165 196/192/164
f 196/192/164 197/193/165 198/194/166
f 197/193/165 199/195/167 198/194/166
f 198/194/166 199/195/167 188/184/156
f 199/195/167 200/196/168 188/184/156
f 188/184/156 200/196/168 190/186/158
f 200/196/168 201/197/169 190/186/158
f 190/186/158 201/197/169 192/188/160
f 201/197/169 202/198/170 192/188/160
f 188/184/156 186/182/154 198/194/166
f 186/182/154 203/199/171 198/194/166
f 198/194/166 203/199/171 196/192/164
f 203/199/171 180/176/148 196/192/164
f 196/192/164 180/176/148 178/174/146
f 186/182/154 184/180/152 203/199/171
f 184/180/152 182/178/150 203/199/171
f 203/199/171 182/178/150 180/176/148
f 204/101/172 205/200/173 206/102/174
f 205/200/173 207/201/175 206/102/174
f 205/200/173 208/202/176 207/201/175
f 208/202/176 209/203/177 207/201/175
f 207/201/175 209/203/177 210/204/178
f 209/203/177 211/205/179 210/204/178
f 210/204/178 211/205/179 212/206/180
f 211/205/179 213/207/181 212/206/180
f 212/206/180 213/207/181 214/208/182
f 213/207/181 215/209/183 214/208/182
f 214/208/182 215/209/183 216/210/184
f 215/209/183 217/211/185 216/210/184
f 216/210/184 217/211/185 218/212/186
f 217/211/185 219/213/187 218/212/186
f 218/212/186 219/213/187 220/214/188
f 219/213/187 221/215/189 220/214/188
f 220/214/188 221/215/189 222/216/190
f 221/215/189 223/217/191 222/216/190
f 222/216/190 223/217/191 224/218/192
f 223/217/191 225/219/193 224/218/192
f 224/218/192 225/219/193 226/220/194
f 225/219/193 227/221/195 226/220/194
f 226/220/194 227/221/195 228/222/196
f 205/200/173 229/223/197 208/202/176
f 229/223/197 230/224/198 208/202/176
f 208/202/176 230/224/198 209/203/177
f 230/224/198 231/225/125 209/203/177
f 209/203/177 231/225/125 211/205/179
f 231/225/125 232/226/199 211/205/179
f 211/205/179 232/226/199 213/207/181
f 232/226/199 233/227/200 213/207/181
f 213/207/181 233/227/200 215/209/183
f 233/227/200 234/228/201 215/209/183
f 215/209/183 234/228/201 217/211/185
f 234/228/201 235/229/202 217/211/185
f 217/211/185 235/229/202 219/213/187
f 235/229/202 236/230/203 219/213/187
f 219/213/187 236/230/203 221/215/189
f 236/230/203 237/231/115 221/215/189
f 221/215/189 237/231/115 223/217/191
f 237/231/115 238/232/204 223/217/191
f 223/217/191 238/232/204 239/233/205
f 230/224/198 229/223/197 240/234/206
f 229/223/197 241/235/207 240/234/206
f 240/234/206 241/235/207 242/236/208
f 241/235/207 243/237/209 242/236/208
f 242/236/208 243/237/209 244/238/210
f 243/237/209 245/239/211 244/238/210
f 244/238/210 245/239/211 228/222/196
f 245/239/211 246/240/212 228/222/196
f 228/222/196 246/240/212 226/220/194
f 246/240/212 247/241/213 226/220/194
f 226/220/194 247/241/213 224/218/192
f 247/241/213 246/240/212 248/242/214
f 246/240/212 245/239/211 248/242/214
f 248/242/214 245/239/211 249/243/215
f 245/239/211 243/237/209 249/243/215
f 249/243/215 243/237/209 250/244/216
f 243/237/209 241/235/207 250/244/216
f 250/244/216 241/235/207 251/245/217
f 241/235/207 229/223/197 251/245/217
f 251/245/217 229/223/197 252/246/218
f 229/223/197 205/200/173 252/246/218
f 253/108/219 254/107/220 255/133/219
f 254/107/220 256/134/221 255/133/219
f 254/107/220 257/247/222 256/134/221
f 257/247/222 258/248/223 256/134/221
f 256/134/221 258/248/223 259/249/224
f 257/247/222 254/107/220 260/250/225
f 254/107/220 261/109/226 260/250/225
f 260/250/225 261/109/226 262/111/227
f 260/250/225 262/111/227 263/251/228
f 262/111/227 264/252/229 263/251/228
f 262/111/227 265/113/229 264/252/229
f 265/113/229 266/115/230 264/252/229
f 264/252/229 266/115/230 267/253/231
f 266/115/230 268/254/232 267/253/231
f 266/115/230 269/117/233 268/254/232
f 269/117/233 270/255/234 268/254/232
f 269/117/233 271/119/235 270/255/234
f 271/119/235 272/256/236 270/255/234
f 270/255/234 272/256/236 273/257/237
f 271/119/235 274/122/238 272/256/236
f 274/122/238 275/124/239 272/256/236
f 272/256/236 275/124/239 276/258/240
f 275/124/239 277/126/241 276/258/240
f 276/258/240 277/126/241 278/259/242
f 277/126/241 279/260/243 278/259/242
f 277/126/241 280/128/244 279/260/243
f 280/128/244 281/130/245 279/260/243
f 279/260/243 281/130/245 282/261/246
f 281/130/245 259/249/224 282/261/246
f 281/130/245 283/132/224 259/249/224
f 283/132/224 256/134/221 259/249/224
f 284/262/247 285/263/248 286/264/247
f 285/263/248 287/265/249 286/264/247
f 285/263/248 288/266/250 287/265/249
f 288/266/250 289/267/251 287/265/249
f 288/266/250 290/268/252 289/267/251
f 290/268/252 291/269/252 289/267/251
f 291/269/252 290/268/252 292/270/253
f 290/268/252 293/271/253 292/270/253
f 292/270/253 293/271/253 294/272/254
f 292/270/253 294/272/254 295/273/255
f 294/272/254 296/274/256 295/273/255
f 295/273/255 296/274/256 297/275/256
f 296/274/256 298/276/257 297/275/256
f 297/275/256 298/276/257 299/277/258
f 298/276/257 300/278/259 299/277/258
f 299/277/258 300/278/259 301/279/260
f 300/278/259 302/280/261 301/279/260
f 301/279/260 302/280/261 303/281/262
f 302/280/261 258/248/223 303/281/262
f 303/281/262 258/248/223 257/247/222
f 270/255/234 273/257/237 304/282/263
f 273/257/237 305/283/264 304/282/263
f 304/282/263 305/283/264 306/284/264
f 305/283/264 307/285/265 306/284/264
f 306/284/264 307/285/265 308/286/265
f 223/217/191 239/233/205 225/219/193
f 239/233/205 227/221/195 225/219/193
f 50/50/30 51/51/31 309/287/266
f 51/51/31 53/53/33 309/287/266
f 309/287/266 53/53/33 310/288/267
f 53/53/33 311/289/268 310/288/267
f 310/288/267 311/289/268 312/290/269
f 311/289/268 313/291/270 312/290/269
f 53/53/33 55/55/35 311/289/268
f 55/55/35 314/292/271 311/289/268
f 311/289/268 314/292/271 313/291/270
f 314/292/271 315/293/272 313/291/270
f 315/293/272 314/292/271 316/294/273
f 314/292/271 317/295/274 316/294/273
f 316/294/273 317/295/274 318/296/275
f 317/295/274 319/297/276 318/296/275
f 317/295/274 314/292/271 320/298/277
f 314/292/271 55/55/35 320/298/277
f 320/298/277 55/55/35 321/299/278
f 55/55/35 57/57/37 321/299/278
f 320/298/277 322/300/279 317/295/274
f 322/300/279 319/297/276 317/295/274
f 319/297/276 322/300/279 323/301/280
f 322/300/279 324/302/281 323/301/280
f 323/301/280 324/302/281 325/303/282
f 324/302/281 326/304/283 325/303/282
f 325/303/282 326/304/283 327/305/284
f 326/304/283 328/306/285 327/305/284
f 327/305/284 328/306/285 329/307/286
f 328/306/285 330/308/287 329/307/286
f 329/307/286 330/308/287 331/309/288
f 330/308/287 332/310/289 331/309/288
f 331/309/288 332/310/289 333/311/290
f 332/310/289 334/312/291 333/311/290
f 333/311/290 334/312/291 335/313/292
f 334/312/291 336/314/293 335/313/292
f 335/313/292 336/314/293 337/315/294
f 328/306/285 326/304/283 338/316/295
f 326/304/283 324/302/281 338/316/295
f 338/316/295 324/302/281 339/317/296
f 324/302/281 322/300/279 339/317/296
f 339/317/296 322/300/279 340/318/297
f 322/300/279 320/298/277 340/318/297
f 340/318/297 320/298/277 341/319/298
f 320/298/277 321/299/278 341/319/298
f 340/318/297 342/320/299 339/317/296
f 342/320/299 343/321/300 339/317/296
f 339/317/296 343/321/300 338/316/295
f 343/321/300 330/308/287 338/316/295
f 338/316/295 330/308/287 328/306/285
f 342/320/299 344/322/301 343/321/300
f 344/322/301 332/310/289 343/321/300
f 343/321/300 332/310/289 330/308/287
f 344/322/301 345/323/302 332/310/289
f 345/323/302 334/312/291 332/310/289
f 344/322/301 346/324/303 345/323/302
f 346/324/303 347/325/304 345/323/302
f 345/323/302 347/325/304 334/312/291
f 347/325/304 336/314/293 334/312/291
f 346/324/303 344/322/301 348/326/305
f 344/322/301 349/327/306 348/326/305
f 348/326/305 349/327/306 350/328/307
f 349/327/306 351/329/308 350/328/307
f 350/328/307 351/329/308 352/330/309
f 351/329/308 353/331/310 352/330/309
f 352/330/309 354/332/311 350/328/307
f 354/332/311 355/333/312 350/328/307
f 350/328/307 355/333/312 348/326/305
f 355/333/312 356/334/313 348/326/305
f 348/326/305 356/334/313 346/324/303
f 356/334/313 357/335/314 346/324/303
f 346/324/303 357/335/314 347/325/304
f 341/319/298 358/336/315 340/318/297
f 358/336/315 359/337/316 340/318/297
f 340/318/297 359/337/316 342/320/299
f 359/337/316 360/338/317 342/320/299
f 342/320/299 360/338/317 349/327/306
f 360/338/317 351/329/308 349/327/306
f 358/336/315 361/339/318 359/337/316
f 361/339/318 362/340/319 359/337/316
f 359/337/316 362/340/319 360/338/317
f 362/340/319 363/341/320 360/338/317
f 360/338/317 363/341/320 364/342/321
f 363/341/320 365/343/322 364/342/321
f 364/342/321 365/343/322 366/344/323
f 366/344/323 353/331/310 364/342/321
f 353/331/310 351/329/308 364/342/321
f 364/342/321 351/329/308 360/338/317
f 358/336/315 367/345/324 361/339/318
f 367/345/324 368/346/325 361/339/318
f 361/339/318 368/346/325 369/347/326
f 368/346/325 370/348/327 369/347/326
f 369/347/326 370/348/327 371/349/328
f 371/349/328 372/350/329 369/347/326
f 372/350/329 373/351/330 369/347/326
f 369/347/326 373/351/330 361/339/318
f 373/351/330 374/352/331 361/339/318
f 361/339/318 374/352/331 362/340/319
f 374/352/331 375/353/332 362/340/319
f 362/340/319 375/353/332 363/341/320
f 375/353/332 376/354/333 363/341/320
f 363/341/320 376/354/333 365/343/322
f 372/350/329 377/355/334 373/351/330
f 377/355/334 378/356/335 373/351/330
f 373/351/330 378/356/335 374/352/331
f 378/356/335 379/357/336 374/352/331
f 374/352/331 379/357/336 380/358/337
f 374/352/331 380/358/337 375/353/332
f 380/358/337 381/359/338 375/353/332
f 375/353/332 381/359/338 376/354/333
f 367/345/324 382/360/339 368/346/325
f 382/360/339 383/361/340 368/346/325
f 368/346/325 383/361/340 384/362/341
f 384/362/341 385/363/342 368/346/325
f 385/363/342 386/364/343 368/346/325
f 368/346/325 386/364/343 370/348/327
f 387/365/344 388/366/345 389/367/346
f 388/366/345 390/368/347 389/367/346
f 389/367/346 390/368/347 391/369/348
f 390/368/347 392/370/349 391/369/348
f 391/369/348 392/370/349 393/371/350
f 392/370/349 394/372/351 393/371/350
f 393/371/350 394/372/351 395/373/352
f 394/372/351 396/374/353 395/373/352
f 395/373/352 397/375/354 393/371/350
f 397/375/354 398/376/355 393/371/350
f 393/371/350 398/376/355 391/369/348
f 398/376/355 399/377/348 391/369/348
f 391/369/348 399/377/348 389/367/346
f 399/377/348 400/378/356 389/367/346
f 397/375/354 401/379/357 398/376/355
f 401/379/357 402/380/358 398/376/355
f 398/376/355 402/380/358 399/377/348
f 402/380/358 403/381/359 399/377/348
f 399/377/348 403/381/359 400/378/356
f 403/381/359 404/382/360 400/378/356
f 401/379/357 405/383/361 402/380/358
f 405/383/361 406/384/362 402/380/358
f 402/380/358 406/384/362 403/381/359
f 406/384/362 407/385/363 403/381/359
f 403/381/359 407/385/363 408/386/364
f 407/385/363 409/387/365 408/386/364
f 406/384/362 410/388/366 407/385/363
f 410/388/366 411/389/367 407/385/363
f 407/385/363 411/389/367 409/387/365
f 411/389/367 412/390/368 409/387/365
f 406/384/362 405/383/361 410/388/366
f 405/383/361 413/391/369 410/388/366
f 410/388/366 413/391/369 414/392/370
f 414/392/370 415/393/371 410/388/366
f 415/393/371 416/394/372 410/388/366
f 410/388/366 416/394/372 411/389/367
f 416/394/372 412/390/368 411/389/367
f 414/392/370 417/395/373 415/393/371
f 417/395/373 418/396/374 415/393/371
f 415/393/371 418/396/374 416/394/372
f 418/396/374 419/397/375 416/394/372
f 416/394/372 419/397/375 420/398/376
f 419/397/375 421/399/377 420/398/376
f 417/395/373 422/400/378 418/396/374
f 422/400/378 423/401/379 418/396/374
f 418/396/374 423/401/379 419/397/375
f 423/401/379 424/402/380 419/397/375
f 419/397/375 424/402/380 421/399/377
f 424/402/380 425/403/381 421/399/377
f 423/401/379 426/404/382 424/402/380
f 426/404/382 427/405/383 424/402/380
f 424/402/380 427/405/383 425/403/381
f 423/401/379 428/406/384 426/404/382
f 428/406/384 429/407/385 426/404/382
f 426/404/382 429/407/385 430/408/386
f 429/407/385 431/409/387 430/408/386
f 430/408/386 431/409/387 432/410/388
f 431/409/387 433/411/389 432/410/388
f 432/410/388 433/411/389 434/412/390
f 423/401/379 435/413/391 428/406/384
f 435/413/391 436/414/392 428/406/384
f 428/406/384 436/414/392 429/407/385
f 436/414/392 437/415/393 429/407/385
f 429/407/385 437/415/393 431/409/387
f 437/415/393 438/416/394 431/409/387
f 431/409/387 438/416/394 433/411/389
f 434/412/390 439/417/395 432/410/388
f 439/417/395 430/408/386 432/410/388
f 430/408/386 439/417/395 426/404/382
f 439/417/395 427/405/383 426/404/382
f 202/198/170 201/197/169 440/418/396
f 201/197/169 441/419/397 440/418/396
f 440/418/396 441/419/397 442/420/398
f 441/419/397 443/421/399 442/420/398
f 441/419/397 201/197/169 394/372/351
f 201/197/169 200/196/168 394/372/351
f 394/372/351 200/196/168 396/374/353
f 200/196/168 444/422/400 396/374/353
f 394/372/351 392/370/349 441/419/397
f 392/370/349 443/421/399 441/419/397
f 443/421/399 392/370/349 445/423/401
f 392/370/349 390/368/347 445/423/401
f 445/423/401 390/368/347 446/424/402
f 390/368/347 388/366/345 446/424/402
f 200/196/168 199/195/167 444/422/400
f 199/195/167 447/425/403 444/422/400
f 447/425/403 199/195/167 448/426/404
f 199/195/167 197/193/165 448/426/404
f 448/426/404 197/193/165 449/427/405
f 197/193/165 450/428/406 449/427/405
f 449/427/405 450/428/406 451/429/407
f 450/428/406 452/430/408 451/429/407
f 451/429/407 452/430/408 453/431/409
f 452/430/408 454/432/410 453/431/409
f 197/193/165 195/191/163 450/428/406
f 195/191/163 455/433/411 450/428/406
f 450/428/406 455/433/411 452/430/408
f 455/433/411 456/434/412 452/430/408
f 452/430/408 456/434/412 454/432/410
f 455/433/411 195/191/163 457/435/413
f 195/191/163 194/190/162 457/435/413
f 457/435/413 194/190/162 193/189/161
f 193/189/161 458/436/414 457/435/413
f 458/436/414 459/437/415 457/435/413
f 457/435/413 459/437/415 455/433/411
f 459/437/415 456/434/412 455/433/411
f 447/425/403 448/426/404 460/438/416
f 448/426/404 461/439/417 460/438/416
f 460/438/416 461/439/417 462/440/418
f 461/439/417 463/441/419 462/440/418
f 462/440/418 463/441/419 464/442/420
f 463/441/419 465/443/421 464/442/420
f 461/439/417 448/426/404 466/444/422
f 448/426/404 449/427/405 466/444/422
f 466/444/422 449/427/405 467/445/423
f 449/427/405 468/446/424 467/445/423
f 467/445/423 468/446/424 469/447/425
f 468/446/424 470/448/426 469/447/425
f 469/447/425 471/449/427 467/445/423
f 471/449/427 472/450/428 467/445/423
f 467/445/423 472/450/428 466/444/422
f 472/450/428 473/451/429 466/444/422
f 466/444/422 473/451/429 461/439/417
f 473/451/429 474/452/430 461/439/417
f 461/439/417 474/452/430 475/453/431
f 474/452/430 476/454/432 475/453/431
f 475/453/431 476/454/432 477/455/433
f 477/455/433 478/456/434 475/453/431
f 478/456/434 463/441/419 475/453/431
f 475/453/431 463/441/419 461/439/417
f 478/456/434 479/457/435 463/441/419
f 479/457/435 480/458/436 463/441/419
f 463/441/419 480/458/436 481/459/437
f 470/448/426 468/446/424 482/460/438
f 468/446/424 451/429/407 482/460/438
f 482/460/438 451/429/407 453/431/409
f 483/461/439 484/462/440 485/463/441
f 484/462/440 486/464/442 485/463/441
f 484/462/440 487/465/443 486/464/442
f 487/465/443 488/466/443 486/464/442
f 488/466/443 487/465/443 224/218/192
f 487/465/443 222/216/190 224/218/192
f 489/467/141 490/468/444 491/469/445
f 490/468/444 492/470/446 491/469/445
f 490/468/444 493/471/447 492/470/446
f 493/471/447 494/472/448 492/470/446
f 493/471/447 495/473/449 494/472/448
f 495/473/449 496/474/450 494/472/448
f 495/473/449 497/475/451 496/474/450
f 497/475/451 498/476/452 496/474/450
f 497/475/451 499/477/453 498/476/452
f 499/477/453 500/478/454 498/476/452
f 499/477/453 501/479/455 500/478/454
f 501/479/455 502/480/456 500/478/454
f 501/479/455 503/481/457 502/480/456
f 503/481/457 504/482/458 502/480/456
f 503/481/457 505/483/459 504/482/458
f 505/483/459 506/484/460 504/482/458
f 505/483/459 507/485/461 506/484/460
f 507/485/461 508/486/462 506/484/460
f 507/485/461 509/487/463 508/486/462
f 509/487/463 510/488/464 508/486/462
f 509/487/463 511/489/465 510/488/464
f 511/489/465 512/490/466 510/488/464
f 511/489/465 513/491/467 512/490/466
f 513/491/467 514/492/468 512/490/466
f 513/491/467 515/493/469 514/492/468
f 515/493/469 516/494/470 514/492/468
f 515/493/469 517/495/471 516/494/470
f 517/495/471 518/496/472 516/494/470
f 517/495/471 519/497/473 518/496/472
f 519/497/473 520/498/474 518/496/472
f 519/497/473 521/499/475 520/498/474
f 521/499/475 522/500/476 520/498/474
f 522/500/476 521/499/475 523/501/477
f 521/499/475 524/502/478 523/501/477
f 523/501/477 524/502/478 525/503/344
f 471/449/427 526/504/479 472/450/428
f 526/504/479 527/505/480 472/450/428
f 472/450/428 527/505/480 473/451/429
f 527/505/480 528/506/481 473/451/429
f 473/451/429 528/506/481 529/507/482
f 473/451/429 529/507/482 474/452/430
f 529/507/482 530/508/483 474/452/430
f 474/452/430 530/508/483 476/454/432
f 531/62/41 536/70/484 532/63/42
f 567/503/344 568/509/485 566/501/477
f 548/320/299 550/327/306 549/322/486
f 537/71/50 539/78/487 535/69/488
f 534/67/489 533/66/45 538/73/52
f 541/87/66 543/91/490 540/86/65
f 542/88/67 545/100/79 544/94/73
f 546/167/99 569/510/98 547/168/125
f 562/441/491 565/459/437 563/443/421
f 553/386/492 552/382/493 551/381/494
f 555/394/495 556/398/496 554/390/368
f 558/401/379 557/400/497 559/413/498
f 560/427/405 561/429/499 564/446/500
l 81 88
l 153 154
l 257 259
l 257 270
l 57 320
l 321 340
l 401 404
l 417 421
l 74 79
l 106 107
l 178 186
l 50 227
l 330 344
l 370 387
l 202 427
l 394 444
l 92 94
l 100 101
l 172 173
l 188 202
l 180 204
l 412 414
l 149 150
l 157 158
l 205 228
l 205 253
l 53 313
l 341 347
l 365 372
l 397 400
l 197 454
l 461 465
l 461 478
l 453 483
l 46 47
l 134 135
l 174 192
l 230 239
l 334 344
l 358 360
l 406 409
l 406 412
l 454 455
l 470 481
l 222 489
l 79 80
l 271 273
l 223 308
l 351 358
l 367 376
l 423 425
l 423 434
l 447 456
l 471 525
l 56 60
l 72 76
l 80 85
l 96 97
l 256 284
l 328 337
l 328 342
l 336 346
l 200 388
o defaultMaterial.001
v -8.120738 -15.036995 -378.434753
v -9.935901 -6.739723 -378.760132
v -4.550917 -17.905190 -378.760132
v -0.527307 -7.047031 -379.410828
v -0.527306 -18.110062 -378.760132
v 3.450926 -17.853973 -378.434753
v -14.564568 12.159618 -378.109406
v -0.527308 12.159618 -379.410828
v 13.494825 12.159618 -378.109406
v 11.936810 27.832241 -378.760132
v -13.218322 28.037113 -378.760132
v -0.527308 28.344418 -379.410828
v 9.849372 37.973354 -378.434753
v -10.919116 37.973354 -378.434753
v -6.426589 40.739117 -378.434753
v -0.527309 40.892765 -378.434753
v 5.371971 40.841541 -378.434753
v -0.527309 40.892765 -378.434753
v -6.426589 40.739117 -378.434753
v -0.527307 45.502361 -315.316040
v -5.640016 45.451145 -315.316040
v -0.527307 46.577923 -306.856842
v -5.034961 46.577923 -306.856842
v -0.527306 48.370548 -275.622803
v -4.702180 48.165676 -275.622803
v -9.633373 44.119473 -314.339966
v -8.695539 45.809658 -306.531464
v -8.347632 46.680363 -275.622803
v -14.216660 31.007732 -314.990692
v -14.821713 31.315044 -306.531464
v -14.504059 32.646702 -276.598877
v -15.411640 13.747364 -314.665314
v -16.016697 13.235188 -306.531464
v -15.124238 13.747364 -277.900299
v -12.779654 -6.125118 -314.339966
v -12.265357 -8.737221 -306.531464
v -12.265356 -8.890877 -279.527069
v -8.907307 -16.112576 -314.665314
v -8.060230 -18.417374 -306.531464
v -8.438388 -19.083202 -280.177795
v -4.157629 -21.131912 -306.206116
v -4.490408 -22.105051 -280.177795
v -5.050085 -19.441727 -314.990692
v -0.527304 -20.005119 -315.316040
v -0.527304 -21.439219 -306.531464
v -8.120738 -15.036995 -378.434753
v -9.935901 -6.739723 -378.760132
v -14.564568 12.159618 -378.109406
v -13.218322 28.037113 -378.760132
v -10.919116 37.973354 -378.434753
v -4.550917 -17.905190 -378.760132
v -0.527306 -18.110062 -378.760132
v -0.527309 40.892765 -378.434753
v -0.527307 45.502361 -315.316040
v 5.371971 40.841541 -378.434753
v 4.570276 45.451145 -315.316040
v 8.563634 44.119480 -314.339966
v 7.625800 45.809666 -306.531464
v 13.146920 31.007740 -314.990692
v 13.751975 31.315052 -306.531464
v 14.402410 13.747372 -314.990692
v 14.946959 13.235195 -306.531464
v 11.709918 -6.125118 -314.339966
v 11.195623 -8.737221 -306.531464
v 7.837572 -16.112576 -314.665314
v 6.990496 -18.417374 -306.531464
v 3.087896 -21.131912 -306.206116
v 3.420676 -22.105051 -280.177795
v -0.527304 -21.439219 -306.531464
v -0.527303 -22.514791 -280.503143
v -0.527304 -20.005119 -315.316040
v 3.980350 -19.441727 -314.990692
v 7.050999 -15.036995 -378.434753
v 8.851035 -6.688507 -378.760132
v 13.494825 12.159618 -378.109406
v 11.936810 27.832241 -378.760132
v 9.849372 37.973354 -378.434753
v -0.527306 -18.110062 -378.760132
v 3.450926 -17.853973 -378.434753
v -0.527307 46.577923 -306.856842
v 3.965222 46.577930 -306.856842
v 7.277895 46.680363 -275.622803
v 13.434323 32.646702 -276.598877
v 14.160389 13.747364 -277.900299
v 11.195624 -8.890877 -279.527069
v 7.368656 -19.083202 -280.177795
v -0.527306 48.370548 -275.622803
v 3.632443 48.165676 -275.622803
v -0.527303 -22.514791 -280.503143
v -0.527306 48.370548 -275.622803
v -0.527304 47.499844 -244.714142
v 3.632443 48.165676 -275.622803
v 3.133274 47.038883 -244.714142
v 9.259450 41.661022 -245.364868
v 9.138439 36.231945 -216.733673
v 13.283061 26.807880 -218.035095
v 13.373821 20.405666 -191.356049
v 13.872990 10.725513 -220.963318
v 13.857865 5.911045 -193.633545
v 11.256131 -9.556705 -224.216858
v 11.241006 -12.476120 -195.911011
v 7.686311 -18.519810 -226.168976
v 7.777070 -20.414867 -197.537781
v 3.647575 -23.590366 -197.537781
v 3.239165 -26.560997 -147.758575
v -0.527300 -24.102545 -197.537781
v -0.527298 -26.919523 -147.758575
v -0.527301 -22.258705 -226.168976
v 3.632447 -21.797745 -226.168976
v 7.867826 -17.341805 -253.824097
v 11.377141 -7.251911 -252.197327
v 13.903241 14.669277 -248.943787
v 13.192303 32.032093 -246.666290
v 13.434323 32.646702 -276.598877
v 7.277895 46.680363 -275.622803
v 14.160389 13.747364 -277.900299
v 11.195624 -8.890877 -279.527069
v 7.368656 -19.083202 -280.177795
v 3.844215 -20.875826 -253.824097
v -0.527302 -21.388002 -253.824097
v -0.527303 -22.514791 -280.503143
v 3.420676 -22.105051 -280.177795
v -0.527303 41.865902 -215.757629
v 3.390423 41.302502 -216.082977
v 9.667863 28.856594 -190.380005
v 10.651078 20.047138 -147.758575
v 13.600718 12.210827 -147.758575
v 10.303175 18.817905 -69.673546
v 13.479710 11.903515 -69.673546
v 9.456101 23.068981 8.736835
v 13.222565 16.564327 8.736835
v 9.365345 24.503063 87.147224
v 13.162062 18.152073 87.147224
v 9.834265 22.198269 135.299652
v 13.313327 15.539967 135.299652
v 9.879645 20.712955 172.715393
v 13.388960 13.286381 170.763275
v 9.077949 21.583660 213.710052
v 13.237697 12.722988 208.179016
v 8.881308 20.303211 245.594757
v 13.298204 9.445049 239.087677
v 8.367012 17.947186 273.900574
v 13.237699 5.398849 267.068146
v 13.101564 -2.795990 276.178070
v 13.842754 -15.600418 255.355408
v 13.842755 -20.210014 265.766724
v 11.256148 -41.209286 253.403259
v 12.420878 -25.895185 271.948456
v 10.681347 -40.184933 262.187836
v 7.353549 -42.182423 264.790680
v 7.852719 -47.867592 254.379333
v 3.375317 -42.079987 266.742798
v 3.571959 -49.506557 256.331451
v -0.527283 -49.813866 256.656830
v -0.527283 -54.474678 245.920105
v 13.857881 -9.505508 227.700287
v 13.888132 -3.410603 198.418396
v 13.857879 -0.696056 166.859039
v 13.873002 2.428226 135.299652
v 13.903253 4.937901 87.147224
v 13.888124 3.247719 8.736835
v 13.812490 -1.157009 -69.673546
v 13.767109 -0.900917 -148.083923
v 11.271272 -22.105070 187.030975
v 11.301523 -16.727207 162.304077
v 11.377154 -13.193184 134.974304
v 11.437657 -10.888378 87.147224
v 11.316645 -12.681004 8.736832
v 11.059494 -16.624763 -69.673546
v 10.908227 -17.341808 -148.083923
v 7.323281 -23.897676 -147.758575
v 7.656064 -22.822107 -69.673546
v 8.034225 -19.339306 8.736832
v 8.003975 -18.212517 87.147224
v 7.973724 -20.210011 134.974304
v 7.988852 -23.487949 160.026581
v 8.246000 -28.712158 182.150665
v 11.150262 -31.887657 214.360748
v 7.716579 -40.338581 208.179016
v 11.150263 -41.004417 241.365143
v 7.565317 -51.299179 235.183441
v 7.716581 -50.735783 244.293335
v 3.602212 -53.911282 245.920105
v 3.269432 -55.755119 232.905945
v 3.405568 -44.845741 206.226898
v 3.692967 -33.219315 180.198547
v 3.829103 -26.765882 159.701202
v 3.904734 -22.975767 134.974304
v 3.904732 -20.978275 87.147224
v 3.738340 -22.514803 8.736832
v 3.466063 -25.690300 -69.673546
v -0.527285 -45.614010 205.901520
v -0.527286 -33.987583 179.873199
v -0.527287 -27.329279 159.375854
v -0.527288 -23.436728 134.974304
v -0.527290 -21.439236 87.147224
v -0.527293 -23.026981 8.736832
v -0.527295 -26.100042 -69.673546
v -0.527284 -56.472168 232.905945
v -0.527283 -42.336075 267.068146
v 3.723223 -27.431717 278.130188
v -0.527283 -27.431717 278.780884
v 3.481201 -16.522343 284.637299
v -0.527284 -16.727215 285.287994
v 3.420695 -3.205730 286.264069
v -0.527284 -3.256950 286.589386
v 3.345063 8.881657 285.613342
v -0.527285 8.984089 285.938690
v 3.420694 14.874126 282.359802
v -0.527285 14.976559 282.685150
v -0.527286 21.788517 276.178070
v 9.183839 -21.131937 280.082336
v 7.867845 -16.727215 283.010529
v 7.656075 -3.154518 284.962646
v 7.822464 11.237667 282.685150
v 3.012282 21.378780 275.852692
v 3.466072 24.246967 248.197601
v -0.527287 24.707935 248.197601
v 3.375313 25.527424 216.312866
v -0.527288 25.988377 216.312866
v 3.768596 25.066463 174.016815
v -0.527289 25.681072 174.016815
v 3.617332 26.398129 135.299652
v -0.527291 26.910305 135.299652
v 3.284550 28.344395 87.147224
v -0.527292 28.754139 87.147224
v 3.360179 26.961529 8.736835
v -0.527295 27.422489 8.736835
v 4.010610 23.478718 -69.673546
v -0.527297 24.195774 -69.348190
v 4.237503 25.885960 -147.758575
v -0.527300 26.859097 -147.758575
v 3.662699 34.132023 -189.729279
v -0.527302 34.849064 -189.729279
v 12.330120 -13.551712 279.756989
v 8.140120 -33.321754 271.623108
v -0.527306 48.370548 -275.622803
v -4.702180 48.165676 -275.622803
v -0.527304 47.499844 -244.714142
v -4.203009 47.038883 -244.714142
v -0.527303 41.865902 -215.757629
v -4.460156 41.302502 -216.082977
v -0.527302 34.849064 -189.729279
v -4.732430 34.132023 -189.729279
v -0.527300 26.859097 -147.758575
v -5.307229 25.885960 -147.758575
v -0.527297 24.195774 -69.348190
v -5.080331 23.478718 -69.673546
v -0.527295 27.422489 8.736835
v -4.429895 26.961529 8.736835
v -0.527292 28.754139 87.147224
v -4.354260 28.344395 87.147224
v -0.527291 26.910305 135.299652
v -4.687038 26.398129 135.299652
v -0.527289 25.681072 174.016815
v -4.838301 25.066463 174.016815
v -0.527288 25.988377 216.312866
v -4.445014 25.527416 216.312866
v -0.527287 24.707935 248.197601
v -4.505518 24.144535 247.872223
v -0.527286 21.788517 276.178070
v -4.157611 21.532429 276.178070
v -4.429885 14.822910 282.359802
v -8.710644 11.186451 282.359802
v -4.445011 8.881657 285.613342
v -8.998043 -3.205730 285.287994
v -4.550895 -3.205730 286.264069
v -9.103929 -16.778431 283.010529
v -4.656779 -16.675995 284.962646
v -10.253531 -21.131939 280.082336
v -4.808042 -27.431719 278.130188
v -9.497213 -33.577847 271.623108
v -8.256851 -41.977554 264.465302
v -10.888839 -39.570320 261.537140
v -8.967790 -47.918808 254.379333
v -12.325843 -41.209286 253.403259
v -8.786275 -50.735783 244.293335
v -12.204833 -41.004417 241.365143
v -8.635011 -51.299179 235.183441
v -8.786277 -40.338585 208.179016
v -4.339126 -55.755119 232.905945
v -4.475264 -44.845745 206.226898
v -0.527285 -45.614010 205.901520
v -0.527286 -33.987583 179.873199
v -9.512342 17.947186 273.900574
v -9.951007 20.303211 245.594757
v -10.147651 21.583652 213.710052
v -10.949348 20.712955 172.715393
v -10.903971 22.198269 135.299652
v -10.435057 24.503063 87.147224
v -10.525816 23.068981 8.736835
v -11.327517 18.766689 -69.673546
v -11.720804 20.047138 -147.758575
v -10.737594 28.856594 -190.380005
v -10.208172 36.231945 -216.733673
v -10.329184 41.661022 -245.364868
v -8.347632 46.680363 -275.622803
v -14.443549 20.405666 -191.356049
v -14.670444 12.210819 -147.758575
v -14.549430 11.903515 -69.673546
v -14.292279 16.564327 8.736835
v -14.231771 18.152073 87.147224
v -14.383033 15.539967 135.299652
v -14.458664 13.286381 170.763275
v -14.307398 12.722980 208.179016
v -14.367904 9.445049 239.087677
v -14.307396 5.398846 267.068146
v -14.231764 -2.795990 276.178070
v -14.942702 -15.600422 255.355408
v -14.912449 -20.210018 265.766724
v -13.490572 -25.895187 271.948456
v -14.927578 -9.505508 227.700287
v -14.957831 -3.410603 198.418396
v -14.927580 -0.696060 166.859039
v -14.942707 2.428226 135.299652
v -14.972963 4.937897 87.147224
v -14.957839 3.247715 8.736835
v -14.882209 -1.157009 -69.673546
v -14.836833 -0.900917 -148.083923
v -14.927593 5.911045 -193.633545
v -14.942719 10.725513 -220.963318
v -14.352793 26.807880 -218.035095
v -14.972975 14.669277 -248.943787
v -14.262036 32.032093 -246.666290
v -15.124238 13.747364 -277.900299
v -14.504059 32.646702 -276.598877
v -12.265356 -8.890877 -279.527069
v -12.446871 -7.251911 -252.197327
v -12.325860 -9.556705 -224.216858
v -12.310732 -12.476120 -195.911011
v -11.977951 -17.341808 -148.083923
v -12.129212 -16.624763 -69.673546
v -12.386357 -12.681004 8.736832
v -12.507364 -10.888382 87.147224
v -12.446857 -13.193184 134.974304
v -12.371226 -16.727211 162.304077
v -12.340971 -22.105072 187.030975
v -12.204834 -31.887657 214.360748
v -8.393003 -23.897676 -147.758575
v -8.725780 -22.822109 -69.673546
v -9.103938 -19.339306 8.736832
v -9.073682 -18.212521 87.147224
v -9.043427 -20.210011 134.974304
v -9.058553 -23.487949 160.026581
v -9.315700 -28.712158 182.150665
v -4.535780 -25.690302 -69.673546
v -4.808052 -22.514803 8.736832
v -4.974439 -20.978275 87.147224
v -4.974438 -22.975767 134.974304
v -4.898805 -26.765882 159.701202
v -4.762667 -33.219315 180.198547
v -0.527295 -26.100042 -69.673546
v -0.527293 -23.026981 8.736832
v -0.527290 -21.439236 87.147224
v -0.527288 -23.436728 134.974304
v -0.527287 -27.329279 159.375854
v -0.527298 -26.919523 -147.758575
v -4.308887 -26.560997 -147.758575
v -0.527300 -24.102545 -197.537781
v -4.717301 -23.590368 -197.537781
v -0.527301 -22.258705 -226.168976
v -4.702176 -21.797745 -226.168976
v -0.527302 -21.388002 -253.824097
v -4.913946 -20.875826 -253.824097
v -0.527303 -22.514791 -280.503143
v -4.490408 -22.105051 -280.177795
v -8.846796 -20.414867 -197.537781
v -8.756040 -18.519810 -226.168976
v -8.937556 -17.290585 -253.824097
v -8.438388 -19.083202 -280.177795
v -13.460320 -13.551712 279.756989
v 7.050999 -15.036995 -378.434753
v 8.851035 -6.688507 -378.760132
v -0.527285 14.976559 282.685150
v -0.527285 8.984089 285.938690
v -0.527284 -3.256950 286.589386
v -0.527284 -16.727215 285.287994
v -0.527283 -27.431717 278.780884
v -0.527283 -42.336075 267.068146
v -4.384504 -41.977554 266.742798
v -4.520641 -49.199253 256.331451
v -4.626526 -53.808849 245.920105
v -0.527284 -56.472168 232.905945
v -0.527283 -54.474678 245.920105
v -0.527283 -49.813866 256.656830
v -4.702180 48.165676 -275.622803
v -8.695539 45.809658 -306.531464
v 3.632443 48.165676 -275.622803
v 9.259450 41.661022 -245.364868
v 11.241006 -12.476120 -195.911011
v 7.777070 -20.414867 -197.537781
v 7.277895 46.680363 -275.622803
v 13.600718 12.210827 -147.758575
v 13.857881 -9.505508 227.700287
v 11.271272 -22.105070 187.030975
v 7.323281 -23.897676 -147.758575
v 11.150262 -31.887657 214.360748
v 7.565317 -51.299179 235.183441
v 3.602212 -53.911282 245.920105
v 3.269432 -55.755119 232.905945
v 3.723223 -27.431717 278.130188
v 9.183839 -21.131937 280.082336
v 8.140120 -33.321754 271.623108
vn -0.0851 -0.0566 -0.9948
vn -0.0807 -0.0226 -0.9965
vn -0.0633 -0.0566 -0.9964
vn 0.0022 -0.0302 -0.9995
vn 0.0109 -0.0528 -0.9985
vn 0.0720 -0.0603 -0.9956
vn -0.0677 -0.0075 -0.9977
vn 0.0022 -0.0000 -1.0000
vn 0.0764 -0.0000 -0.9971
vn 0.0677 0.0151 -0.9976
vn -0.0546 0.0113 -0.9984
vn 0.0066 0.0227 -0.9997
vn 0.0633 0.0415 -0.9971
vn -0.0459 0.0566 -0.9973
vn -0.0371 0.0603 -0.9975
vn -0.0066 0.0679 -0.9977
vn 0.0415 0.0528 -0.9977
vn -0.0022 0.9971 -0.0754
vn -0.2359 0.9690 -0.0735
vn -0.0022 0.9952 -0.0980
vn -0.1975 0.9746 -0.1055
vn 0.0022 0.9959 -0.0905
vn -0.1501 0.9843 -0.0923
vn 0.0022 1.0000 -0.0076
vn -0.2528 0.9675 0.0019
vn -0.7336 0.6758 -0.0715
vn -0.6518 0.7560 -0.0602
vn -0.7155 0.6985 0.0113
vn -0.9790 0.2014 -0.0317
vn -0.9753 0.2200 -0.0206
vn -0.9743 0.2251 0.0093
vn -0.9981 -0.0457 -0.0406
vn -0.9986 -0.0486 -0.0196
vn -0.9988 -0.0472 0.0091
vn -0.9702 -0.2402 -0.0317
vn -0.9612 -0.2755 -0.0169
vn -0.9681 -0.2507 0.0037
vn -0.8286 -0.5572 -0.0545
vn -0.7793 -0.6241 -0.0565
vn -0.8007 -0.5990 -0.0019
vn -0.3527 -0.9312 -0.0923
vn -0.3690 -0.9294 0.0038
vn -0.3933 -0.9153 -0.0866
vn 0.0022 -0.9952 -0.0980
vn 0.0022 -0.9944 -0.1055
vn -0.8334 -0.5519 -0.0282
vn -0.9702 -0.2410 -0.0243
vn -0.9981 -0.0572 -0.0217
vn -0.9840 0.1772 -0.0186
vn -0.7820 0.6216 -0.0451
vn -0.3690 -0.9291 -0.0264
vn 0.0065 -0.9995 -0.0302
vn -0.0022 0.9971 -0.0755
vn 0.2359 0.9690 -0.0735
vn 0.1975 0.9746 -0.1055
vn 0.7366 0.6726 -0.0717
vn 0.6518 0.7564 -0.0547
vn 0.9790 0.2008 -0.0358
vn 0.9753 0.2203 -0.0171
vn 0.9984 -0.0434 -0.0366
vn 0.9986 -0.0496 -0.0169
vn 0.9702 -0.2406 -0.0284
vn 0.9599 -0.2794 -0.0208
vn 0.8261 -0.5610 -0.0529
vn 0.7793 -0.6239 -0.0585
vn 0.3527 -0.9310 -0.0943
vn 0.3690 -0.9294 0.0019
vn 0.0022 -1.0000 -0.0000
vn 0.3933 -0.9152 -0.0886
vn 0.8310 -0.5556 -0.0265
vn 0.9702 -0.2406 -0.0283
vn 0.9984 -0.0515 -0.0239
vn 0.9840 0.1767 -0.0226
vn 0.7847 0.6180 -0.0472
vn 0.0066 -0.9995 -0.0302
vn 0.3731 -0.9273 -0.0302
vn 0.1501 0.9843 -0.0923
vn 0.7155 0.6985 0.0094
vn 0.9743 0.2252 0.0057
vn 0.9988 -0.0457 0.0149
vn 0.9681 -0.2506 0.0076
vn 0.8007 -0.5990 -0.0038
vn 0.2528 0.9675 0.0019
vn 0.0022 1.0000 -0.0075
vn -0.0022 0.9936 0.1130
vn 0.3772 0.9195 0.1111
vn 0.7981 0.5975 0.0772
vn 0.8059 0.5781 0.1276
vn 0.9753 0.2167 0.0433
vn 0.9781 0.2044 0.0395
vn 0.9990 -0.0430 -0.0075
vn 0.9984 -0.0560 -0.0094
vn 0.9691 -0.2456 -0.0207
vn 0.8085 -0.5874 -0.0359
vn 0.7820 -0.6219 -0.0416
vn 0.3690 -0.9276 -0.0585
vn 0.3445 -0.9386 -0.0208
vn 0.0022 -0.9982 -0.0604
vn 0.0022 -0.9997 -0.0227
vn 0.0022 -0.9990 -0.0453
vn 0.3892 -0.9202 -0.0416
vn 0.8236 -0.5671 -0.0019
vn 0.9733 -0.2295 -0.0019
vn 0.9992 -0.0393 -0.0000
vn 0.9743 0.2243 0.0208
vn 0.7156 0.6985 0.0094
vn 0.9988 -0.0457 0.0148
vn 0.3973 -0.9177 0.0057
vn 0.0022 -1.0000 0.0076
vn 0.0022 0.9744 0.2246
vn 0.4212 0.8846 0.2002
vn 0.8136 0.5693 0.1183
vn 0.8187 0.5716 0.0548
vn 0.9807 0.1944 0.0189
vn 0.7820 0.6232 -0.0038
vn 0.9743 0.2252 -0.0019
vn 0.7336 0.6792 -0.0208
vn 0.9624 0.2716 -0.0113
vn 0.7216 0.6922 0.0076
vn 0.9574 0.2886 -0.0000
vn 0.7453 0.6662 0.0264
vn 0.9647 0.2630 0.0132
vn 0.7654 0.6434 0.0132
vn 0.9713 0.2377 0.0113
vn 0.7738 0.6331 0.0208
vn 0.9733 0.2292 0.0132
vn 0.7928 0.6073 0.0509
vn 0.9790 0.2025 0.0246
vn 0.7793 0.5709 0.2584
vn 0.9781 0.1879 0.0896
vn 0.9562 0.0821 0.2810
vn 0.9994 -0.0345 -0.0057
vn 0.9962 -0.0669 0.0561
vn 0.9600 -0.2761 0.0472
vn 0.9023 -0.2726 0.3340
vn 0.8656 -0.4077 0.2906
vn 0.5398 -0.6389 0.5481
vn 0.7032 -0.6574 0.2708
vn 0.2317 -0.6978 0.6778
vn 0.2907 -0.8409 0.4564
vn -0.0284 -0.8707 0.4911
vn -0.0152 -0.9611 0.2758
vn 0.9992 -0.0363 -0.0151
vn 0.9990 -0.0430 -0.0077
vn 0.9984 -0.0567 -0.0019
vn 0.9986 -0.0524 -0.0019
vn 0.9972 -0.0742 0.0019
vn 0.9972 -0.0740 -0.0057
vn 0.9702 -0.2332 -0.0654
vn 0.9599 -0.2769 -0.0433
vn 0.9562 -0.2918 -0.0246
vn 0.9562 -0.2928 -0.0019
vn 0.9509 -0.3093 0.0094
vn 0.9454 -0.3260 0.0057
vn 0.9482 -0.3176 -0.0076
vn 0.7483 -0.6632 -0.0151
vn 0.7454 -0.6664 0.0189
vn 0.7598 -0.6500 0.0170
vn 0.7654 -0.6435 -0.0094
vn 0.7682 -0.6380 -0.0529
vn 0.7981 -0.5908 -0.1182
vn 0.8453 -0.5086 -0.1637
vn 0.9762 -0.2061 -0.0670
vn 0.8635 -0.4687 -0.1865
vn 0.9753 -0.2174 -0.0396
vn 0.8406 -0.5369 -0.0716
vn 0.8007 -0.5916 0.0941
vn 0.3852 -0.8933 0.2315
vn 0.4565 -0.8805 -0.1280
vn 0.4911 -0.8035 -0.3364
vn 0.4720 -0.8284 -0.3017
vn 0.4133 -0.8887 -0.1984
vn 0.3609 -0.9282 -0.0905
vn 0.3527 -0.9357 -0.0114
vn 0.3568 -0.9338 0.0246
vn 0.3445 -0.9385 0.0245
vn 0.0022 -0.9210 -0.3897
vn -0.0022 -0.9350 -0.3546
vn 0.0022 -0.9727 -0.2320
vn 0.0022 -1.0000 -0.0076
vn 0.0022 -0.9995 0.0302
vn 0.0022 -0.9997 0.0227
vn -0.0022 -0.9936 -0.1130
vn -0.0196 -0.7228 0.6908
vn 0.2359 -0.5533 0.7988
vn 0.0066 -0.5681 0.8230
vn 0.2231 -0.3045 0.9260
vn 0.0284 -0.3189 0.9473
vn 0.2486 -0.0227 0.9683
vn 0.0241 -0.0302 0.9993
vn 0.2401 0.2391 0.9408
vn 0.0066 0.2685 0.9632
vn 0.2990 0.5945 0.7464
vn -0.0022 0.5866 0.8099
vn 0.0022 0.8958 0.4445
vn 0.5471 -0.4185 0.7249
vn 0.4565 -0.2605 0.8507
vn 0.6078 0.0151 0.7940
vn 0.6875 0.3477 0.6375
vn 0.3486 0.8500 0.3949
vn 0.3690 0.9268 0.0698
vn -0.0021 0.9971 0.0754
vn 0.3649 0.9308 0.0208
vn -0.0022 0.9999 0.0151
vn 0.3650 0.9309 0.0132
vn 0.0022 0.9999 0.0151
vn 0.3526 0.9352 0.0340
vn 0.0022 0.9993 0.0377
vn 0.3363 0.9417 0.0075
vn 0.0022 1.0000 0.0076
vn 0.3486 0.9368 -0.0302
vn 0.0022 0.9995 -0.0302
vn 0.3932 0.9194 -0.0057
vn 0.4370 0.8941 0.0980
vn 0.0022 0.9936 0.1130
vn 0.4330 0.8793 0.1985
vn 0.8590 -0.1123 0.4994
vn 0.5508 -0.5242 0.6495
vn -0.3771 0.9195 0.1111
vn -0.4212 0.8846 0.2003
vn -0.4330 0.8789 0.2001
vn -0.4409 0.8924 0.0961
vn 0.0021 1.0000 -0.0076
vn -0.3972 0.9177 -0.0075
vn -0.3486 0.9368 -0.0302
vn -0.3363 0.9417 0.0075
vn -0.3527 0.9350 0.0358
vn 0.0021 0.9999 0.0151
vn -0.3650 0.9309 0.0132
vn -0.3649 0.9308 0.0208
vn -0.0022 0.9971 0.0754
vn -0.3650 0.9287 0.0660
vn -0.3486 0.8435 0.4086
vn -0.3073 0.5882 0.7480
vn -0.6938 0.3535 0.6274
vn -0.2401 0.2610 0.9350
vn -0.6146 0.0302 0.7882
vn -0.2146 -0.0076 0.9767
vn -0.4797 -0.2744 0.8334
vn -0.1932 -0.3114 0.9304
vn -0.5653 -0.4173 0.7115
vn -0.2189 -0.5600 0.7991
vn -0.5796 -0.5441 0.6067
vn -0.5796 -0.6324 0.5140
vn -0.8946 -0.3703 0.2500
vn -0.6970 -0.6500 0.3028
vn -0.9575 -0.2783 0.0762
vn -0.7928 -0.6004 0.1050
vn -0.9753 -0.2181 -0.0355
vn -0.8406 -0.5374 -0.0676
vn -0.8635 -0.4676 -0.1891
vn -0.4566 -0.8807 -0.1259
vn -0.4911 -0.8035 -0.3364
vn 0.0021 -0.9210 -0.3896
vn -0.7820 0.5652 0.2626
vn -0.7901 0.6108 0.0508
vn -0.7738 0.6333 0.0151
vn -0.7654 0.6433 0.0151
vn -0.7454 0.6663 0.0227
vn -0.7216 0.6922 0.0094
vn -0.7336 0.6793 -0.0189
vn -0.7820 0.6232 -0.0075
vn -0.8187 0.5713 0.0583
vn -0.8136 0.5686 0.1215
vn -0.8059 0.5775 0.1307
vn -0.7981 0.5983 0.0715
vn -0.9781 0.2038 0.0427
vn -0.9807 0.1948 0.0150
vn -0.9733 0.2295 -0.0000
vn -0.9612 0.2758 -0.0094
vn -0.9575 0.2886 0.0019
vn -0.9647 0.2630 0.0150
vn -0.9713 0.2376 0.0131
vn -0.9733 0.2294 0.0075
vn -0.9790 0.2029 0.0206
vn -0.9781 0.1867 0.0920
vn -0.9587 0.0886 0.2702
vn -0.9994 -0.0348 -0.0036
vn -0.9945 -0.0838 0.0627
vn -0.9042 -0.2765 0.3256
vn -0.9992 -0.0378 -0.0108
vn -0.9990 -0.0424 -0.0106
vn -0.9984 -0.0566 -0.0055
vn -0.9984 -0.0565 -0.0054
vn -0.9986 -0.0524 0.0018
vn -0.9984 -0.0567 0.0018
vn -0.9972 -0.0742 -0.0018
vn -0.9984 -0.0565 -0.0055
vn -0.9990 -0.0435 -0.0037
vn -0.9753 0.2160 0.0466
vn -0.9992 -0.0391 0.0036
vn -0.9743 0.2239 0.0243
vn -0.9743 0.2250 0.0094
vn -0.9681 -0.2507 0.0038
vn -0.9733 -0.2295 -0.0000
vn -0.9692 -0.2456 -0.0191
vn -0.9599 -0.2790 -0.0263
vn -0.9482 -0.3175 -0.0113
vn -0.9454 -0.3259 0.0094
vn -0.9509 -0.3094 0.0056
vn -0.9562 -0.2927 -0.0056
vn -0.9562 -0.2920 -0.0206
vn -0.9599 -0.2760 -0.0487
vn -0.9702 -0.2344 -0.0612
vn -0.9762 -0.2052 -0.0698
vn -0.7483 -0.6631 -0.0207
vn -0.7454 -0.6665 0.0151
vn -0.7598 -0.6499 0.0188
vn -0.7654 -0.6435 -0.0075
vn -0.7682 -0.6377 -0.0564
vn -0.7981 -0.5912 -0.1162
vn -0.8453 -0.5077 -0.1665
vn -0.3445 -0.9384 0.0264
vn -0.3568 -0.9338 0.0264
vn -0.3527 -0.9357 -0.0094
vn -0.3609 -0.9284 -0.0885
vn -0.4132 -0.8887 -0.1984
vn -0.4720 -0.8291 -0.2996
vn 0.0021 -0.9997 0.0227
vn 0.0021 -0.9995 0.0302
vn 0.0021 -1.0000 -0.0076
vn 0.0021 -0.9997 -0.0227
vn -0.3445 -0.9386 -0.0189
vn 0.0021 -0.9982 -0.0604
vn -0.3690 -0.9277 -0.0565
vn 0.0021 -0.9990 -0.0453
vn -0.3892 -0.9199 -0.0471
vn -0.3973 -0.9177 0.0075
vn -0.7820 -0.6216 -0.0451
vn -0.8085 -0.5876 -0.0320
vn -0.8237 -0.5671 0.0019
vn -0.8743 -0.1119 0.4723
vn 0.0807 -0.0642 -0.9947
vn 0.0764 -0.0226 -0.9968
vn 0.0065 0.2685 0.9632
vn 0.0240 -0.0302 0.9993
vn 0.0284 -0.3189 0.9474
vn 0.0065 -0.5681 0.8230
vn -0.0197 -0.7228 0.6908
vn -0.2232 -0.7024 0.6759
vn -0.2991 -0.8363 0.4596
vn -0.3852 -0.8914 0.2388
vn -0.0153 -0.9611 0.2758
vn -0.6518 0.7560 -0.0603
vn -0.2528 0.9675 0.0018
vn 0.7821 -0.6218 -0.0415
vn 0.7981 0.5976 0.0772
vn 0.7155 0.6985 0.0095
vn 0.2529 0.9675 0.0019
vn 0.9992 -0.0363 -0.0150
vn 0.3852 -0.8933 0.2316
vn 0.4565 -0.8805 -0.1279
vn 0.2359 -0.5534 0.7988
vt 0.066276 0.723707
vt 0.068453 0.739161
vt 0.059017 0.719320
vt 0.051638 0.739161
vt 0.051638 0.719320
vt 0.044379 0.719320
vt 0.077164 0.771862
vt 0.051638 0.771862
vt 0.026232 0.771862
vt 0.029378 0.799379
vt 0.073897 0.799379
vt 0.051638 0.799379
vt 0.032644 0.817525
vt 0.070631 0.817525
vt 0.062163 0.822310
vt 0.051638 0.822310
vt 0.041113 0.822310
vt 0.018974 0.694495
vt 0.019700 0.683827
vt 0.130515 0.701873
vt 0.131120 0.693598
vt 0.144669 0.702970
vt 0.145153 0.695093
vt 0.196084 0.704565
vt 0.196084 0.697387
vt 0.131966 0.685024
vt 0.145637 0.687417
vt 0.195963 0.689710
vt 0.131603 0.659899
vt 0.145153 0.660597
vt 0.194753 0.663190
vt 0.131603 0.630887
vt 0.145637 0.630089
vt 0.193302 0.631784
vt 0.132571 0.595992
vt 0.146363 0.592104
vt 0.191608 0.593499
vt 0.133418 0.577049
vt 0.147693 0.574058
vt 0.190277 0.574856
vt 0.148056 0.565683
vt 0.190519 0.565783
vt 0.133418 0.568176
vt 0.132692 0.560798
vt 0.147572 0.558904
vt 0.019700 0.577946
vt 0.019821 0.593599
vt 0.020063 0.627796
vt 0.020063 0.655612
vt 0.020063 0.674256
vt 0.019700 0.569472
vt 0.019579 0.562194
vt 0.200197 0.521815
vt 0.088657 0.529193
vt 0.199472 0.511048
vt 0.088052 0.520818
vt 0.087205 0.512344
vt 0.073534 0.514737
vt 0.087689 0.487220
vt 0.074018 0.487917
vt 0.087568 0.458107
vt 0.073534 0.457310
vt 0.086600 0.423312
vt 0.072809 0.419424
vt 0.085753 0.404269
vt 0.071478 0.401378
vt 0.071115 0.392904
vt 0.028652 0.393103
vt 0.071599 0.386124
vt 0.028531 0.385725
vt 0.086479 0.388018
vt 0.085753 0.395496
vt 0.199472 0.405266
vt 0.199351 0.420919
vt 0.199109 0.455116
vt 0.199109 0.482932
vt 0.199109 0.501477
vt 0.199593 0.389414
vt 0.199472 0.396692
vt 0.074502 0.530290
vt 0.074018 0.522414
vt 0.023208 0.516930
vt 0.024418 0.490510
vt 0.025870 0.459104
vt 0.027563 0.420720
vt 0.028894 0.402076
vt 0.023087 0.531785
vt 0.023087 0.524707
vt 0.190640 0.558405
vt 0.982919 0.176854
vt 0.930173 0.175558
vt 0.982919 0.169576
vt 0.930777 0.168181
vt 0.931866 0.153425
vt 0.882871 0.147543
vt 0.884443 0.129397
vt 0.837504 0.121820
vt 0.887347 0.101282
vt 0.839319 0.096098
vt 0.890976 0.065191
vt 0.841617 0.063097
vt 0.893638 0.047644
vt 0.843432 0.047444
vt 0.843069 0.037973
vt 0.756692 0.036178
vt 0.843190 0.030296
vt 0.756692 0.028601
vt 0.893396 0.030695
vt 0.893275 0.038272
vt 0.942633 0.047644
vt 0.940093 0.066786
vt 0.936342 0.105370
vt 0.933318 0.135379
vt 0.984249 0.134582
vt 0.983040 0.161700
vt 0.985701 0.102478
vt 0.987637 0.063296
vt 0.988846 0.044254
vt 0.942391 0.038072
vt 0.942149 0.030396
vt 0.988484 0.027504
vt 0.988725 0.034982
vt 0.880572 0.168679
vt 0.881782 0.161202
vt 0.836415 0.138171
vt 0.759837 0.126606
vt 0.759353 0.112249
vt 0.620592 0.126506
vt 0.620592 0.113246
vt 0.483284 0.133286
vt 0.483284 0.119826
vt 0.347305 0.136376
vt 0.347063 0.123017
vt 0.263347 0.134382
vt 0.262984 0.121122
vt 0.197415 0.134582
vt 0.200439 0.120026
vt 0.128095 0.138570
vt 0.136563 0.121720
vt 0.076559 0.137473
vt 0.087084 0.118530
vt 0.034338 0.130893
vt 0.044742 0.112548
vt 0.031676 0.101681
vt 0.059864 0.081741
vt 0.044258 0.076357
vt 0.057928 0.043656
vt 0.033854 0.069079
vt 0.045226 0.046547
vt 0.039540 0.042459
vt 0.054299 0.032489
vt 0.032765 0.039568
vt 0.048371 0.026607
vt 0.044258 0.020525
vt 0.062284 0.010954
vt 0.102932 0.087523
vt 0.151202 0.093705
vt 0.206004 0.095101
vt 0.262259 0.097793
vt 0.346701 0.099787
vt 0.483405 0.096397
vt 0.620592 0.090215
vt 0.758506 0.089119
vt 0.168138 0.059308
vt 0.212295 0.065390
vt 0.261412 0.069478
vt 0.346217 0.071472
vt 0.483526 0.067982
vt 0.620592 0.062299
vt 0.757297 0.059308
vt 0.756934 0.045550
vt 0.620471 0.049538
vt 0.483526 0.054822
vt 0.345975 0.057115
vt 0.261291 0.055420
vt 0.215803 0.051532
vt 0.175639 0.045949
vt 0.120232 0.048840
vt 0.127974 0.032290
vt 0.075833 0.041363
vt 0.082850 0.023217
vt 0.069179 0.026108
vt 0.065066 0.018033
vt 0.084906 0.012749
vt 0.130757 0.020824
vt 0.178905 0.034184
vt 0.216771 0.042060
vt 0.261291 0.046647
vt 0.345975 0.048341
vt 0.483526 0.045350
vt 0.620351 0.040066
vt 0.132208 0.013447
vt 0.180720 0.026806
vt 0.217981 0.034384
vt 0.261775 0.038970
vt 0.345975 0.040665
vt 0.483284 0.037773
vt 0.620109 0.032489
vt 0.084543 0.005670
vt 0.027442 0.034982
vt 0.017401 0.064094
vt 0.010747 0.061402
vt 0.010264 0.082538
vt 0.003489 0.081242
vt 0.009296 0.103077
vt 0.002400 0.103675
vt 0.013409 0.121222
vt 0.007118 0.123814
vt 0.019095 0.130195
vt 0.013409 0.134582
vt 0.025991 0.146147
vt 0.021756 0.076457
vt 0.017401 0.083137
vt 0.016433 0.102279
vt 0.022119 0.122020
vt 0.029499 0.139766
vt 0.071841 0.148440
vt 0.070994 0.155419
vt 0.123861 0.150833
vt 0.123861 0.158111
vt 0.195721 0.147842
vt 0.195842 0.155319
vt 0.263468 0.147742
vt 0.263347 0.155419
vt 0.347426 0.149636
vt 0.347426 0.157214
vt 0.483405 0.146546
vt 0.483647 0.154123
vt 0.620713 0.139965
vt 0.620834 0.147543
vt 0.759837 0.141361
vt 0.759232 0.149038
vt 0.835448 0.152428
vt 0.834117 0.160005
vt 0.025144 0.087424
vt 0.031072 0.056617
vt 0.012804 0.357411
vt 0.012804 0.350132
vt 0.065550 0.356114
vt 0.064945 0.348737
vt 0.115151 0.349235
vt 0.113941 0.341758
vt 0.161606 0.340561
vt 0.160275 0.332984
vt 0.236490 0.329594
vt 0.235886 0.321917
vt 0.374888 0.328298
vt 0.375009 0.320721
vt 0.511955 0.334978
vt 0.512318 0.327401
vt 0.648175 0.338268
vt 0.648175 0.330691
vt 0.732254 0.336673
vt 0.732254 0.328996
vt 0.799759 0.336673
vt 0.800001 0.329195
vt 0.871741 0.339664
vt 0.871741 0.332386
vt 0.924608 0.337072
vt 0.923761 0.330193
vt 0.969732 0.327899
vt 0.966103 0.321618
vt 0.976628 0.312047
vt 0.973603 0.303772
vt 0.982314 0.303074
vt 0.979289 0.284131
vt 0.986427 0.284929
vt 0.978442 0.264989
vt 0.985580 0.264490
vt 0.974087 0.258309
vt 0.978442 0.245946
vt 0.964893 0.238369
vt 0.956425 0.224311
vt 0.950618 0.228299
vt 0.941665 0.214242
vt 0.937915 0.225408
vt 0.926785 0.207761
vt 0.920132 0.223015
vt 0.913115 0.204970
vt 0.867869 0.213843
vt 0.911058 0.194402
vt 0.865208 0.202377
vt 0.863756 0.195000
vt 0.815123 0.208160
vt 0.961264 0.312745
vt 0.919043 0.319126
vt 0.867507 0.320123
vt 0.798187 0.315935
vt 0.732375 0.315636
vt 0.648417 0.317431
vt 0.512439 0.314141
vt 0.375130 0.307262
vt 0.235886 0.307262
vt 0.159307 0.318827
vt 0.112852 0.328099
vt 0.063856 0.333981
vt 0.012683 0.342256
vt 0.158339 0.302476
vt 0.236370 0.292905
vt 0.375130 0.294002
vt 0.512439 0.300681
vt 0.648659 0.304071
vt 0.732738 0.302376
vt 0.795283 0.301379
vt 0.859038 0.303274
vt 0.908639 0.300183
vt 0.950981 0.294301
vt 0.964046 0.283533
vt 0.935979 0.263394
vt 0.951586 0.258209
vt 0.961990 0.250832
vt 0.892912 0.269176
vt 0.844521 0.275158
vt 0.789718 0.276454
vt 0.733464 0.279047
vt 0.649022 0.280841
vt 0.512318 0.277352
vt 0.375130 0.270971
vt 0.237337 0.269774
vt 0.156404 0.276753
vt 0.108376 0.281838
vt 0.111279 0.309953
vt 0.059380 0.285926
vt 0.062405 0.315935
vt 0.010022 0.283035
vt 0.011473 0.315138
vt 0.008207 0.243853
vt 0.055751 0.247342
vt 0.104747 0.245747
vt 0.154226 0.243653
vt 0.238426 0.239964
vt 0.375251 0.243055
vt 0.512197 0.248838
vt 0.649627 0.252526
vt 0.734311 0.250732
vt 0.783548 0.246744
vt 0.827705 0.240762
vt 0.875612 0.230393
vt 0.238910 0.226206
vt 0.375251 0.230194
vt 0.512197 0.235677
vt 0.649748 0.238170
vt 0.734674 0.236674
vt 0.780161 0.232886
vt 0.820325 0.227302
vt 0.375372 0.220822
vt 0.512318 0.226305
vt 0.649869 0.229396
vt 0.734553 0.227801
vt 0.779072 0.223414
vt 0.816938 0.215638
vt 0.375614 0.213245
vt 0.512560 0.218629
vt 0.649869 0.221819
vt 0.734069 0.220224
vt 0.777863 0.215638
vt 0.239152 0.209257
vt 0.239152 0.216834
vt 0.152532 0.210852
vt 0.152653 0.218529
vt 0.102448 0.211251
vt 0.102448 0.218828
vt 0.053573 0.211051
vt 0.053331 0.218629
vt 0.007239 0.208060
vt 0.006997 0.215538
vt 0.152411 0.228000
vt 0.102085 0.228299
vt 0.053089 0.228200
vt 0.006876 0.224810
vt 0.970700 0.269276
vt 0.037120 0.723707
vt 0.034943 0.739161
vt 0.982314 0.316434
vt 0.988604 0.305666
vt 0.993323 0.285627
vt 0.992355 0.263095
vt 0.985096 0.243254
vt 0.968401 0.216734
vt 0.963078 0.221420
vt 0.947593 0.208359
vt 0.930898 0.199785
vt 0.911421 0.187323
vt 0.933681 0.192707
vt 0.951707 0.202377
s 1
usemtl Material_0.001
f 570/511/501 571/512/502 572/513/503
f 571/512/502 573/514/504 572/513/503
f 572/513/503 573/514/504 574/515/505
f 573/514/504 575/516/506 574/515/505
f 571/512/502 576/517/507 573/514/504
f 576/517/507 577/518/508 573/514/504
f 573/514/504 577/518/508 578/519/509
f 577/518/508 579/520/510 578/519/509
f 576/517/507 580/521/511 577/518/508
f 580/521/511 581/522/512 577/518/508
f 577/518/508 581/522/512 579/520/510
f 581/522/512 582/523/513 579/520/510
f 580/521/511 583/524/514 581/522/512
f 583/524/514 584/525/515 581/522/512
f 581/522/512 584/525/515 585/526/516
f 585/526/516 586/527/517 581/522/512
f 586/527/517 582/523/513 581/522/512
f 587/528/518 588/529/519 589/530/520
f 588/529/519 590/531/521 589/530/520
f 589/530/520 590/531/521 591/532/522
f 590/531/521 592/533/523 591/532/522
f 591/532/522 592/533/523 593/534/524
f 592/533/523 594/535/525 593/534/524
f 588/529/519 595/536/526 590/531/521
f 595/536/526 596/537/527 590/531/521
f 590/531/521 596/537/527 592/533/523
f 596/537/527 597/538/528 592/533/523
f 592/533/523 597/538/528 594/535/525
f 595/536/526 598/539/529 596/537/527
f 598/539/529 599/540/530 596/537/527
f 596/537/527 599/540/530 597/538/528
f 599/540/530 600/541/531 597/538/528
f 598/539/529 601/542/532 599/540/530
f 601/542/532 602/543/533 599/540/530
f 599/540/530 602/543/533 600/541/531
f 602/543/533 603/544/534 600/541/531
f 601/542/532 604/545/535 602/543/533
f 604/545/535 605/546/536 602/543/533
f 602/543/533 605/546/536 603/544/534
f 605/546/536 606/547/537 603/544/534
f 604/545/535 607/548/538 605/546/536
f 607/548/538 608/549/539 605/546/536
f 605/546/536 608/549/539 606/547/537
f 608/549/539 609/550/540 606/547/537
f 607/548/538 610/551/541 608/549/539
f 610/551/541 611/552/542 608/549/539
f 608/549/539 611/552/542 609/550/540
f 607/548/538 612/553/543 610/551/541
f 612/553/543 613/554/544 610/551/541
f 610/551/541 613/554/544 614/555/545
f 612/553/543 607/548/538 615/556/546
f 607/548/538 604/545/535 615/556/546
f 615/556/546 604/545/535 616/557/547
f 604/545/535 601/542/532 616/557/547
f 616/557/547 601/542/532 617/558/548
f 601/542/532 598/539/529 617/558/548
f 617/558/548 598/539/529 618/559/549
f 598/539/529 595/536/526 618/559/549
f 618/559/549 595/536/526 619/560/550
f 595/536/526 588/529/519 619/560/550
f 615/556/546 620/561/551 612/553/543
f 620/561/551 621/562/552 612/553/543
f 612/553/543 621/562/552 613/554/544
f 622/563/553 623/564/520 624/565/554
f 623/564/520 625/566/555 624/565/554
f 624/565/554 625/566/555 626/567/556
f 625/566/555 627/568/557 626/567/556
f 626/567/556 627/568/557 628/569/558
f 627/568/557 629/570/559 628/569/558
f 628/569/558 629/570/559 630/571/560
f 629/570/559 631/572/561 630/571/560
f 630/571/560 631/572/561 632/573/562
f 631/572/561 633/574/563 632/573/562
f 632/573/562 633/574/563 634/575/564
f 633/574/563 635/576/565 634/575/564
f 634/575/564 635/576/565 636/577/566
f 635/576/565 637/578/567 636/577/566
f 636/577/566 637/578/567 638/579/545
f 637/578/567 639/580/568 638/579/545
f 638/579/545 640/581/544 636/577/566
f 640/581/544 641/582/569 636/577/566
f 636/577/566 641/582/569 634/575/564
f 641/582/569 642/583/570 634/575/564
f 634/575/564 642/583/570 632/573/562
f 642/583/570 643/584/571 632/573/562
f 632/573/562 643/584/571 630/571/560
f 643/584/571 644/585/572 630/571/560
f 630/571/560 644/585/572 628/569/558
f 644/585/572 645/586/573 628/569/558
f 628/569/558 645/586/573 626/567/556
f 645/586/573 646/587/574 626/567/556
f 626/567/556 646/587/574 624/565/554
f 640/581/544 647/588/575 641/582/569
f 647/588/575 648/589/576 641/582/569
f 641/582/569 648/589/576 642/583/570
f 623/564/520 649/590/522 625/566/555
f 649/590/522 650/591/577 625/566/555
f 625/566/555 650/591/577 627/568/557
f 650/591/577 651/592/578 627/568/557
f 627/568/557 651/592/578 629/570/559
f 651/592/578 652/593/579 629/570/559
f 629/570/559 652/593/579 631/572/561
f 652/593/579 653/594/580 631/572/561
f 631/572/561 653/594/580 633/574/563
f 653/594/580 654/595/581 633/574/563
f 633/574/563 654/595/581 635/576/565
f 654/595/581 655/596/582 635/576/565
f 635/576/565 655/596/582 637/578/567
f 649/590/522 656/597/524 650/591/577
f 656/597/524 657/598/583 650/591/577
f 650/591/577 657/598/583 651/592/578
f 610/551/541 614/555/545 611/552/542
f 614/555/545 658/599/568 611/552/542
f 659/600/584 660/601/585 661/602/583
f 660/601/585 662/603/586 661/602/583
f 661/602/583 662/603/586 663/604/587
f 662/603/586 664/605/588 663/604/587
f 663/604/587 664/605/588 665/606/589
f 664/605/588 666/607/590 665/606/589
f 665/606/589 666/607/590 667/608/591
f 666/607/590 668/609/592 667/608/591
f 667/608/591 668/609/592 669/610/593
f 668/609/592 670/611/563 669/610/593
f 669/610/593 670/611/563 671/612/594
f 670/611/563 672/613/595 671/612/594
f 671/612/594 672/613/595 673/614/596
f 672/613/595 674/615/597 673/614/596
f 673/614/596 674/615/597 675/616/598
f 674/615/597 676/617/599 675/616/598
f 675/616/598 677/618/600 673/614/596
f 677/618/600 678/619/601 673/614/596
f 673/614/596 678/619/601 671/612/594
f 678/619/601 679/620/602 671/612/594
f 671/612/594 679/620/602 669/610/593
f 679/620/602 680/621/603 669/610/593
f 669/610/593 680/621/603 667/608/591
f 680/621/603 681/622/604 667/608/591
f 667/608/591 681/622/604 665/606/589
f 681/622/604 682/623/605 665/606/589
f 665/606/589 682/623/605 663/604/587
f 682/623/605 683/624/579 663/604/587
f 663/604/587 683/624/579 684/625/606
f 683/624/579 682/623/605 685/626/607
f 682/623/605 681/622/604 685/626/607
f 685/626/607 681/622/604 686/627/581
f 681/622/604 680/621/603 686/627/581
f 686/627/581 680/621/603 687/628/582
f 680/621/603 679/620/602 687/628/582
f 687/628/582 679/620/602 688/629/608
f 679/620/602 678/619/601 688/629/608
f 688/629/608 678/619/601 689/630/609
f 678/619/601 677/618/600 689/630/609
f 689/630/609 690/631/568 688/629/608
f 690/631/568 691/632/567 688/629/608
f 688/629/608 691/632/567 687/628/582
f 660/601/585 692/633/610 662/603/586
f 692/633/610 693/634/611 662/603/586
f 662/603/586 693/634/611 664/605/588
f 693/634/611 694/635/612 664/605/588
f 664/605/588 694/635/612 666/607/590
f 694/635/612 695/636/613 666/607/590
f 666/607/590 695/636/613 696/637/614
f 695/636/613 697/638/615 696/637/614
f 696/637/614 697/638/615 698/639/616
f 697/638/615 699/640/617 698/639/616
f 698/639/616 699/640/617 700/641/618
f 699/640/617 701/642/619 700/641/618
f 700/641/618 701/642/619 702/643/620
f 701/642/619 703/644/621 702/643/620
f 702/643/620 703/644/621 704/645/622
f 703/644/621 705/646/623 704/645/622
f 704/645/622 705/646/623 706/647/624
f 705/646/623 707/648/625 706/647/624
f 706/647/624 707/648/625 708/649/626
f 707/648/625 709/650/627 708/649/626
f 708/649/626 709/650/627 710/651/628
f 709/650/627 711/652/629 710/651/628
f 710/651/628 711/652/629 712/653/630
f 711/652/629 713/654/631 712/653/630
f 712/653/630 713/654/631 714/655/632
f 713/654/631 715/656/633 714/655/632
f 714/655/632 715/656/633 716/657/634
f 715/656/633 717/658/635 716/657/634
f 716/657/634 717/658/635 718/659/636
f 717/658/635 719/660/637 718/659/636
f 718/659/636 719/660/637 720/661/638
f 719/660/637 721/662/639 720/661/638
f 720/661/638 721/662/639 722/663/640
f 721/662/639 723/664/641 722/663/640
f 722/663/640 723/664/641 724/665/642
f 712/653/630 725/666/643 710/651/628
f 725/666/643 726/667/644 710/651/628
f 710/651/628 726/667/644 708/649/626
f 726/667/644 727/668/592 708/649/626
f 708/649/626 727/668/592 706/647/624
f 727/668/592 728/669/645 706/647/624
f 706/647/624 728/669/645 704/645/622
f 728/669/645 729/670/646 704/645/622
f 704/645/622 729/670/646 702/643/620
f 729/670/646 730/671/645 702/643/620
f 702/643/620 730/671/645 700/641/618
f 730/671/645 731/672/647 700/641/618
f 700/641/618 731/672/647 698/639/616
f 731/672/647 732/673/648 698/639/616
f 698/639/616 732/673/648 696/637/614
f 732/673/648 668/609/592 696/637/614
f 696/637/614 668/609/592 666/607/590
f 725/666/643 733/674/649 726/667/644
f 733/674/649 734/675/650 726/667/644
f 726/667/644 734/675/650 727/668/592
f 734/675/650 735/676/651 727/668/592
f 727/668/592 735/676/651 728/669/645
f 735/676/651 736/677/652 728/669/645
f 728/669/645 736/677/652 729/670/646
f 736/677/652 737/678/653 729/670/646
f 729/670/646 737/678/653 730/671/645
f 737/678/653 738/679/654 730/671/645
f 730/671/645 738/679/654 731/672/647
f 738/679/654 739/680/655 731/672/647
f 731/672/647 739/680/655 732/673/648
f 739/680/655 670/611/563 732/673/648
f 732/673/648 670/611/563 668/609/592
f 670/611/563 739/680/655 740/681/656
f 739/680/655 738/679/654 740/681/656
f 740/681/656 738/679/654 741/682/657
f 738/679/654 737/678/653 741/682/657
f 741/682/657 737/678/653 742/683/658
f 737/678/653 736/677/652 742/683/658
f 742/683/658 736/677/652 743/684/659
f 736/677/652 735/676/651 743/684/659
f 743/684/659 735/676/651 744/685/660
f 735/676/651 734/675/650 744/685/660
f 744/685/660 734/675/650 745/686/661
f 734/675/650 733/674/649 745/686/661
f 745/686/661 733/674/649 746/687/662
f 733/674/649 747/688/663 746/687/662
f 746/687/662 747/688/663 748/689/664
f 747/688/663 749/690/665 748/689/664
f 748/689/664 749/690/665 750/691/666
f 749/690/665 751/692/667 750/691/666
f 750/691/666 751/692/667 752/693/668
f 751/692/667 722/663/640 752/693/668
f 752/693/668 722/663/640 724/665/642
f 750/691/666 753/694/669 748/689/664
f 753/694/669 754/695/670 748/689/664
f 748/689/664 754/695/670 746/687/662
f 754/695/670 755/696/671 746/687/662
f 746/687/662 755/696/671 745/686/661
f 755/696/671 756/697/672 745/686/661
f 745/686/661 756/697/672 744/685/660
f 756/697/672 757/698/673 744/685/660
f 744/685/660 757/698/673 743/684/659
f 757/698/673 758/699/674 743/684/659
f 743/684/659 758/699/674 742/683/658
f 758/699/674 759/700/675 742/683/658
f 742/683/658 759/700/675 741/682/657
f 759/700/675 760/701/676 741/682/657
f 741/682/657 760/701/676 740/681/656
f 760/701/676 674/615/597 740/681/656
f 740/681/656 674/615/597 672/613/595
f 753/694/669 761/702/677 754/695/670
f 761/702/677 762/703/678 754/695/670
f 754/695/670 762/703/678 755/696/671
f 762/703/678 763/704/679 755/696/671
f 755/696/671 763/704/679 756/697/672
f 763/704/679 764/705/544 756/697/672
f 756/697/672 764/705/544 757/698/673
f 764/705/544 765/706/680 757/698/673
f 757/698/673 765/706/680 758/699/674
f 765/706/680 766/707/681 758/699/674
f 758/699/674 766/707/681 759/700/675
f 766/707/681 767/708/682 759/700/675
f 759/700/675 767/708/682 760/701/676
f 767/708/682 676/617/599 760/701/676
f 760/701/676 676/617/599 674/615/597
f 761/702/677 753/694/669 768/709/683
f 753/694/669 752/693/668 768/709/683
f 768/709/683 752/693/668 724/665/642
f 723/664/641 721/662/639 769/710/684
f 721/662/639 770/711/685 769/710/684
f 769/710/684 770/711/685 771/712/686
f 770/711/685 772/713/687 771/712/686
f 771/712/686 772/713/687 773/714/688
f 772/713/687 774/715/689 773/714/688
f 773/714/688 774/715/689 775/716/690
f 774/715/689 776/717/691 775/716/690
f 775/716/690 776/717/691 777/718/692
f 776/717/691 778/719/693 777/718/692
f 777/718/692 778/719/693 779/720/694
f 778/719/693 780/721/695 779/720/694
f 770/711/685 781/722/696 772/713/687
f 781/722/696 782/723/697 772/713/687
f 772/713/687 782/723/697 774/715/689
f 782/723/697 783/724/698 774/715/689
f 774/715/689 783/724/698 776/717/691
f 783/724/698 784/725/699 776/717/691
f 776/717/691 784/725/699 778/719/693
f 784/725/699 785/726/700 778/719/693
f 778/719/693 785/726/700 780/721/695
f 785/726/700 786/727/701 780/721/695
f 780/721/695 786/727/701 787/728/702
f 786/727/701 788/729/703 787/728/702
f 787/728/702 788/729/703 789/730/704
f 788/729/703 790/731/705 789/730/704
f 789/730/704 790/731/705 791/732/706
f 790/731/705 792/733/707 791/732/706
f 791/732/706 792/733/707 793/734/708
f 792/733/707 794/735/709 793/734/708
f 793/734/708 794/735/709 795/736/710
f 794/735/709 796/737/711 795/736/710
f 795/736/710 796/737/711 797/738/712
f 796/737/711 798/739/713 797/738/712
f 797/738/712 798/739/713 799/740/524
f 798/739/713 800/741/714 799/740/524
f 799/740/524 800/741/714 801/742/715
f 800/741/714 802/743/716 801/742/715
f 801/742/715 802/743/716 803/744/610
f 802/743/716 693/634/611 803/744/610
f 803/744/610 693/634/611 692/633/610
f 785/726/700 711/652/629 786/727/701
f 711/652/629 709/650/627 786/727/701
f 786/727/701 709/650/627 788/729/703
f 709/650/627 707/648/625 788/729/703
f 788/729/703 707/648/625 790/731/705
f 707/648/625 705/646/623 790/731/705
f 790/731/705 705/646/623 792/733/707
f 705/646/623 703/644/621 792/733/707
f 792/733/707 703/644/621 794/735/709
f 703/644/621 701/642/619 794/735/709
f 794/735/709 701/642/619 796/737/711
f 701/642/619 699/640/617 796/737/711
f 796/737/711 699/640/617 798/739/713
f 699/640/617 697/638/615 798/739/713
f 798/739/713 697/638/615 800/741/714
f 697/638/615 695/636/613 800/741/714
f 800/741/714 695/636/613 802/743/716
f 695/636/613 694/635/612 802/743/716
f 802/743/716 694/635/612 693/634/611
f 785/726/700 784/725/699 711/652/629
f 784/725/699 713/654/631 711/652/629
f 784/725/699 783/724/698 713/654/631
f 783/724/698 804/745/717 713/654/631
f 713/654/631 804/745/717 715/656/633
f 804/745/717 717/658/635 715/656/633
f 783/724/698 782/723/697 804/745/717
f 782/723/697 781/722/696 804/745/717
f 804/745/717 781/722/696 717/658/635
f 781/722/696 805/746/718 717/658/635
f 717/658/635 805/746/718 719/660/637
f 805/746/718 770/711/685 719/660/637
f 719/660/637 770/711/685 721/662/639
f 722/663/640 751/692/667 720/661/638
f 751/692/667 716/657/634 720/661/638
f 720/661/638 716/657/634 718/659/636
f 751/692/667 749/690/665 716/657/634
f 749/690/665 714/655/632 716/657/634
f 749/690/665 747/688/663 714/655/632
f 747/688/663 725/666/643 714/655/632
f 714/655/632 725/666/643 712/653/630
f 806/747/524 807/748/525 808/749/585
f 807/748/525 809/750/719 808/749/585
f 808/749/585 809/750/719 810/751/610
f 809/750/719 811/752/720 810/751/610
f 810/751/610 811/752/720 812/753/610
f 811/752/720 813/754/721 812/753/610
f 812/753/610 813/754/721 814/755/715
f 813/754/721 815/756/722 814/755/715
f 814/755/715 815/756/722 816/757/723
f 815/756/722 817/758/724 816/757/723
f 816/757/723 817/758/724 818/759/712
f 817/758/724 819/760/725 818/759/712
f 818/759/712 819/760/725 820/761/710
f 819/760/725 821/762/726 820/761/710
f 820/761/710 821/762/726 822/763/708
f 821/762/726 823/764/727 822/763/708
f 822/763/708 823/764/727 824/765/728
f 823/764/727 825/766/729 824/765/728
f 824/765/728 825/766/729 826/767/704
f 825/766/729 827/768/730 826/767/704
f 826/767/704 827/768/730 828/769/731
f 827/768/730 829/770/732 828/769/731
f 828/769/731 829/770/732 830/771/695
f 829/770/732 831/772/733 830/771/695
f 830/771/695 831/772/733 832/773/734
f 831/772/733 833/774/735 832/773/734
f 832/773/734 833/774/735 834/775/736
f 833/774/735 835/776/737 834/775/736
f 834/775/736 835/776/737 836/777/738
f 835/776/737 837/778/739 836/777/738
f 836/777/738 837/778/739 838/779/740
f 837/778/739 839/780/741 838/779/740
f 838/779/740 839/780/741 840/781/742
f 839/780/741 841/782/743 840/781/742
f 840/781/742 841/782/743 842/783/744
f 841/782/743 843/784/745 842/783/744
f 842/783/744 843/784/745 844/785/746
f 843/784/745 845/786/747 844/785/746
f 844/785/746 845/786/747 846/787/748
f 845/786/747 847/788/749 846/787/748
f 846/787/748 847/788/749 848/789/750
f 847/788/749 849/790/751 848/789/750
f 848/789/750 849/790/751 850/791/752
f 849/790/751 851/792/753 850/791/752
f 850/791/752 851/792/753 852/793/754
f 851/792/753 853/794/678 852/793/754
f 833/774/735 831/772/733 854/795/755
f 831/772/733 829/770/732 854/795/755
f 854/795/755 829/770/732 855/796/756
f 829/770/732 827/768/730 855/796/756
f 855/796/756 827/768/730 856/797/757
f 827/768/730 825/766/729 856/797/757
f 856/797/757 825/766/729 857/798/758
f 825/766/729 823/764/727 857/798/758
f 857/798/758 823/764/727 858/799/759
f 823/764/727 821/762/726 858/799/759
f 858/799/759 821/762/726 859/800/760
f 821/762/726 819/760/725 859/800/760
f 859/800/760 819/760/725 860/801/761
f 819/760/725 817/758/724 860/801/761
f 860/801/761 817/758/724 861/802/762
f 817/758/724 815/756/722 861/802/762
f 861/802/762 815/756/722 862/803/763
f 815/756/722 813/754/721 862/803/763
f 862/803/763 813/754/721 863/804/764
f 813/754/721 811/752/720 863/804/764
f 863/804/764 811/752/720 864/805/765
f 811/752/720 809/750/719 864/805/765
f 864/805/765 809/750/719 865/806/766
f 809/750/719 807/748/525 865/806/766
f 865/806/766 807/748/525 866/807/528
f 863/804/764 867/808/767 862/803/763
f 867/808/767 868/809/768 862/803/763
f 862/803/763 868/809/768 861/802/762
f 868/809/768 869/810/769 861/802/762
f 861/802/762 869/810/769 860/801/761
f 869/810/769 870/811/770 860/801/761
f 860/801/761 870/811/770 859/800/760
f 870/811/770 871/812/771 859/800/760
f 859/800/760 871/812/771 858/799/759
f 871/812/771 872/813/772 858/799/759
f 858/799/759 872/813/772 857/798/758
f 872/813/772 873/814/773 857/798/758
f 857/798/758 873/814/773 856/797/757
f 873/814/773 874/815/774 856/797/757
f 856/797/757 874/815/774 855/796/756
f 874/815/774 875/816/775 855/796/756
f 855/796/756 875/816/775 854/795/755
f 875/816/775 876/817/776 854/795/755
f 854/795/755 876/817/776 877/818/777
f 876/817/776 878/819/778 877/818/777
f 877/818/777 878/819/778 879/820/779
f 878/819/778 845/786/747 879/820/779
f 879/820/779 845/786/747 880/821/780
f 845/786/747 843/784/745 880/821/780
f 880/821/780 843/784/745 841/782/743
f 878/819/778 876/817/776 881/822/781
f 876/817/776 875/816/775 881/822/781
f 881/822/781 875/816/775 882/823/782
f 875/816/775 874/815/774 882/823/782
f 882/823/782 874/815/774 883/824/783
f 874/815/774 873/814/773 883/824/783
f 883/824/783 873/814/773 884/825/784
f 873/814/773 872/813/772 884/825/784
f 884/825/784 872/813/772 885/826/785
f 872/813/772 871/812/771 885/826/785
f 885/826/785 871/812/771 886/827/786
f 871/812/771 870/811/770 886/827/786
f 886/827/786 870/811/770 887/828/787
f 870/811/770 869/810/769 887/828/787
f 887/828/787 869/810/769 888/829/787
f 869/810/769 868/809/768 888/829/787
f 888/829/787 868/809/768 889/830/788
f 868/809/768 867/808/767 889/830/788
f 889/830/788 867/808/767 890/831/789
f 867/808/767 891/832/790 890/831/789
f 890/831/789 891/832/790 892/833/791
f 891/832/790 893/834/792 892/833/791
f 892/833/791 893/834/792 894/835/534
f 893/834/792 895/836/793 894/835/534
f 894/835/534 896/837/794 892/833/791
f 896/837/794 897/838/795 892/833/791
f 892/833/791 897/838/795 890/831/789
f 897/838/795 898/839/796 890/831/789
f 890/831/789 898/839/796 889/830/788
f 898/839/796 899/840/797 889/830/788
f 889/830/788 899/840/797 888/829/787
f 899/840/797 900/841/798 888/829/787
f 888/829/787 900/841/798 887/828/787
f 900/841/798 901/842/799 887/828/787
f 887/828/787 901/842/799 886/827/786
f 901/842/799 902/843/800 886/827/786
f 886/827/786 902/843/800 885/826/785
f 902/843/800 903/844/801 885/826/785
f 885/826/785 903/844/801 884/825/784
f 903/844/801 904/845/802 884/825/784
f 884/825/784 904/845/802 883/824/783
f 904/845/802 905/846/803 883/824/783
f 883/824/783 905/846/803 882/823/782
f 905/846/803 906/847/804 882/823/782
f 882/823/782 906/847/804 881/822/781
f 906/847/804 907/848/805 881/822/781
f 881/822/781 907/848/805 878/819/778
f 907/848/805 847/788/749 878/819/778
f 878/819/778 847/788/749 845/786/747
f 900/841/798 908/849/806 901/842/799
f 908/849/806 909/850/807 901/842/799
f 901/842/799 909/850/807 902/843/800
f 909/850/807 910/851/808 902/843/800
f 902/843/800 910/851/808 903/844/801
f 910/851/808 911/852/809 903/844/801
f 903/844/801 911/852/809 904/845/802
f 911/852/809 912/853/810 904/845/802
f 904/845/802 912/853/810 905/846/803
f 912/853/810 913/854/811 905/846/803
f 905/846/803 913/854/811 906/847/804
f 913/854/811 914/855/812 906/847/804
f 906/847/804 914/855/812 907/848/805
f 914/855/812 849/790/751 907/848/805
f 907/848/805 849/790/751 847/788/749
f 908/849/806 915/856/813 909/850/807
f 915/856/813 916/857/814 909/850/807
f 909/850/807 916/857/814 910/851/808
f 916/857/814 917/858/815 910/851/808
f 910/851/808 917/858/815 911/852/809
f 917/858/815 918/859/816 911/852/809
f 911/852/809 918/859/816 912/853/810
f 918/859/816 919/860/817 912/853/810
f 912/853/810 919/860/817 913/854/811
f 919/860/817 920/861/818 913/854/811
f 913/854/811 920/861/818 914/855/812
f 920/861/818 851/792/753 914/855/812
f 914/855/812 851/792/753 849/790/751
f 915/856/813 921/862/819 916/857/814
f 921/862/819 922/863/820 916/857/814
f 916/857/814 922/863/820 917/858/815
f 922/863/820 923/864/821 917/858/815
f 917/858/815 923/864/821 918/859/816
f 923/864/821 924/865/544 918/859/816
f 918/859/816 924/865/544 919/860/817
f 924/865/544 925/866/679 919/860/817
f 919/860/817 925/866/679 920/861/818
f 925/866/679 853/794/678 920/861/818
f 920/861/818 853/794/678 851/792/753
f 921/862/819 915/856/813 926/867/822
f 915/856/813 927/868/823 926/867/822
f 926/867/822 927/868/823 928/869/824
f 927/868/823 929/870/825 928/869/824
f 928/869/824 929/870/825 930/871/826
f 929/870/825 931/872/827 930/871/826
f 930/871/826 931/872/827 932/873/609
f 931/872/827 933/874/828 932/873/609
f 932/873/609 933/874/828 934/875/568
f 933/874/828 935/876/542 934/875/568
f 915/856/813 908/849/806 927/868/823
f 908/849/806 936/877/829 927/868/823
f 927/868/823 936/877/829 929/870/825
f 936/877/829 937/878/830 929/870/825
f 929/870/825 937/878/830 931/872/827
f 937/878/830 938/879/831 931/872/827
f 931/872/827 938/879/831 933/874/828
f 938/879/831 939/880/540 933/874/828
f 933/874/828 939/880/540 935/876/542
f 936/877/829 899/840/797 937/878/830
f 899/840/797 898/839/796 937/878/830
f 937/878/830 898/839/796 938/879/831
f 898/839/796 897/838/795 938/879/831
f 938/879/831 897/838/795 939/880/540
f 897/838/795 896/837/794 939/880/540
f 936/877/829 908/849/806 899/840/797
f 908/849/806 900/841/798 899/840/797
f 841/782/743 839/780/741 880/821/780
f 839/780/741 940/881/832 880/821/780
f 880/821/780 940/881/832 879/820/779
f 940/881/832 877/818/777 879/820/779
f 839/780/741 837/778/739 940/881/832
f 837/778/739 835/776/737 940/881/832
f 940/881/832 835/776/737 877/818/777
f 835/776/737 833/774/735 877/818/777
f 877/818/777 833/774/735 854/795/755
f 863/804/764 864/805/765 867/808/767
f 864/805/765 891/832/790 867/808/767
f 864/805/765 865/806/766 891/832/790
f 865/806/766 893/834/792 891/832/790
f 893/834/792 865/806/766 895/836/793
f 865/806/766 866/807/528 895/836/793
f 941/882/833 575/516/506 942/883/834
f 575/516/506 573/514/504 942/883/834
f 942/883/834 573/514/504 578/519/509
f 830/771/695 832/773/734 943/884/694
f 832/773/734 944/885/835 943/884/694
f 832/773/734 834/775/736 944/885/835
f 834/775/736 945/886/836 944/885/835
f 834/775/736 836/777/738 945/886/836
f 836/777/738 946/887/837 945/886/836
f 836/777/738 838/779/740 946/887/837
f 838/779/740 947/888/838 946/887/837
f 838/779/740 840/781/742 947/888/838
f 840/781/742 948/889/839 947/888/838
f 948/889/839 840/781/742 949/890/840
f 840/781/742 842/783/744 949/890/840
f 949/890/840 842/783/744 844/785/746
f 949/890/840 844/785/746 950/891/841
f 844/785/746 846/787/748 950/891/841
f 950/891/841 846/787/748 951/892/842
f 846/787/748 848/789/750 951/892/842
f 951/892/842 848/789/750 850/791/752
f 850/791/752 952/893/683 951/892/842
f 952/893/683 953/894/843 951/892/842
f 951/892/842 953/894/843 950/891/841
f 953/894/843 954/895/641 950/891/841
f 950/891/841 954/895/641 949/890/840
f 954/895/641 948/889/839 949/890/840
f 956/537/844 962/637/614 955/535/845
f 965/681/656 960/613/846 959/611/563
f 958/604/847 961/625/848 957/602/849
f 963/666/850 966/688/663 964/674/649
f 968/693/851 969/694/852 967/691/666
f 971/722/696 970/711/853 972/746/718
l 571 575
l 576 579
l 580 582
l 582 587
l 588 594
l 594 595
l 598 600
l 601 603
l 604 606
l 607 609
l 612 614
l 588 615
l 613 622
l 624 640
l 623 642
l 637 649
l 610 651
l 658 659
l 660 687
l 712 724
l 666 725
l 724 750
l 672 753
l 674 761
l 770 780
l 692 785
l 693 785
l 717 783
l 718 751
l 712 806
l 833 853
l 863 866
l 841 878
l 845 900
l 847 908
l 849 915
l 851 921
l 915 935
l 935 936
l 896 936
l 841 900
l 839 877
l 854 863
l 866 941
l 578 830
o defaultMaterial.002
v -24.378233 62.957584 -392.707642
v -22.924543 62.769230 -392.866608
v -24.690708 59.708477 -393.025604
v -23.182676 59.473034 -393.237579
v -24.731464 56.223934 -393.184601
v -23.073986 56.082661 -393.343536
v -24.446163 52.645199 -392.654633
v -22.584894 52.739376 -392.707642
v -23.929897 49.207737 -390.958923
v -21.892014 49.490269 -390.905914
v -21.253475 63.098850 -392.601654
v -21.484436 59.896832 -392.919617
v -21.185547 56.836079 -392.813629
v -20.424734 53.822414 -391.965729
v -19.514481 50.808750 -390.111023
v -19.337866 63.616825 -392.018738
v -19.595997 60.744427 -392.230713
v -18.998219 58.390003 -391.806793
v -17.843414 55.988483 -390.640930
v -16.620684 53.304440 -388.627258
v -17.259222 64.087708 -391.064911
v -17.965689 61.733288 -391.488831
v -16.824474 60.744427 -390.640930
v -15.112649 59.425945 -388.945221
v -13.427999 57.542408 -386.454620
v -15.696843 50.102413 -385.871674
v -12.246024 54.575825 -383.381042
v -12.178095 49.961155 -379.989563
v -9.189198 55.093807 -376.598114
v -10.316827 50.243687 -372.782684
v -8.441973 55.093807 -369.497162
v -10.248897 51.938869 -365.575745
v -9.066923 56.977345 -362.767181
v -12.123751 50.479130 -361.336395
v -11.131981 54.481655 -359.216736
v -13.591028 49.961155 -358.262878
v -13.400826 52.409756 -356.143188
v -16.022903 50.102413 -354.129486
v -16.009315 53.257351 -351.108948
v -19.025385 51.373814 -349.519196
v -18.726496 55.140888 -346.922607
v -21.253471 54.104946 -345.968750
v -21.226305 58.201641 -344.273010
v -15.302851 47.795086 -357.785950
v -13.726886 47.041660 -362.343262
v -11.919963 47.653812 -367.748444
v -12.803046 46.288250 -375.326263
v -15.302852 46.523685 -382.109253
v -15.791943 44.357616 -362.979156
v -17.626040 45.629002 -357.415009
v -18.808012 48.077618 -352.963684
v -21.470846 50.243687 -348.671326
v -18.020031 42.615337 -363.403107
v -14.039362 44.451801 -369.285187
v -16.389723 42.426991 -370.186066
v -15.506639 43.698376 -376.810059
v -24.378233 62.957584 -392.707642
v -23.957071 66.112518 -392.283722
v -22.924543 62.769230 -392.866608
v -22.489794 66.018341 -392.389709
v -21.253475 63.098850 -392.601654
v -20.791557 66.253784 -392.071716
v -19.337866 63.616825 -392.018738
v -18.808014 66.724670 -391.488831
v -16.552755 67.383911 -390.429016
v -18.495541 69.926682 -390.799927
v -16.335381 70.868454 -389.740112
v -18.563469 73.034531 -390.005035
v -16.770130 74.258835 -388.998199
v -18.862358 75.341873 -389.369141
v -17.884174 77.037064 -388.362305
v -19.650341 78.779343 -388.097351
v -18.672155 81.981354 -386.189636
v -20.954588 83.252747 -385.977661
v -20.139433 86.784393 -383.222076
v -22.367521 87.396545 -383.063110
v -21.688227 90.928177 -379.406647
v -19.188421 90.268936 -379.512665
v -17.435839 85.418823 -383.434052
v -16.376139 79.674026 -386.666534
v -14.691488 76.330734 -387.302460
v -13.903505 72.422394 -388.044342
v -14.093708 68.278595 -388.786224
v -15.139821 64.228973 -389.634125
v -17.259222 64.087708 -391.064911
v -16.090836 88.856293 -379.618652
v -14.609972 82.876038 -383.910950
v -12.449815 79.156036 -384.652863
v -11.349357 74.635544 -385.500732
v -11.471630 69.549988 -386.242615
v -12.803046 64.181885 -387.355438
v -12.843805 86.266418 -379.936584
v -10.303242 82.358063 -380.625458
v -8.985410 77.178329 -381.685333
v -9.039754 70.868454 -382.692169
v -10.561373 63.711010 -384.069946
v -14.949620 92.058304 -374.796356
v -11.430872 89.421341 -374.849365
v -8.645762 85.183380 -375.432281
v -7.694749 87.019821 -369.762115
v -5.996511 80.757065 -371.192932
v -5.588935 80.427429 -366.158691
v -5.031913 73.646683 -368.384338
v -5.806309 77.696304 -362.131287
v -5.398731 70.868454 -365.204803
v -6.621462 73.505417 -358.898773
v -6.512775 66.724670 -362.396240
v -7.993638 68.984924 -356.143188
v -8.197426 62.722141 -359.534668
v -10.289654 59.237598 -356.461151
v -12.911734 55.988483 -353.546600
v -10.670063 91.587418 -369.232208
v -7.395860 86.878571 -364.356964
v -7.504546 84.335785 -359.587677
v -8.034396 80.097809 -355.825226
v -9.012581 75.200607 -352.910675
v -10.520616 69.926682 -350.579041
v -9.895663 64.511505 -353.493591
v -12.721530 64.841125 -348.618347
v -12.476984 60.273540 -350.949982
v -15.574569 61.121136 -346.763611
v -15.642498 57.071514 -348.671326
v -18.590639 59.143414 -345.226868
v -10.452686 91.869949 -363.403107
v -10.493445 89.609695 -357.997925
v -10.765162 85.418823 -353.599579
v -11.362941 80.333252 -350.367096
v -12.354712 74.682632 -348.141418
v -13.917090 69.126175 -346.604645
v -16.090834 65.123657 -345.385834
v -18.767256 63.428478 -344.273010
v -21.443678 62.722141 -343.531128
v -14.202394 93.141342 -357.203033
v -14.311081 89.044632 -352.380768
v -14.569214 83.911987 -348.724335
v -15.058306 78.073013 -346.445679
v -15.887046 72.281113 -345.226868
v -16.824472 68.231506 -344.643951
v -18.971043 68.043152 -343.902069
v -21.661053 67.948975 -343.425110
v -18.658569 73.599594 -344.273010
v -18.305334 79.909470 -345.438812
v -18.128717 85.889694 -347.929443
v -18.047203 91.116531 -351.744873
v -17.938517 95.166138 -356.779114
v -17.789072 97.002609 -362.979156
v -20.913828 97.803101 -362.873169
v -20.777971 96.955505 -369.285187
v -21.307821 96.060822 -356.567139
v -21.579535 91.964127 -351.426910
v -21.647467 86.690216 -347.558502
v -21.633881 80.615784 -345.067871
v -21.674639 74.117569 -343.849060
v -5.290044 68.325684 -370.239044
v -5.874238 64.841125 -368.490326
v -7.042624 59.991009 -372.358734
v -7.219242 60.508984 -365.999695
v -6.186714 66.112518 -373.789520
v -8.605003 62.204166 -379.300690
v -10.561373 63.711010 -384.069946
v -12.803046 64.181885 -387.355438
v -15.139821 64.228973 -389.634125
v -7.124141 79.344406 -376.704071
v -7.069798 71.904404 -378.081848
v -5.588935 73.552505 -372.888672
v -6.186714 66.112518 -373.789520
v -8.605003 62.204166 -379.300690
v -5.290044 68.325684 -370.239044
v -14.134462 51.326710 -322.281342
v -14.093705 55.988483 -323.235199
v -14.609969 51.467983 -321.274475
v -14.569212 56.412273 -322.281342
v -15.900630 51.515064 -321.009521
v -15.859872 56.553539 -322.016388
v -31.144009 56.506443 -322.546295
v -31.062494 61.026943 -324.771973
v -31.891232 56.459362 -322.652283
v -31.796133 60.932774 -324.877960
v -32.421078 56.365185 -322.917236
v -32.325981 60.791508 -325.142914
v -14.012189 60.179363 -325.301880
v -14.474110 60.791515 -324.454010
v -15.778357 61.026951 -324.189056
v -30.926634 64.888214 -328.216461
v -31.673861 64.794037 -328.269409
v -32.203709 64.605682 -328.481415
v -13.889917 63.758099 -328.481415
v -14.351838 64.605698 -327.792511
v -15.642497 64.888229 -327.580536
v -30.750019 67.713516 -332.508789
v -31.497242 67.619354 -332.561798
v -32.040680 67.383911 -332.720764
v -13.740472 66.395050 -332.455811
v -14.188806 67.383911 -332.031860
v -15.479467 67.713531 -331.872894
v -30.559814 69.361618 -337.384033
v -31.320627 69.267441 -337.437042
v -31.850475 68.984909 -337.490021
v -13.563855 67.901886 -337.013092
v -13.998605 68.984924 -336.801147
v -15.289265 69.361633 -336.801147
v -30.369614 69.644165 -342.524261
v -31.116838 69.549988 -342.524261
v -31.646688 69.314545 -342.577271
v -13.373655 68.231506 -341.782379
v -13.794817 69.314545 -341.835358
v -15.085478 69.644165 -341.941345
v -30.165825 68.608215 -347.558502
v -30.913048 68.561111 -347.558502
v -31.456486 68.278595 -347.505493
v -13.197037 67.242645 -346.445679
v -13.604615 68.278595 -346.816620
v -14.881689 68.608215 -346.975586
v -29.989206 66.347961 -352.168793
v -30.736433 66.253784 -352.168793
v -31.279867 66.018341 -352.062836
v -13.034005 65.123657 -350.738037
v -13.427998 66.018341 -351.320923
v -14.705070 66.347961 -351.585876
v -29.839766 62.910503 -356.037231
v -30.586988 62.863415 -355.984222
v -31.130426 62.675053 -355.825226
v -12.884561 61.968731 -354.288483
v -13.278552 62.675053 -355.136353
v -14.555627 62.910503 -355.454285
v -29.731079 58.625446 -358.898773
v -30.478302 58.578350 -358.845764
v -31.021738 58.437092 -358.633820
v -12.789460 57.966198 -356.938080
v -13.169865 58.437092 -357.944916
v -14.446939 58.625446 -358.315857
v -29.663145 53.728230 -360.541534
v -30.423958 53.681149 -360.488556
v -30.967394 53.634060 -360.223572
v -12.721530 53.445698 -358.421844
v -13.115521 53.634060 -359.534668
v -14.379010 53.728230 -359.905609
v -29.649559 48.548496 -360.859467
v -30.410372 48.548496 -360.753510
v -30.953806 48.595585 -360.541534
v -12.721530 48.642681 -358.739807
v -13.101935 48.595585 -359.852631
v -14.365423 48.548496 -360.223572
v -29.690319 43.510021 -359.799652
v -30.451128 43.557117 -359.746643
v -30.994566 43.604206 -359.534668
v -12.748700 43.980907 -357.785950
v -13.142693 43.604206 -358.845764
v -14.406181 43.510021 -359.216736
v -29.785419 38.895344 -357.520996
v -30.532644 38.942432 -357.468018
v -31.076080 39.083706 -357.256012
v -12.830216 39.695858 -355.666260
v -13.224207 39.083706 -356.567139
v -14.501282 38.895344 -356.885071
v -29.921278 35.034084 -354.076508
v -30.668505 35.081173 -354.076508
v -31.211939 35.316616 -353.917542
v -12.952490 36.117123 -352.486755
v -13.360066 35.316616 -353.228638
v -14.637141 35.034084 -353.493591
v -30.084309 32.161694 -349.784149
v -30.831532 32.255863 -349.784149
v -31.374968 32.491306 -349.678192
v -13.115520 33.480167 -348.512360
v -13.523097 32.491306 -348.989288
v -14.800172 32.161694 -349.201263
v -30.274509 30.560680 -344.908905
v -31.021734 30.654858 -344.908905
v -31.565170 30.890293 -344.855896
v -13.292137 31.973331 -343.955048
v -13.713301 30.890293 -344.167023
v -14.990374 30.560680 -344.325989
v -30.478298 30.231060 -339.768677
v -31.225523 30.325237 -339.768677
v -31.755373 30.607754 -339.821686
v -13.482340 31.690800 -339.185760
v -13.903502 30.607761 -339.132782
v -15.194163 30.231060 -339.185760
v -30.668503 31.267002 -334.681458
v -31.415726 31.361172 -334.787445
v -31.945574 31.596622 -334.893433
v -13.658956 32.632572 -334.522491
v -14.093704 31.596630 -334.204529
v -15.384365 31.267010 -334.098541
v -30.845118 33.574345 -330.071167
v -31.592344 33.668514 -330.177155
v -32.122196 33.856869 -330.336121
v -13.821986 34.751553 -330.230133
v -14.270321 33.856876 -329.647217
v -15.574567 33.574352 -329.488251
v -30.994564 37.011799 -326.255737
v -31.741787 37.058887 -326.308716
v -32.271641 37.247234 -326.573669
v -13.957845 37.953579 -326.679657
v -14.419765 37.247242 -325.884796
v -15.724012 37.011806 -325.619843
v -31.116837 41.296856 -323.394165
v -31.850473 41.343945 -323.500153
v -32.380325 41.438114 -323.765106
v -14.066533 41.909016 -324.030060
v -14.528452 41.438122 -323.076233
v -15.832700 41.296856 -322.811279
v -31.171179 46.194057 -321.751434
v -31.918406 46.194057 -321.857391
v -32.448254 46.241146 -322.175354
v -15.887044 46.194057 -321.168518
v -31.184765 51.467983 -321.539459
v -31.931992 51.467983 -321.698425
v -32.461838 51.420895 -321.963379
v -14.596383 46.288242 -321.486481
v -14.609969 51.467983 -321.274475
v -14.134462 51.326710 -322.281342
v -14.120877 46.476597 -322.546295
v -21.226303 46.806217 -352.539734
v -19.922056 44.122173 -357.415009
v -21.076860 94.318558 -374.849365
v -18.332508 93.565140 -374.849365
v -17.829830 96.155014 -369.285187
v -14.324669 94.553986 -369.232208
v -14.161637 95.166138 -363.085144
v -15.900630 51.515064 -321.009521
v -31.184765 51.467983 -321.539459
v -31.931992 51.467983 -321.698425
v -32.461838 51.420895 -321.963379
v -23.617424 69.267456 -391.647797
v -22.136560 69.267456 -391.647797
v -20.438324 69.502899 -391.382843
v -20.316050 72.704910 -390.481995
v -21.987116 72.704910 -390.693939
v -23.495152 72.657822 -390.693939
v -23.427219 76.236557 -389.422119
v -21.864841 76.142380 -389.475128
v -20.207363 75.812759 -389.422119
v -21.538780 79.674026 -387.991333
v -22.910957 83.723633 -385.818695
v -23.264191 80.003632 -387.832397
v -32.271641 37.247234 -326.573669
v -32.434669 34.233578 -330.601074
v -32.122196 33.856869 -330.336121
v -32.271641 32.020412 -335.052399
v -31.945574 31.596622 -334.893433
v -32.081436 31.031559 -339.874664
v -31.755373 30.607754 -339.821686
v -31.891232 31.361179 -344.802917
v -31.565170 30.890293 -344.855896
v -31.701031 32.915104 -349.519196
v -31.374968 32.491306 -349.678192
v -31.538000 35.646236 -353.599579
v -31.211939 35.316616 -353.917542
v -31.415728 39.366238 -356.885071
v -31.076080 39.083706 -357.256012
v -31.334213 43.792553 -359.110748
v -30.994566 43.604206 -359.534668
v -31.293455 48.595585 -360.064606
v -30.953806 48.595585 -360.541534
v -31.307041 53.539883 -359.799652
v -30.967394 53.634060 -360.223572
v -31.361387 58.248730 -358.209869
v -31.021738 58.437092 -358.633820
v -31.470074 62.392521 -355.507294
v -31.130426 62.675053 -355.825226
v -31.619514 65.641632 -351.797852
v -31.279867 66.018341 -352.062836
v -31.782547 67.854797 -347.399506
v -31.456486 68.278595 -347.505493
v -31.972750 68.843643 -342.524261
v -31.646688 69.314545 -342.577271
v -32.162952 68.561111 -337.596008
v -31.850475 68.984909 -337.490021
v -32.353153 66.960098 -332.932739
v -32.040680 67.383911 -332.720764
v -32.502602 64.228973 -328.799347
v -32.203709 64.605682 -328.481415
v -32.638458 60.556065 -325.513855
v -32.325981 60.791508 -325.142914
v -32.719971 56.176838 -323.341187
v -32.421078 56.365185 -322.917236
v -32.760727 51.326710 -322.387329
v -32.461838 51.420895 -321.963379
v -32.747139 46.335331 -322.599274
v -32.448254 46.241146 -322.175354
v -32.692799 41.673565 -324.189056
v -32.380325 41.438114 -323.765106
v -32.584114 37.529766 -326.891663
v -32.529770 34.751545 -330.972015
v -32.366741 32.632565 -335.264374
v -32.176537 31.690792 -339.927673
v -31.999920 31.973331 -344.696960
v -31.823303 33.480167 -349.201263
v -31.660275 36.117123 -353.228638
v -31.538000 39.695858 -356.355164
v -31.456486 43.980907 -358.527832
v -31.415728 48.642681 -359.481689
v -31.429314 53.445698 -359.163727
v -31.497244 57.966198 -357.679962
v -31.592348 61.968731 -355.030365
v -31.728203 65.123657 -351.426910
v -31.904819 67.242645 -347.187561
v -32.081436 68.231506 -342.471283
v -32.271641 67.901871 -337.701996
v -32.448257 66.395035 -333.197693
v -32.597702 63.758091 -329.223297
v -32.719975 60.179356 -326.043762
v -32.801487 55.941395 -323.924072
v -32.842243 51.279621 -322.970245
v -32.828659 46.476589 -323.235199
v -32.774315 41.909008 -324.771973
v -32.665630 37.953571 -327.421570
v -19.745436 5.227047 -327.050629
v -16.810883 5.839191 -325.990784
v -21.090441 2.448822 -321.963379
v -18.509119 3.013885 -321.062531
v -20.560591 1.930843 -315.392395
v -18.128714 3.060970 -314.226562
v -20.424730 3.202236 -309.245331
v -18.074371 4.756157 -307.867523
v -20.220943 5.603752 -304.105103
v -18.047199 7.581470 -302.727295
v -19.514477 8.570332 -300.395660
v -17.938511 10.030071 -299.547791
v -19.949224 10.406784 -298.064026
v -17.884169 11.819439 -297.640106
v -18.142300 14.126774 -295.202454
v -15.656081 13.279179 -297.905060
v -15.914212 16.339931 -294.937500
v -13.658954 19.118153 -295.255463
v -15.234918 22.649799 -291.810974
v -13.468752 26.840672 -292.128937
v -16.118002 30.231052 -289.002411
v -14.745827 35.034077 -289.532318
v -17.802652 37.623951 -287.306641
v -16.647852 42.097363 -288.790436
v -19.582405 43.839642 -287.518646
v -15.520224 45.770267 -291.863983
v -18.427605 47.700893 -290.433197
v -14.446938 48.501400 -296.421265
v -17.204874 50.667469 -294.884521
v -16.104418 52.456837 -300.713623
v -18.685738 54.057842 -299.865753
v -17.938513 54.952526 -306.383759
v -21.185543 54.952526 -299.494812
v -20.533421 56.082653 -306.065826
v -22.177311 52.692280 -293.824677
v -19.813366 51.938862 -294.142609
v -21.022511 48.783932 -289.744293
v -22.136555 44.781399 -286.882721
v -20.655691 39.130787 -286.034851
v -18.998213 32.397129 -286.988708
v -17.585278 25.333843 -289.214386
v -17.096186 19.071072 -292.287903
v -18.903111 16.339931 -292.976776
v -20.519833 14.550571 -293.665680
v -20.166597 12.525768 -295.732391
v -22.136555 13.750065 -293.930664
v -22.014280 11.536907 -296.156311
v -23.671761 13.373356 -294.089630
v -23.590244 10.971848 -296.474274
v -25.003180 13.232090 -294.195618
v -24.935247 10.689316 -296.686218
v -26.185152 13.185001 -294.354584
v -26.144394 10.595135 -296.898224
v -23.060396 39.978382 -285.345947
v -21.633877 33.668514 -285.769897
v -20.180185 27.076122 -287.624603
v -18.984627 21.190052 -290.221222
v -20.193771 18.035122 -291.387024
v -20.981754 16.104488 -292.287903
v -22.285999 16.104488 -292.075928
v -23.821205 16.151585 -291.916962
v -25.206968 16.151585 -291.863983
v -26.429697 16.198666 -291.969940
v -26.579144 19.636135 -289.744293
v -25.261312 19.541950 -289.744293
v -26.470457 23.732830 -287.571625
v -25.003180 23.591564 -287.677612
v -26.157982 28.865482 -285.875885
v -24.500502 28.630039 -286.034851
v -25.668888 34.704456 -284.869049
v -23.834793 34.374844 -285.134003
v -25.084694 40.402172 -285.080994
v -24.283127 45.346462 -286.617767
v -23.277771 49.443172 -289.479340
v -23.739691 19.306507 -289.956238
v -23.277771 23.214855 -288.048553
v -22.544130 28.112064 -286.617767
v -21.946352 18.882717 -290.486176
v -21.199127 22.508533 -288.843445
v -21.919182 9.370834 -298.540955
v -21.511602 7.298939 -301.137543
v -23.590246 8.711597 -298.964905
v -23.291357 6.451347 -301.720459
v -24.989594 8.334888 -299.282837
v -24.799393 6.027550 -302.091400
v -26.253082 8.240707 -299.494812
v -26.171568 5.933372 -302.356384
v -22.815849 1.507050 -316.134277
v -22.516958 2.401733 -310.093201
v -24.432571 2.119202 -310.623108
v -23.997822 3.908566 -305.535889
v -25.587374 3.720215 -305.959839
v -22.258829 4.473625 -305.005981
v -16.335375 10.218430 -300.713623
v -13.930672 10.971848 -302.727295
v -15.724010 7.393116 -305.694855
v -13.115518 8.287800 -309.510284
v -15.533809 5.085781 -312.371857
v -13.115519 6.733875 -317.088135
v -15.832699 4.379452 -319.472778
v -13.917087 7.251850 -324.189056
v -12.599255 11.631092 -327.792511
v -15.737597 10.218430 -329.806213
v -11.947130 16.999180 -330.442108
v -15.207747 15.727795 -332.455811
v -11.933546 23.026516 -332.455811
v -15.085474 21.943478 -334.469482
v -9.365811 24.627522 -329.276276
v -9.243537 18.976894 -327.368561
v -9.854902 13.938427 -324.771973
v -11.172735 9.747547 -321.380493
v -10.751572 10.312603 -313.643646
v -11.417280 12.572849 -305.588867
v -13.183447 15.068539 -299.017883
v -7.586058 26.746510 -324.877960
v -7.327926 21.802212 -323.076233
v -7.803432 17.281712 -320.585602
v -8.971819 13.373363 -317.459076
v -9.270708 14.974369 -309.033356
v -10.873844 17.422970 -300.872589
v -11.607482 22.414356 -296.262299
v -6.770905 29.336376 -319.578735
v -6.431256 25.380939 -317.618042
v -6.757318 21.566769 -315.180420
v -7.721916 18.082211 -312.265869
v -8.998990 20.389545 -303.416199
v -9.950004 25.993084 -298.064026
v -11.960717 31.125729 -293.188782
v -7.667572 23.544483 -306.118774
v -6.866004 26.699413 -308.821381
v -6.607873 29.760166 -311.470978
v -6.866005 32.491299 -314.173553
v -7.409441 34.421932 -316.399231
v -7.667573 33.244724 -320.797577
v -9.039750 37.341427 -320.267639
v -8.577829 31.832073 -326.043762
v -10.180965 36.917637 -326.096771
v -10.276067 30.607761 -330.548096
v -12.042233 36.540920 -330.866058
v -12.694356 29.524731 -333.833588
v -14.474109 36.117123 -334.204529
v -8.768030 29.430546 -300.342682
v -8.034392 32.444218 -302.992279
v -7.749089 34.845730 -306.224792
v -7.884948 36.540913 -309.934204
v -8.387627 37.435596 -314.438538
v -10.683643 41.391033 -318.677887
v -12.137335 41.579395 -324.877960
v -14.338250 41.909016 -329.753204
v -16.973915 42.097370 -333.038696
v -10.805915 34.892818 -295.096466
v -10.004348 37.953571 -297.958038
v -9.542427 40.213825 -301.879456
v -9.460912 41.391033 -306.754700
v -9.841318 41.532299 -312.212860
v -12.273194 45.440647 -316.558197
v -13.849157 45.581921 -322.493317
v -15.003960 49.066463 -319.631744
v -17.286390 49.772793 -323.023224
v -17.653210 52.645191 -318.412933
v -20.438320 53.681141 -319.366791
v -20.329632 55.658863 -312.848755
v -15.805528 51.562153 -317.247101
v -17.653210 54.387463 -312.689789
v -15.425123 52.315563 -312.901764
v -15.465879 52.974812 -307.072662
v -13.305722 49.914059 -308.450439
v -13.591026 49.866962 -302.197388
v -11.362938 46.099888 -304.264069
v -11.811273 44.969761 -298.699921
v -12.585668 42.568241 -294.301605
v -13.550266 39.224957 -291.281067
v -16.267448 46.288250 -327.103607
v -20.234529 50.714558 -325.301880
v -19.120487 46.900402 -330.071167
v -19.052555 9.653366 -330.866058
v -18.767254 15.209812 -333.515625
v -18.644979 21.378414 -335.476349
v -11.471626 45.958614 -310.199158
v -13.754058 49.301907 -314.438538
v -11.933546 23.026516 -332.455811
v -15.085474 21.943478 -334.469482
v -15.656083 28.630047 -335.900269
v -19.025385 27.923717 -336.854126
v -17.286390 35.504978 -336.218231
v -20.343218 34.704464 -337.119080
v -19.745438 41.956104 -334.893433
v -22.815851 41.579395 -335.847290
v -21.905598 47.230022 -331.607910
v -24.446161 47.418362 -332.190826
v -23.223429 51.232533 -326.414703
v -25.845507 51.326710 -326.785675
v -23.495148 54.246204 -319.896698
v -26.293842 54.057842 -320.055695
v -26.008537 55.941395 -313.060760
v -28.549101 54.905437 -313.219727
v -28.277382 55.376331 -306.648712
v -30.396784 53.775311 -307.337616
v -30.192995 53.163158 -301.243561
v -31.565170 51.138363 -302.568329
v -31.402140 49.725704 -297.322144
v -31.701031 47.277103 -299.282837
v -31.592342 45.063931 -294.990479
v -31.048906 42.050266 -297.640106
v -31.130421 39.036610 -294.725525
v -30.260923 35.552052 -298.434967
v -30.464710 31.832066 -297.004181
v -29.663143 28.253330 -301.455505
v -30.654915 27.076122 -297.163177
v -29.948448 24.439159 -301.296539
v -30.831532 21.802204 -298.699921
v -30.315269 19.824482 -302.886292
v -31.008150 17.046261 -300.819611
v -30.736431 15.351070 -305.376923
v -31.144007 13.232090 -302.939270
v -31.008148 11.583988 -307.602570
v -31.035318 10.218430 -304.529022
v -30.913044 8.664505 -309.139343
v -30.532640 7.864002 -305.482880
v -30.328850 6.310081 -310.146179
v -29.635973 6.121723 -306.012817
v -29.269152 4.520718 -310.729095
v -28.453999 4.803249 -306.224792
v -27.869804 3.202236 -310.941071
v -27.095409 4.002743 -306.171783
v -26.225910 2.354641 -310.888062
v -25.587374 3.720215 -305.959839
v -24.432571 2.119202 -310.623108
v -30.654915 8.193623 -314.173553
v -30.763601 11.160198 -312.424835
v -30.546227 12.243237 -316.823151
v -30.437542 14.833103 -310.040222
v -30.179409 15.963223 -313.908600
v -29.907690 19.023983 -306.966675
v -29.608801 20.248280 -310.040222
v -29.581629 22.555622 -304.582031
v -29.309910 24.486248 -305.800842
v -29.418598 31.408260 -302.992279
v -30.125065 38.141926 -301.190552
v -31.116837 43.933811 -301.826447
v -31.904818 48.313046 -304.370056
v -31.796131 51.420895 -308.344452
v -30.641331 53.163158 -313.590668
v -28.739304 53.257343 -320.055695
v -28.087181 50.997089 -326.732666
v -26.633490 47.889248 -331.925873
v -25.465103 44.075085 -335.105377
v -25.954193 40.873058 -336.271210
v -24.418987 38.141933 -336.960114
v -27.339954 38.189022 -336.112244
v -26.198740 35.975857 -336.695160
v -28.847990 35.646229 -335.158386
v -27.679602 34.657383 -336.006256
v -27.964907 31.832066 -335.423340
v -25.641718 32.161694 -336.589172
v -25.533031 27.217396 -335.847290
v -22.381104 27.405743 -336.748138
v -22.258831 21.284237 -335.476349
v -18.644979 21.378414 -335.476349
v -22.340345 15.303997 -333.674591
v -18.767254 15.209812 -333.515625
v -22.353930 9.747547 -331.131012
v -19.052555 9.653366 -330.866058
v -22.652819 5.321220 -327.368561
v -19.745436 5.227047 -327.050629
v -21.090441 2.448822 -321.963379
v -30.614157 51.703426 -320.214661
v -31.904818 50.761646 -314.332550
v -32.108604 48.454311 -309.722260
v -31.279865 44.828495 -306.595734
v -30.084309 39.837109 -305.058960
v -29.228395 33.856869 -305.588867
v -29.065365 27.029034 -307.708557
v -29.405014 22.602711 -312.583801
v -30.070723 18.317654 -316.982147
v -30.519056 14.644741 -320.320648
v -30.356024 11.678173 -322.811279
v -30.383196 9.276657 -318.889862
v -29.540869 6.828053 -320.479614
v -29.962034 5.839191 -315.339386
v -28.684959 3.955654 -316.134277
v -31.633101 49.678616 -320.691589
v -32.081432 48.030514 -315.498352
v -31.402140 45.111027 -311.629974
v -30.111479 40.967236 -309.298309
v -29.078951 35.787502 -308.715424
v -28.875162 29.618900 -310.040222
v -29.323496 25.522198 -314.862457
v -30.165823 21.519672 -319.366791
v -30.790773 18.035122 -322.917236
v -30.736431 15.303989 -325.672821
v -29.799004 13.137913 -327.845490
v -29.418596 9.323750 -324.718964
v -27.964905 11.489819 -329.541260
v -27.706772 7.440205 -326.149750
v -25.410755 10.359695 -330.654053
v -25.369999 6.074638 -327.050629
v -31.592344 47.465458 -321.380493
v -31.279865 45.299381 -317.088135
v -30.097893 41.861919 -313.908600
v -28.943092 37.482693 -312.371857
v -28.698547 32.114597 -312.742798
v -29.296324 28.677128 -317.088135
v -30.369612 25.239666 -321.221497
v -31.198351 22.178913 -324.771973
v -31.279865 19.777401 -327.633514
v -30.342438 18.035122 -329.912201
v -28.386068 16.716640 -331.713898
v -25.641718 15.821957 -333.038696
v -30.627745 23.309032 -331.342957
v -31.646687 24.721691 -329.011322
v -31.524412 26.699413 -326.202759
v -30.559813 29.148014 -322.970245
v -29.296324 31.879154 -319.366791
v -28.549101 34.563198 -315.816315
v -28.440414 36.917629 -319.154816
v -28.807234 39.177868 -316.505219
v -28.603443 40.778881 -320.797577
v -29.907690 42.803692 -318.889862
v -29.405014 43.698368 -323.606140
v -30.722845 45.440647 -322.440308
v -29.635975 45.440647 -326.838654
v -30.369612 46.900394 -326.679657
v -28.617029 45.864445 -330.336121
v -28.671373 46.806210 -330.919037
v -27.258440 44.734325 -333.356659
v -28.060007 47.653805 -331.501953
v -26.769346 44.828495 -334.310516
v -28.250212 44.969761 -329.753204
v -28.617029 44.169262 -327.209595
v -28.195868 42.003178 -324.824951
v -28.277382 38.942425 -322.758270
v -29.282740 34.845730 -321.963379
v -30.614157 32.820919 -324.877960
v -31.592344 30.984470 -327.739502
v -31.633101 29.477634 -330.336121
v -30.464712 28.300419 -332.561798
v -28.521929 22.320179 -333.197693
v -31.076078 33.480160 -331.978851
v -31.211937 34.610287 -329.700226
v -30.220165 37.576862 -331.819885
v -29.635975 38.377361 -329.859192
v -28.454000 40.402172 -331.872894
v -27.801876 40.778881 -330.283112
v -27.068239 42.238628 -331.501953
v -26.918793 42.285709 -330.389099
v -27.136168 43.839642 -331.183990
v -27.122581 43.415836 -329.965179
v -27.883392 44.310520 -329.223297
v -27.611673 42.850773 -327.951477
v -27.910563 40.402172 -326.255737
v -29.133295 37.341419 -324.930939
v -27.272026 44.310520 -332.349792
v -27.339954 42.332798 -332.879730
v -27.421473 42.379894 -334.204529
v -28.739304 40.025463 -333.515625
v -28.358900 39.413319 -334.999390
v -29.934862 36.682178 -333.674591
v -29.866932 32.444218 -333.886597
v -28.318140 27.499920 -334.416504
v -25.641718 21.660946 -334.681458
v -23.073984 33.197636 -337.278076
v -30.491884 48.454311 -326.626678
v -29.717489 49.961147 -326.626678
v -27.353540 41.485210 -328.958313
v -28.630615 39.224957 -327.898499
v -30.383198 35.928761 -327.315582
v -12.694356 29.524731 -333.833588
v -14.474109 36.117123 -334.204529
v -16.973915 42.097370 -333.038696
v -19.120487 46.900402 -330.071167
v -20.234529 50.714558 -325.301880
v -20.438320 53.681141 -319.366791
v -23.223429 56.223927 -312.954773
v -20.329632 55.658863 -312.848755
v -23.196257 56.553539 -306.012817
v -20.533421 56.082653 -306.065826
v -23.603834 55.329243 -299.441803
v -21.185543 54.952526 -299.494812
v -24.378227 53.068989 -293.824677
v -22.177311 52.692280 -293.824677
v -25.302069 49.725704 -289.479340
v -23.277771 49.443172 -289.479340
v -24.283127 45.346462 -286.617767
v -25.818336 56.318096 -306.224792
v -25.954193 55.187969 -299.706757
v -26.456871 52.974812 -294.142609
v -27.190510 49.725704 -289.850281
v -27.937733 45.534824 -286.988708
v -26.198738 45.581913 -286.670746
v -26.864449 40.543446 -285.134003
v -25.084694 40.402172 -285.080994
v -25.668888 34.704456 -284.869049
v -28.481171 40.402172 -285.504944
v -29.459354 45.158115 -287.677612
v -29.853346 40.025463 -286.193848
v -30.682085 44.404697 -288.631439
v -30.940216 39.413319 -287.253662
v -31.483652 43.274578 -289.956238
v -31.605925 38.424450 -288.684448
v -31.619511 41.532299 -291.916962
v -31.714613 36.964710 -290.645142
v -31.279863 34.798634 -293.347748
v -31.361382 29.524723 -293.612701
v -31.307037 23.921185 -295.096466
v -31.198351 19.023983 -297.216156
v -31.144007 15.162724 -299.176849
v -30.994562 12.149052 -300.819611
v -30.532640 9.841721 -301.879456
v -29.731073 8.099442 -302.409363
v -28.684959 6.875141 -302.621338
v -27.475813 6.168816 -302.568329
v -26.171568 5.933372 -302.356384
v -31.728199 31.361172 -290.910126
v -31.551582 25.663464 -292.340881
v -31.279863 20.719166 -294.354584
v -31.062490 16.857906 -296.262299
v -30.845118 13.891331 -297.905060
v -30.396782 11.631084 -299.070862
v -29.635973 10.030071 -299.600800
v -28.630613 8.947037 -299.759766
v -29.459354 11.819439 -297.269165
v -30.179407 13.043736 -296.845215
v -30.600569 15.162724 -295.732391
v -30.845116 18.129299 -294.142609
v -31.116835 21.943470 -292.181915
v -31.415724 26.887768 -290.274231
v -31.605925 32.679661 -288.949402
v -29.989202 14.126774 -295.414429
v -30.206579 16.010319 -294.195618
v -30.423954 18.929806 -292.552856
v -30.654915 22.791065 -290.592163
v -30.885874 27.735363 -288.737457
v -30.994562 33.574345 -287.412659
v -29.568041 16.198666 -293.294769
v -29.771830 19.353603 -291.387024
v -29.934860 23.309032 -289.320343
v -30.029963 28.347507 -287.465637
v -30.029963 34.233578 -286.246826
v -28.657785 16.245754 -292.658844
v -28.875160 19.589039 -290.539185
v -28.970261 23.638653 -288.366486
v -28.943090 28.724216 -286.564789
v -28.780060 34.610287 -285.398956
v -27.570913 16.198666 -292.181915
v -27.788290 19.683216 -290.009247
v -27.801874 23.779919 -287.783600
v -27.625257 28.912571 -286.034851
v -27.312782 34.751545 -284.975006
v -26.429697 16.198666 -291.969940
v -26.579144 19.636135 -289.744293
v -26.470457 23.732830 -287.571625
v -26.157982 28.865482 -285.875885
v -26.185152 13.185001 -294.354584
v -27.339952 13.232090 -294.566559
v -26.144394 10.595135 -296.898224
v -27.312780 10.642223 -297.110168
v -26.253082 8.240707 -299.494812
v -27.475813 8.381973 -299.706757
v -28.467585 11.066021 -297.269165
v -29.405012 13.750065 -295.202454
v -28.453999 13.373356 -294.884521
v -31.388552 47.135830 -292.976776
v -30.383196 48.501400 -291.546021
v -28.915918 49.348995 -290.539185
v -30.179407 51.420895 -295.891357
v -28.426826 52.456837 -294.831512
v -28.195868 54.481647 -300.342682
v -26.986723 42.003185 -335.370361
v -28.019251 4.897423 -321.539459
v -26.959549 2.542999 -316.505219
v -25.967777 3.437683 -322.175354
v -24.976007 1.742493 -316.505219
v -23.603832 2.637173 -322.334320
v -22.815849 1.507050 -316.134277
v -15.696843 50.102413 -385.871674
v -15.302852 46.523685 -382.109253
v -18.672153 47.653812 -387.249451
v -18.128717 44.545971 -383.169098
v -21.144787 46.335339 -387.885345
v -20.560595 43.557117 -383.540039
v -23.277775 46.005718 -387.938354
v -22.707167 43.321674 -383.487030
v -25.125458 46.664959 -387.355438
v -24.622778 44.027996 -383.010132
v -26.280258 45.676098 -382.109253
v -24.609192 42.568249 -377.498962
v -26.388945 44.310528 -376.916046
v -25.383587 42.332806 -371.351898
v -27.204100 44.075085 -371.192932
v -26.660662 42.850780 -365.204803
v -28.345316 44.357616 -365.363800
v -27.774708 43.980907 -359.110748
v -29.146883 45.111034 -359.481689
v -28.073597 46.194065 -353.440613
v -29.065367 46.947491 -353.917542
v -27.611673 49.349003 -348.989288
v -28.345314 49.725712 -349.731171
v -27.367126 52.927731 -346.127716
v -27.978493 52.927731 -347.134552
v -28.549101 56.271015 -345.968750
v -28.780062 55.894314 -347.346527
v -29.717491 59.002155 -347.346527
v -29.554459 58.201641 -348.777313
v -30.437544 62.722141 -348.194397
v -30.029966 61.074047 -349.784149
v -30.858706 67.525177 -349.254242
v -30.165825 65.170746 -351.108948
v -30.043552 70.585922 -352.486755
v -28.847994 67.336823 -354.606445
v -28.481176 72.704910 -356.355164
v -27.679605 69.032013 -358.633820
v -28.060011 77.555038 -358.580811
v -27.272030 73.458328 -361.071442
v -27.679605 81.416290 -361.389404
v -26.959555 77.084152 -363.880005
v -27.448648 84.147430 -364.409943
v -26.905210 80.239090 -366.847565
v -27.435062 85.560089 -366.794586
v -27.149757 83.111481 -369.285187
v -27.910566 88.149948 -366.953552
v -27.625263 86.172226 -370.715973
v -28.318144 90.739822 -367.324493
v -27.964911 88.762100 -371.722839
v -28.019257 90.645645 -372.570709
v -27.869810 87.349442 -376.969025
v -27.557335 88.856293 -377.710907
v -27.557335 84.900848 -381.473358
v -26.864454 86.172226 -382.056244
v -26.905210 81.981354 -384.970825
v -25.927027 83.064392 -385.341766
v -25.994955 79.014786 -387.408447
v -24.772224 79.768188 -387.673401
v -24.826567 75.954025 -389.263153
v -23.427219 76.236557 -389.422119
v -23.495152 72.657822 -390.693939
v -28.168695 53.021908 -348.406372
v -28.725716 55.705952 -348.830292
v -29.201225 57.636578 -349.996124
v -29.255569 59.378857 -351.214935
v -29.133299 62.627972 -352.910675
v -28.046425 64.276062 -356.514130
v -27.788296 65.453278 -360.859467
v -27.353544 69.267456 -363.615051
v -27.000311 72.516556 -366.688599
v -26.905210 75.624405 -369.921082
v -27.136171 78.967697 -372.835663
v -27.530163 82.452240 -374.796356
v -27.733952 77.507950 -378.664764
v -27.883396 80.757065 -380.042572
v -28.046425 75.530228 -383.169098
v -27.869810 78.402634 -383.963959
v -27.842638 73.505417 -386.136627
v -27.421476 75.906937 -386.666534
v -27.258444 71.763138 -388.309326
v -26.715008 73.740860 -388.680237
v -26.497635 70.397583 -390.005035
v -25.831926 71.904404 -390.217010
v -25.682480 69.691238 -391.011902
v -24.812981 72.469467 -390.481995
v -24.867327 69.408707 -391.382843
v -23.617424 69.267456 -391.647797
v -23.957071 66.112518 -392.283722
v -25.193388 66.677582 -391.859802
v -26.076469 67.996063 -391.064911
v -27.013897 68.278595 -389.740112
v -27.720364 69.173279 -387.885345
v -28.168699 70.350494 -385.447754
v -28.114357 71.904404 -381.791321
v -27.516577 73.693771 -376.439117
v -27.435062 70.209213 -373.312592
v -27.611677 67.336823 -369.868134
v -28.046425 64.652771 -366.423645
v -28.576277 61.639111 -363.191132
v -28.114357 61.262394 -358.315857
v -28.318144 60.085194 -354.447449
v -28.467588 57.306965 -352.380768
v -28.562687 55.941402 -350.526062
v -24.378233 62.957584 -392.707642
v -25.614550 63.852268 -392.071716
v -26.511221 65.594543 -391.064911
v -26.905210 62.722141 -390.958923
v -27.462233 65.547455 -389.475128
v -27.815466 62.157078 -389.157196
v -28.127943 65.829987 -387.355438
v -28.440418 62.015820 -386.401611
v -28.440418 66.536316 -384.228943
v -28.589863 62.533794 -382.321228
v -28.114357 67.948975 -379.565643
v -28.141527 64.417328 -376.598114
v -28.372486 61.780376 -373.153625
v -28.861580 59.708477 -369.391174
v -29.472946 57.448231 -365.681732
v -29.853350 54.905445 -362.025299
v -28.902338 58.154560 -360.170563
v -29.771833 52.833553 -358.686829
v -28.875164 55.140888 -357.362030
v -29.405016 51.891781 -356.302185
v -28.671375 53.210262 -354.977386
v -29.635977 50.620396 -355.772278
v -28.644203 51.938869 -353.281647
v -29.771833 49.254818 -355.136353
v -28.684961 51.044186 -351.903839
v -29.622389 47.983433 -354.500427
v -28.630615 50.290775 -350.685028
v -16.620684 53.304440 -388.627258
v -19.514481 50.808750 -390.111023
v -21.892014 49.490269 -390.905914
v -23.929897 49.207737 -390.958923
v -25.668892 50.008244 -390.322998
v -24.446163 52.645199 -392.654633
v -26.022125 53.634060 -391.859802
v -24.731464 56.223934 -393.184601
v -26.117229 57.306965 -392.336700
v -24.690708 59.708477 -393.025604
v -25.967783 60.744427 -392.230713
v -27.163343 59.284687 -390.852936
v -28.046425 58.390003 -388.521301
v -28.603447 58.060383 -384.811829
v -28.644205 59.049236 -379.671631
v -28.834408 56.553547 -376.227142
v -29.309912 54.905445 -372.146759
v -29.989206 53.398617 -367.854431
v -30.437544 51.703434 -363.509094
v -27.231270 55.564686 -390.429016
v -28.073597 54.481655 -387.090515
v -28.576275 54.481655 -382.374237
v -27.068241 51.797604 -388.945221
v -27.856222 50.950008 -384.546875
v -28.617031 51.985966 -378.823761
v -29.024611 50.573307 -374.372437
v -29.758247 49.678623 -369.550171
v -30.410372 48.831028 -364.568909
v -30.478300 48.454319 -359.587677
v -30.342440 50.526218 -359.322723
v -26.674248 48.313053 -386.189636
v -27.679604 48.313053 -380.731445
v -27.937737 46.994579 -375.909210
v -28.739305 46.523685 -370.662994
v -29.663145 46.335339 -365.204803
v -30.084311 46.617870 -359.640656
v -28.182281 53.304440 -349.890137
v -28.155109 53.869503 -351.585876
v -28.182283 55.140888 -353.599579
v -28.209457 57.542408 -355.878235
v -15.506639 43.698376 -376.810059
v -18.087961 42.238636 -377.551941
v -20.451908 41.579395 -377.763916
v -22.639236 41.673573 -377.763916
v -16.389723 42.426991 -370.186066
v -18.780842 41.343952 -370.715973
v -21.117617 40.967243 -371.086914
v -23.345703 41.296864 -371.298889
v -18.020031 42.615337 -363.403107
v -20.275291 41.720654 -363.880005
v -22.530548 41.485218 -364.356964
v -24.704292 41.861927 -364.833893
v -26.062885 43.274586 -358.633820
v -26.647076 45.770275 -353.016663
v -26.388943 49.207737 -348.459351
v -26.225912 53.021908 -345.491821
v -27.856222 56.647724 -344.855896
v -26.674248 57.024433 -344.114014
v -28.712135 60.697346 -344.802917
v -27.462231 61.356579 -343.902069
v -29.554459 65.500366 -345.385834
v -28.250214 66.489227 -344.431976
v -30.220167 71.245178 -346.127716
v -28.861578 72.563644 -345.067871
v -30.614159 77.649216 -347.187561
v -29.255569 79.014786 -346.180695
v -30.695675 83.770721 -349.095245
v -29.377844 85.089203 -348.300385
v -30.328854 89.138809 -352.486755
v -29.078953 90.457291 -351.850830
v -29.527288 93.188431 -357.150024
v -28.331730 94.601074 -356.832092
v -28.576277 94.977798 -362.714203
v -27.435062 96.390457 -362.714203
v -27.937738 94.459824 -368.278351
v -26.864454 95.778290 -368.649292
v -26.701422 93.329697 -373.895508
v -25.206974 94.130203 -374.372437
v -25.424347 90.739822 -378.876740
v -23.726110 91.069443 -379.247681
v -24.201618 87.443634 -382.851135
v -22.367521 87.396545 -383.063110
v -22.910957 83.723633 -385.818695
v -24.568438 83.676544 -385.606720
v -25.723236 87.019821 -382.533173
v -26.742182 89.939316 -378.346832
v -27.652435 92.152481 -373.259583
v -28.386072 92.764633 -367.801422
v -29.038198 93.141342 -362.661194
v -29.962040 91.304886 -357.626984
v -30.777193 87.302353 -353.334625
v -31.184767 81.981354 -350.314087
v -31.211939 75.812759 -348.565338
v -30.899464 69.597076 -347.558502
v -30.301685 64.228973 -346.657654
v -29.459358 59.896832 -345.968750
v -28.888752 90.834000 -362.714203
v -29.663147 88.809189 -358.262878
v -30.383202 84.853760 -354.500427
v -30.817947 79.579849 -351.903839
v -30.980980 73.458328 -350.367096
v -28.263800 87.820328 -363.191132
v -28.780066 85.513000 -359.481689
v -29.337086 81.557556 -356.302185
v -29.758249 76.377823 -354.023529
v -23.264191 80.003632 -387.832397
v -21.688227 90.928177 -379.406647
v -23.318533 94.459824 -374.690369
v -21.076860 94.318558 -374.849365
v -20.777971 96.955505 -369.285187
v -23.209845 97.096771 -369.179230
v -25.247732 96.672974 -368.967255
v -25.709652 97.426392 -362.767181
v -26.524807 95.589951 -356.567139
v -27.163342 91.399063 -351.479889
v -27.380714 86.030975 -347.770447
v -27.272028 79.956558 -345.491821
v -26.945967 73.458328 -344.325989
v -26.456875 67.242645 -343.743073
v -25.818338 61.921635 -343.425110
v -25.166214 57.354046 -343.743073
v -24.812977 53.210262 -345.279846
v -24.935251 49.301914 -348.300385
v -25.003181 45.723186 -352.698730
v -24.133684 43.039143 -358.103912
v -22.082214 43.274586 -357.679962
v -23.237015 46.052807 -352.486755
v -23.345701 49.631535 -348.353394
v -23.209841 53.539883 -345.438812
v -23.386461 57.730762 -343.796082
v -23.807623 62.345440 -343.266144
v -24.242373 67.713531 -343.372131
v -24.514091 74.023392 -343.902069
v -24.704292 80.521622 -345.120880
v -24.799397 86.596039 -347.505493
v -24.649950 91.964127 -351.320923
v -24.174446 96.107925 -356.514130
v -23.535906 97.897278 -362.767181
v -19.922056 44.122173 -357.415009
v -21.226303 46.806217 -352.539734
v -21.470846 50.243687 -348.671326
v -21.253471 54.104946 -345.968750
v -21.226305 58.201641 -344.273010
v -21.443678 62.722141 -343.531128
v -21.661053 67.948975 -343.425110
v -21.674639 74.117569 -343.849060
v -21.633881 80.615784 -345.067871
v -21.647467 86.690216 -347.558502
v -21.579535 91.964127 -351.426910
v -21.307821 96.060822 -356.567139
v -20.913828 97.803101 -362.873169
v -25.954197 75.153519 -388.998199
v -26.850868 77.696304 -387.090515
v -27.530163 80.474533 -384.493896
v -27.856224 83.205658 -380.837433
v -27.815466 85.324646 -376.068176
v -17.259222 64.087708 -391.064911
v -17.965689 61.733288 -391.488831
v -9.189198 55.093807 -376.598114
v -8.441973 55.093807 -369.497162
v -9.066923 56.977345 -362.767181
v -11.131981 54.481655 -359.216736
v -13.591028 49.961155 -358.262878
v -16.022903 50.102413 -354.129486
v -15.302851 47.795086 -357.785950
v -19.337866 63.616825 -392.018738
v -16.552755 67.383911 -390.429016
v -18.495541 69.926682 -390.799927
v -18.563469 73.034531 -390.005035
v -17.259222 64.087708 -391.064911
v -10.561373 63.711010 -384.069946
v -8.197426 62.722141 -359.534668
v -16.824472 68.231506 -344.643951
v -18.971043 68.043152 -343.902069
v -18.658569 73.599594 -344.273010
v -17.938517 95.166138 -356.779114
v -20.913828 97.803101 -362.873169
v -21.307821 96.060822 -356.567139
v -7.042624 59.991009 -372.358734
v -15.139821 64.228973 -389.634125
v -7.069798 71.904404 -378.081848
v -8.605003 62.204166 -379.300690
v -31.891232 56.459362 -322.652283
v -32.421078 56.365185 -322.917236
v -32.461838 51.420895 -321.963379
v -20.316050 72.704910 -390.481995
v -21.864841 76.142380 -389.475128
v -20.207363 75.812759 -389.422119
v -21.538780 79.674026 -387.991333
v -31.538000 39.695858 -356.355164
v -31.456486 43.980907 -358.527832
v -31.415728 48.642681 -359.481689
v -31.497244 57.966198 -357.679962
v -31.592348 61.968731 -355.030365
v -31.728203 65.123657 -351.426910
v -32.081436 68.231506 -342.471283
v -32.271641 67.901871 -337.701996
v -32.448257 66.395035 -333.197693
v -32.597702 63.758091 -329.223297
v -32.719975 60.179356 -326.043762
v -19.514477 8.570332 -300.395660
v -19.949224 10.406784 -298.064026
v -22.177311 52.692280 -293.824677
v -19.813366 51.938862 -294.142609
v -23.277771 49.443172 -289.479340
v -21.511602 7.298939 -301.137543
v -22.516958 2.401733 -310.093201
v -23.997822 3.908566 -305.535889
v -22.258829 4.473625 -305.005981
v -15.207747 15.727795 -332.455811
v -15.085474 21.943478 -334.469482
v -17.653210 52.645191 -318.412933
v -20.329632 55.658863 -312.848755
v -17.653210 54.387463 -312.689789
v -16.267448 46.288250 -327.103607
v -20.234529 50.714558 -325.301880
v -19.120487 46.900402 -330.071167
v -18.644979 21.378414 -335.476349
v -20.343218 34.704464 -337.119080
v -22.815851 41.579395 -335.847290
v -24.418987 38.141933 -336.960114
v -27.339954 38.189022 -336.112244
v -28.847990 35.646229 -335.158386
v -29.296324 31.879154 -319.366791
v -28.549101 34.563198 -315.816315
v -28.440414 36.917629 -319.154816
v -28.358900 39.413319 -334.999390
v -26.456871 52.974812 -294.142609
v -27.190510 49.725704 -289.850281
v -28.684959 6.875141 -302.621338
v -27.475813 6.168816 -302.568329
v -28.630613 8.947037 -299.759766
v -29.459354 11.819439 -297.269165
v -30.179407 13.043736 -296.845215
v -29.989202 14.126774 -295.414429
v -28.915918 49.348995 -290.539185
v -27.448648 84.147430 -364.409943
v -27.435062 85.560089 -366.794586
v -27.910566 88.149948 -366.953552
v -28.318144 90.739822 -367.324493
v -24.772224 79.768188 -387.673401
v -23.427219 76.236557 -389.422119
v -18.020031 42.615337 -363.403107
v -20.275291 41.720654 -363.880005
v -25.206974 94.130203 -374.372437
v -23.726110 91.069443 -379.247681
v -28.888752 90.834000 -362.714203
v -28.263800 87.820328 -363.191132
v -23.264191 80.003632 -387.832397
v -23.318533 94.459824 -374.690369
v -19.922056 44.122173 -357.415009
vn -0.2444 0.1242 -0.9617
vn 0.0197 0.1205 -0.9925
vn -0.3115 0.0792 -0.9470
vn 0.0196 0.0679 -0.9975
vn -0.3363 -0.0678 -0.9393
vn 0.0938 -0.0791 -0.9924
vn -0.2906 -0.3217 -0.9011
vn 0.2146 -0.3079 -0.9269
vn -0.2060 -0.5873 -0.7827
vn 0.2990 -0.5274 -0.7953
vn 0.2018 0.1093 -0.9733
vn 0.2486 0.0453 -0.9675
vn 0.3731 -0.0754 -0.9247
vn 0.4950 -0.2349 -0.8365
vn 0.5653 -0.3915 -0.7261
vn 0.3363 0.0829 -0.9381
vn 0.3771 0.0038 -0.9261
vn 0.5063 -0.0942 -0.8572
vn 0.6181 -0.1870 -0.7635
vn 0.6907 -0.2902 -0.6624
vn 0.4797 0.0453 -0.8763
vn 0.4797 -0.0151 -0.8773
vn 0.6042 -0.0942 -0.7912
vn 0.7032 -0.1537 -0.6942
vn 0.7847 -0.2111 -0.5828
vn 0.7216 -0.3909 -0.5714
vn 0.8406 -0.2610 -0.4746
vn 0.8453 -0.4010 -0.3530
vn 0.9270 -0.2808 -0.2487
vn 0.9061 -0.4177 -0.0676
vn 0.9439 -0.3275 0.0415
vn 0.9023 -0.3886 0.1866
vn 0.9168 -0.3148 0.2456
vn 0.8545 -0.4339 0.2855
vn 0.8764 -0.3612 0.3185
vn 0.7981 -0.4777 0.3672
vn 0.8033 -0.4218 0.4204
vn 0.6875 -0.5266 0.5000
vn 0.6939 -0.4712 0.5446
vn 0.5544 -0.5414 0.6321
vn 0.5471 -0.4185 0.7249
vn 0.4013 -0.4415 0.8025
vn 0.3281 -0.2463 0.9120
vn 0.7063 -0.5711 0.4182
vn 0.7847 -0.5553 0.2756
vn 0.8499 -0.5122 0.1236
vn 0.8059 -0.5709 -0.1568
vn 0.7064 -0.5643 -0.4273
vn 0.6452 -0.7167 0.2647
vn 0.5689 -0.6966 0.4371
vn 0.5508 -0.6276 0.5502
vn 0.4053 -0.6073 0.6833
vn 0.4488 -0.8596 0.2444
vn 0.7277 -0.6814 0.0792
vn 0.5325 -0.8456 0.0378
vn 0.6318 -0.7470 -0.2070
vn -0.2443 0.1242 -0.9617
vn -0.1502 0.1764 -0.9728
vn 0.0459 0.1691 -0.9845
vn 0.1975 0.1578 -0.9675
vn 0.3239 0.1392 -0.9358
vn 0.4643 0.1092 -0.8789
vn 0.3073 0.2023 -0.9299
vn 0.4291 0.1839 -0.8843
vn 0.2697 0.2647 -0.9259
vn 0.3731 0.2824 -0.8838
vn 0.2359 0.3221 -0.9168
vn 0.2990 0.3678 -0.8805
vn 0.1932 0.4169 -0.8882
vn 0.2571 0.4962 -0.8293
vn 0.1329 0.5327 -0.8358
vn 0.1890 0.6354 -0.7487
vn 0.0284 0.6572 -0.7532
vn 0.0807 0.7555 -0.6501
vn 0.2401 0.7278 -0.6424
vn 0.3198 0.5882 -0.7428
vn 0.3609 0.4288 -0.8282
vn 0.4682 0.3140 -0.8260
vn 0.5581 0.1799 -0.8101
vn 0.6147 0.0604 -0.7865
vn 0.6317 -0.0340 -0.7744
vn 0.3812 0.6767 -0.6299
vn 0.4487 0.5080 -0.7352
vn 0.5903 0.3609 -0.7220
vn 0.7031 0.1829 -0.6871
vn 0.7598 0.0113 -0.6501
vn 0.7569 -0.0942 -0.6467
vn 0.5471 0.5756 -0.6077
vn 0.7155 0.4130 -0.5634
vn 0.8359 0.1925 -0.5141
vn 0.8806 -0.0151 -0.4737
vn 0.8612 -0.1346 -0.4900
vn 0.4487 0.7530 -0.4813
vn 0.6419 0.6304 -0.4366
vn 0.8161 0.4344 -0.3810
vn 0.8847 0.4361 -0.1648
vn 0.9647 0.2069 -0.1629
vn 0.9840 0.1742 0.0376
vn 0.9997 0.0227 -0.0131
vn 0.9762 0.0741 0.2036
vn 0.9863 -0.0799 0.1447
vn 0.9549 -0.0377 0.2945
vn 0.9599 -0.1689 0.2235
vn 0.9270 -0.1259 0.3533
vn 0.9253 -0.2437 0.2904
vn 0.8887 -0.3099 0.3379
vn 0.8111 -0.3875 0.4382
vn 0.7186 0.6668 -0.1976
vn 0.9151 0.3951 0.0808
vn 0.9168 0.2797 0.2849
vn 0.9023 0.1482 0.4049
vn 0.8806 0.0302 0.4729
vn 0.8382 -0.0754 0.5401
vn 0.8907 -0.2107 0.4027
vn 0.7682 -0.1790 0.6146
vn 0.8085 -0.3024 0.5049
vn 0.6452 -0.2522 0.7212
vn 0.6907 -0.3741 0.6189
vn 0.4873 -0.2605 0.8335
vn 0.7626 0.6400 0.0941
vn 0.7738 0.5167 0.3665
vn 0.7683 0.3629 0.5273
vn 0.7541 0.2080 0.6230
vn 0.7216 0.0604 0.6896
vn 0.6715 -0.0528 0.7391
vn 0.5508 -0.1354 0.8236
vn 0.3771 -0.1204 0.9183
vn 0.2061 -0.0830 0.9750
vn 0.5653 0.7169 0.4081
vn 0.5617 0.5465 0.6212
vn 0.5435 0.3652 0.7558
vn 0.5176 0.1872 0.8349
vn 0.4835 0.0604 0.8733
vn 0.4330 -0.0453 0.9002
vn 0.2570 -0.0151 0.9663
vn 0.1025 0.0226 0.9945
vn 0.2528 0.1130 0.9609
vn 0.2781 0.2610 0.9244
vn 0.3074 0.4626 0.8316
vn 0.3322 0.6500 0.6834
vn 0.3568 0.8255 0.4374
vn 0.3568 0.9310 0.0773
vn 0.1502 0.9859 0.0735
vn 0.1459 0.9474 -0.2848
vn 0.1415 0.8813 0.4508
vn 0.1199 0.6899 0.7139
vn 0.0982 0.4845 0.8693
vn 0.0764 0.2829 0.9561
vn 0.0677 0.1280 0.9895
vn 0.9930 -0.0950 -0.0695
vn 0.9790 -0.1966 0.0543
vn 0.9647 -0.2386 -0.1116
vn 0.9523 -0.2668 0.1483
vn 0.9635 -0.1239 -0.2372
vn 0.9186 -0.1617 -0.3607
vn 0.8613 -0.1346 -0.4900
vn 0.6318 -0.0340 -0.7744
vn 0.9186 0.2020 -0.3398
vn 0.9395 -0.0113 -0.3423
vn 0.9781 0.0264 -0.2065
vn 0.9635 -0.1238 -0.2372
vn 0.9061 0.0302 0.4221
vn 0.9097 0.1192 0.3977
vn 0.6112 0.0604 0.7892
vn 0.6181 0.2451 0.7469
vn 0.0894 0.0830 0.9925
vn 0.0938 0.3188 0.9432
vn -0.0938 0.3188 0.9432
vn -0.0938 0.5549 0.8266
vn -0.3115 0.3112 0.8978
vn -0.3157 0.5330 0.7850
vn -0.6617 0.2513 0.7064
vn -0.6682 0.4250 0.6106
vn 0.9186 0.2020 0.3398
vn 0.6284 0.4217 0.6537
vn 0.1025 0.5487 0.8297
vn -0.0851 0.7528 0.6527
vn -0.3115 0.7237 0.6158
vn -0.6617 0.5801 0.4750
vn 0.9203 0.2786 0.2746
vn 0.6318 0.5710 0.5243
vn 0.1112 0.7472 0.6552
vn -0.0764 0.8976 0.4341
vn -0.3031 0.8599 0.4108
vn -0.6551 0.6892 0.3095
vn 0.9237 0.3280 0.1981
vn 0.6385 0.6823 0.3561
vn 0.1199 0.8895 0.4409
vn -0.0677 0.9806 0.1840
vn -0.2949 0.9398 0.1725
vn -0.6485 0.7511 0.1239
vn 0.9270 0.3603 0.1044
vn 0.6485 0.7427 0.1667
vn 0.1286 0.9720 0.1969
vn -0.0590 0.9958 -0.0698
vn -0.2823 0.9562 -0.0772
vn -0.6418 0.7630 -0.0772
vn 0.9302 0.3668 0.0094
vn 0.6552 0.7549 -0.0302
vn 0.1372 0.9882 -0.0679
vn -0.0458 0.9436 -0.3280
vn -0.2739 0.9057 -0.3236
vn -0.6351 0.7226 -0.2728
vn 0.9350 0.3446 -0.0842
vn 0.6617 0.7158 -0.2231
vn 0.1502 0.9353 -0.3205
vn -0.0371 0.8267 -0.5615
vn -0.2655 0.7933 -0.5479
vn -0.6283 0.6329 -0.4524
vn 0.9380 0.3039 -0.1667
vn 0.6683 0.6300 -0.3957
vn 0.1588 0.8191 -0.5512
vn -0.0284 0.6572 -0.7532
vn -0.2571 0.6273 -0.7352
vn -0.6215 0.5032 -0.6004
vn 0.9410 0.2412 -0.2373
vn 0.6747 0.4960 -0.5466
vn 0.1631 0.6473 -0.7446
vn -0.0240 0.4377 -0.8988
vn -0.2529 0.4198 -0.8717
vn -0.6181 0.3323 -0.7124
vn 0.9425 0.1594 -0.2938
vn 0.6780 0.3315 -0.6561
vn 0.1717 0.4371 -0.8829
vn -0.0197 0.1877 -0.9820
vn -0.2486 0.1802 -0.9517
vn -0.6146 0.1462 -0.7752
vn 0.9439 0.0677 -0.3231
vn 0.6812 0.1463 -0.7174
vn 0.1717 0.1876 -0.9671
vn -0.0197 -0.0679 -0.9975
vn -0.2486 -0.0679 -0.9662
vn -0.6146 -0.0565 -0.7868
vn 0.9439 -0.0227 -0.3294
vn 0.6812 -0.0566 -0.7299
vn 0.1760 -0.0717 -0.9818
vn -0.0240 -0.3261 -0.9450
vn -0.2528 -0.3151 -0.9148
vn -0.6146 -0.2484 -0.7487
vn 0.9439 -0.1184 -0.3082
vn 0.6812 -0.2480 -0.6888
vn 0.1717 -0.3259 -0.9297
vn -0.0284 -0.5616 -0.8269
vn -0.2571 -0.5371 -0.8034
vn -0.6181 -0.4310 -0.6574
vn 0.9410 -0.2073 -0.2674
vn 0.6780 -0.4222 -0.6017
vn 0.1674 -0.5548 -0.8150
vn -0.0327 -0.7531 -0.6571
vn -0.2613 -0.7214 -0.6414
vn -0.6249 -0.5768 -0.5261
vn 0.9395 -0.2760 -0.2028
vn 0.6715 -0.5698 -0.4737
vn 0.1588 -0.7506 -0.6413
vn -0.0415 -0.8983 -0.4374
vn -0.2697 -0.8602 -0.4328
vn -0.6317 -0.6871 -0.3590
vn 0.9365 -0.3293 -0.1205
vn 0.6650 -0.6812 -0.3062
vn 0.1545 -0.8908 -0.4273
vn -0.0546 -0.9804 -0.1895
vn -0.2781 -0.9406 -0.1948
vn -0.6385 -0.7506 -0.1702
vn 0.9318 -0.3613 -0.0339
vn 0.6584 -0.7435 -0.1166
vn 0.1415 -0.9734 -0.1802
vn -0.0633 -0.9958 0.0660
vn -0.2907 -0.9553 0.0547
vn -0.6452 -0.7634 0.0320
vn 0.9286 -0.3661 0.0603
vn 0.6519 -0.7540 0.0810
vn 0.1329 -0.9881 0.0773
vn -0.0721 -0.9438 0.3225
vn -0.2990 -0.9057 0.3006
vn -0.6518 -0.7249 0.2229
vn 0.9253 -0.3472 0.1525
vn 0.6418 -0.7178 0.2698
vn 0.1242 -0.9360 0.3295
vn -0.0808 -0.8259 0.5581
vn -0.3074 -0.7923 0.5271
vn -0.6617 -0.6330 0.4018
vn 0.9220 -0.3027 0.2414
vn 0.6351 -0.6280 0.4497
vn 0.1155 -0.8208 0.5595
vn -0.0894 -0.6568 0.7488
vn -0.3157 -0.6284 0.7110
vn -0.6650 -0.5022 0.5528
vn 0.9186 -0.2396 0.3143
vn 0.6317 -0.4944 0.5970
vn 0.1068 -0.6512 0.7513
vn -0.0938 -0.4374 0.8944
vn -0.3198 -0.4222 0.8482
vn -0.6715 -0.3346 0.6612
vn 0.9168 -0.1614 0.3652
vn 0.6249 -0.3295 0.7077
vn 0.1025 -0.4306 0.8967
vn -0.0981 -0.1802 0.9787
vn -0.3198 -0.1726 0.9316
vn -0.6715 -0.1351 0.7286
vn 0.0938 -0.1727 0.9805
vn -0.0938 0.0829 0.9921
vn -0.3074 0.0754 0.9486
vn -0.6551 0.0603 0.7531
vn 0.6181 -0.1353 0.7743
vn 0.9151 -0.0677 0.3975
vn 0.3812 -0.7235 0.5756
vn 0.3893 -0.8171 0.4252
vn 0.1242 0.8491 -0.5135
vn 0.2907 0.8144 -0.5022
vn 0.3281 0.9047 -0.2717
vn 0.5138 0.8231 -0.2420
vn 0.5508 0.8301 0.0868
vn 0.0894 0.0829 0.9925
vn -0.0938 0.0830 0.9921
vn -0.0938 0.2428 -0.9655
vn 0.0590 0.2355 -0.9701
vn 0.1889 0.2209 -0.9568
vn 0.1631 0.2865 -0.9441
vn 0.0459 0.3011 -0.9525
vn -0.0894 0.3010 -0.9494
vn -0.0894 0.3579 -0.9295
vn 0.0459 0.3582 -0.9325
vn 0.1415 0.3472 -0.9270
vn 0.0807 0.4344 -0.8971
vn -0.0197 0.5492 -0.8355
vn -0.0677 0.4377 -0.8965
vn -0.6650 -0.5021 0.5528
vn -0.9253 -0.3290 0.1885
vn -0.6618 -0.6330 0.4017
vn -0.9220 -0.3754 0.0951
vn -0.6519 -0.7248 0.2228
vn -0.9186 -0.3951 -0.0113
vn -0.6452 -0.7633 0.0320
vn -0.9133 -0.3917 -0.1115
vn -0.9097 -0.3583 -0.2098
vn -0.6318 -0.6870 -0.3589
vn -0.9061 -0.3012 -0.2972
vn -0.6250 -0.5768 -0.5261
vn -0.9042 -0.2248 -0.3631
vn -0.9023 -0.1260 -0.4122
vn -0.6147 -0.2484 -0.7486
vn -0.9023 -0.0301 -0.4300
vn -0.6147 -0.0565 -0.7867
vn -0.9023 0.0749 -0.4246
vn -0.6147 0.1462 -0.7751
vn -0.9023 0.1753 -0.3938
vn -0.9061 0.2619 -0.3323
vn -0.6216 0.5032 -0.6004
vn -0.9079 0.3278 -0.2614
vn -0.6284 0.6328 -0.4523
vn -0.9115 0.3776 -0.1630
vn -0.6352 0.7226 -0.2728
vn -0.9151 0.3979 -0.0655
vn -0.6419 0.7629 -0.0772
vn -0.9203 0.3889 0.0431
vn -0.6486 0.7510 0.1239
vn -0.9237 0.3568 0.1397
vn -0.6552 0.6892 0.3094
vn -0.9270 0.2992 0.2262
vn -0.6618 0.5800 0.4750
vn -0.9302 0.2235 0.2911
vn -0.6683 0.4250 0.6106
vn -0.9286 0.1324 0.3466
vn -0.6618 0.2513 0.7063
vn -0.9270 0.0301 0.3739
vn -0.6552 0.0603 0.7530
vn -0.9318 -0.0747 0.3552
vn -0.9302 -0.1731 0.3236
vn -0.6715 -0.3345 0.6612
vn -0.9286 -0.2583 0.2663
vn -0.9972 -0.0730 0.0129
vn -0.9962 -0.0866 -0.0111
vn -0.9954 -0.0895 -0.0346
vn -0.9945 -0.0881 -0.0566
vn -0.9936 -0.0802 -0.0801
vn -0.9930 -0.0668 -0.0970
vn -0.9920 -0.0539 -0.1143
vn -0.9920 -0.0258 -0.1237
vn -0.9914 -0.0074 -0.1305
vn -0.9920 0.0185 -0.1250
vn -0.9920 0.0401 -0.1198
vn -0.9925 0.0605 -0.1060
vn -0.9930 0.0728 -0.0925
vn -0.9940 0.0846 -0.0688
vn -0.9950 0.0881 -0.0480
vn -0.9958 0.0898 -0.0183
vn -0.9966 0.0829 0.0037
vn -0.9976 0.0669 0.0202
vn -0.9981 0.0503 0.0347
vn -0.9984 0.0279 0.0494
vn -0.9984 0.0072 0.0563
vn -0.9986 -0.0144 0.0504
vn -0.9984 -0.0397 0.0409
vn -0.9979 -0.0590 0.0284
vn -0.9966 0.0828 0.0037
vn 0.1976 -0.7868 -0.5847
vn 0.4720 -0.7453 -0.4710
vn 0.1372 -0.9471 -0.2902
vn 0.3973 -0.8963 -0.1968
vn 0.2824 -0.9580 0.0491
vn 0.4604 -0.8810 0.1093
vn 0.3239 -0.9012 0.2881
vn 0.4643 -0.8234 0.3263
vn 0.3239 -0.8149 0.4806
vn 0.4370 -0.7526 0.4926
vn 0.3074 -0.7480 0.5882
vn 0.4133 -0.6913 0.5927
vn 0.2823 -0.7109 0.6442
vn 0.4093 -0.6564 0.6337
vn 0.4172 -0.6070 0.6764
vn 0.5725 -0.5784 0.5811
vn 0.5725 -0.4989 0.6507
vn 0.7094 -0.3793 0.5940
vn 0.6147 -0.3088 0.7258
vn 0.7366 -0.1793 0.6522
vn 0.5832 -0.1427 0.7997
vn 0.6875 -0.0075 0.7261
vn 0.5213 0.0453 0.8522
vn 0.6182 0.2522 0.7445
vn 0.4409 0.3246 0.8368
vn 0.7094 0.4227 0.5639
vn 0.5287 0.5313 0.6619
vn 0.7740 0.5121 0.3725
vn 0.6008 0.6522 0.4622
vn 0.6650 0.7098 0.2322
vn 0.4604 0.8428 0.2786
vn 0.5138 0.8560 0.0566
vn 0.2655 0.9183 0.2936
vn 0.2949 0.9527 0.0736
vn 0.2274 0.8278 0.5128
vn 0.4053 0.7647 0.5010
vn 0.3527 0.6047 0.7141
vn 0.2823 0.3750 0.8830
vn 0.3690 0.0905 0.9250
vn 0.4291 -0.1205 0.8952
vn 0.4681 -0.2677 0.8421
vn 0.4912 -0.4262 0.7597
vn 0.3932 -0.5251 0.7548
vn 0.2613 -0.6249 0.7356
vn 0.2865 -0.6848 0.6701
vn 0.1372 -0.6564 0.7418
vn 0.1675 -0.7103 0.6836
vn 0.0502 -0.6629 0.7470
vn 0.0721 -0.7172 0.6931
vn -0.0284 -0.6628 0.7482
vn -0.0153 -0.7229 0.6908
vn -0.1199 -0.6622 0.7396
vn -0.1155 -0.7162 0.6882
vn 0.2316 0.1356 0.9633
vn 0.3074 -0.0980 0.9465
vn 0.3363 -0.2534 0.9070
vn 0.3771 -0.3877 0.8411
vn 0.2949 -0.4696 0.8322
vn 0.2146 -0.5538 0.8045
vn 0.1068 -0.5616 0.8205
vn 0.0459 -0.5681 0.8217
vn -0.0240 -0.5803 0.8141
vn -0.1242 -0.5796 0.8054
vn -0.1112 -0.5040 0.8565
vn 0.0109 -0.4978 0.8672
vn -0.0720 -0.3895 0.9182
vn 0.0764 -0.3824 0.9208
vn -0.0109 -0.2393 0.9709
vn 0.1459 -0.2393 0.9599
vn 0.0415 -0.0679 0.9968
vn 0.1932 -0.0830 0.9776
vn 0.0808 0.1580 0.9841
vn 0.1199 0.4171 0.9009
vn 0.1804 0.6557 0.7332
vn 0.0937 -0.4842 0.8699
vn 0.1760 -0.3754 0.9100
vn 0.2443 -0.2464 0.9379
vn 0.1718 -0.4706 0.8655
vn 0.2613 -0.3750 0.8894
vn 0.1846 -0.7401 0.6467
vn 0.2189 -0.7768 0.5905
vn 0.0934 -0.7523 0.6521
vn 0.1285 -0.7989 0.5875
vn -0.0066 -0.7584 0.6517
vn 0.0197 -0.8142 0.5803
vn -0.1285 -0.7569 0.6408
vn -0.1372 -0.8198 0.5560
vn 0.0459 -0.9988 -0.0170
vn 0.1674 -0.9526 0.2539
vn -0.0458 -0.9770 0.2081
vn 0.0677 -0.8949 0.4411
vn -0.1198 -0.9087 0.3999
vn 0.2061 -0.8633 0.4607
vn 0.5435 -0.6623 0.5157
vn 0.6875 -0.5936 0.4183
vn 0.5938 -0.7132 0.3725
vn 0.7395 -0.6302 0.2365
vn 0.6147 -0.7697 0.1723
vn 0.7425 -0.6698 0.0094
vn 0.5902 -0.8010 -0.0999
vn 0.6843 -0.6563 -0.3178
vn 0.7125 -0.4778 -0.5139
vn 0.4835 -0.5339 -0.6937
vn 0.7063 -0.3032 -0.6397
vn 0.4604 -0.3528 -0.8146
vn 0.7033 -0.1463 -0.6957
vn 0.4488 -0.2206 -0.8660
vn 0.8721 -0.0565 -0.4860
vn 0.8785 -0.2151 -0.4266
vn 0.8722 -0.3795 -0.3087
vn 0.8286 -0.5359 -0.1622
vn 0.8477 -0.5196 0.1067
vn 0.8187 -0.4876 0.3033
vn 0.7216 -0.4732 0.5053
vn 0.9575 0.0302 -0.2870
vn 0.9691 -0.1194 -0.2157
vn 0.9574 -0.2636 -0.1174
vn 0.9186 -0.3949 -0.0151
vn 0.9079 -0.3704 0.1964
vn 0.8476 -0.3525 0.3966
vn 0.8261 -0.2484 0.5058
vn 0.9862 0.1020 -0.1301
vn 0.9981 -0.0294 -0.0534
vn 0.9883 -0.1500 0.0265
vn 0.9599 -0.2598 0.1050
vn 0.9253 -0.2379 0.2952
vn 0.9042 -0.1338 0.4056
vn 0.8286 -0.0678 0.5557
vn 0.9670 -0.1424 0.2115
vn 0.9890 -0.0447 0.1411
vn 0.9962 0.0561 0.0668
vn 0.9862 0.1648 -0.0131
vn 0.9575 0.2745 -0.0892
vn 0.9496 0.2537 -0.1843
vn 0.9097 0.3770 -0.1740
vn 0.9302 0.1970 -0.3097
vn 0.8887 0.3540 -0.2913
vn 0.8545 0.1198 -0.5054
vn 0.8111 0.3215 -0.4887
vn 0.6939 0.0415 -0.7189
vn 0.6486 0.2698 -0.7117
vn 0.9482 -0.0377 0.3155
vn 0.9723 0.0599 0.2259
vn 0.9781 0.1686 0.1221
vn 0.9635 0.2669 0.0190
vn 0.9286 0.3617 -0.0826
vn 0.8887 0.4293 -0.1609
vn 0.8406 0.4691 -0.2708
vn 0.7454 0.4961 -0.4453
vn 0.5797 0.4923 -0.6493
vn 0.8966 0.0528 0.4397
vn 0.9334 0.1673 0.3175
vn 0.9496 0.2581 0.1781
vn 0.9439 0.3291 0.0264
vn 0.9186 0.3849 -0.0901
vn 0.8806 0.4382 -0.1805
vn 0.8111 0.5140 -0.2793
vn 0.7847 0.5429 -0.2990
vn 0.6284 0.6762 -0.3846
vn 0.5398 0.7710 -0.3378
vn 0.3322 0.8723 -0.3588
vn 0.3115 0.9367 -0.1597
vn 0.7246 0.6309 -0.2772
vn 0.5435 0.8265 -0.1466
vn 0.7512 0.6465 -0.1332
vn 0.7246 0.6887 0.0245
vn 0.8568 0.5144 -0.0358
vn 0.8237 0.5475 0.1477
vn 0.9097 0.4094 0.0696
vn 0.8909 0.3687 0.2653
vn 0.8499 0.2986 0.4341
vn 0.7875 0.1571 0.5960
vn 0.3115 0.9367 -0.1596
vn 0.6844 0.6076 -0.4031
vn 0.4291 0.7872 -0.4429
vn 0.5063 0.6745 -0.5372
vn 0.2018 -0.5510 -0.8097
vn 0.1804 -0.3685 -0.9119
vn 0.1588 -0.2464 -0.9561
vn 0.9060 0.4150 -0.0826
vn 0.8612 0.4800 -0.1671
vn 0.7032 -0.1463 -0.6958
vn 0.4487 -0.2206 -0.8660
vn 0.4370 -0.0453 -0.8983
vn 0.1545 -0.1056 -0.9823
vn 0.3973 0.1913 -0.8975
vn 0.1674 0.1055 -0.9802
vn 0.3446 0.4524 -0.8226
vn 0.1760 0.3858 -0.9056
vn 0.2990 0.6944 -0.6545
vn 0.1545 0.7053 -0.6919
vn 0.2146 0.8496 -0.4818
vn -0.0240 0.8781 -0.4779
vn 0.0982 0.9351 -0.3404
vn -0.1717 0.9369 -0.3044
vn -0.2232 0.9631 -0.1503
vn -0.4950 0.8595 -0.1278
vn -0.4835 0.8741 0.0471
vn -0.7454 0.6660 0.0301
vn -0.7366 0.6579 0.1568
vn -0.9455 0.3150 0.0828
vn -0.9482 0.2878 0.1344
vn -0.9994 -0.0303 0.0175
vn -0.9998 -0.0161 -0.0067
vn -0.9883 -0.1224 -0.0908
vn -0.9877 -0.0582 -0.1454
vn -0.9855 -0.0517 -0.1615
vn -0.9790 0.0112 -0.2036
vn -0.9863 0.0334 -0.1618
vn -0.9753 0.0629 -0.2118
vn -0.9772 0.0941 -0.1905
vn -0.9807 0.0934 -0.1716
vn -0.9762 0.1492 -0.1572
vn -0.9925 0.0788 -0.0932
vn -0.9870 0.1313 -0.0931
vn -0.9997 0.0165 -0.0203
vn -0.9979 0.0463 -0.0463
vn -0.9870 -0.1506 0.0568
vn -0.9902 -0.1392 -0.0056
vn -0.9151 -0.3749 0.1487
vn -0.9203 -0.3896 0.0357
vn -0.7766 -0.5892 0.2231
vn -0.7710 -0.6334 0.0658
vn -0.5903 -0.7541 0.2879
vn -0.5653 -0.8184 0.1035
vn -0.3569 -0.8662 0.3497
vn -0.3074 -0.9396 0.1504
vn -0.1199 -0.9087 0.3999
vn -0.0459 -0.9770 0.2080
vn -0.9883 -0.1407 -0.0583
vn -0.9994 0.0302 -0.0175
vn -0.9896 0.1350 -0.0492
vn -0.9940 0.1088 0.0074
vn -0.9848 0.1564 -0.0760
vn -0.9925 0.1217 -0.0093
vn -0.9855 0.1212 -0.1186
vn -0.9954 0.0645 -0.0711
vn -0.9925 -0.0185 -0.1207
vn -0.9870 -0.1221 -0.1049
vn -0.9832 -0.1790 -0.0353
vn -0.9986 -0.0390 0.0351
vn -0.9496 0.3130 0.0187
vn -0.7569 0.6465 -0.0957
vn -0.4643 0.8478 -0.2564
vn -0.3404 0.8325 -0.4371
vn -0.1285 0.7294 -0.6719
vn -0.0153 0.4978 -0.8672
vn -0.2444 0.2501 -0.9369
vn -0.0546 0.1541 -0.9865
vn -0.4911 0.1092 -0.8642
vn -0.3280 0.0113 -0.9446
vn -0.6780 0.0264 -0.7346
vn -0.5138 -0.0339 -0.8572
vn -0.5435 -0.1315 -0.8291
vn -0.3281 -0.1166 -0.9374
vn -0.3649 -0.1763 -0.9142
vn -0.1242 -0.1578 -0.9796
vn -0.1242 -0.2465 -0.9612
vn -0.1068 -0.3471 -0.9317
vn 0.1803 -0.3685 -0.9120
vn -0.0938 -0.5391 -0.8370
vn 0.2017 -0.5510 -0.8098
vn -0.1155 -0.7640 -0.6348
vn 0.1974 -0.7868 -0.5847
vn 0.1372 -0.9471 -0.2903
vn -0.7483 0.6283 -0.2128
vn -0.9549 0.2923 -0.0524
vn -0.9984 -0.0545 0.0162
vn -0.9743 -0.2253 0.0019
vn -0.9799 -0.1877 -0.0681
vn -0.9936 -0.0567 -0.0981
vn -0.9981 0.0458 -0.0405
vn -0.9958 0.0828 0.0393
vn -0.9950 0.0676 0.0741
vn -0.9992 -0.0072 0.0386
vn -0.9832 -0.1580 -0.0912
vn -0.9848 -0.1453 -0.0954
vn -0.8985 -0.3909 -0.1996
vn -0.9115 -0.4010 -0.0915
vn -0.7454 -0.6571 -0.1125
vn -0.9536 0.2529 -0.1634
vn -0.9612 -0.2755 -0.0169
vn -0.9647 -0.2581 -0.0523
vn -0.9908 -0.1042 -0.0859
vn -0.9990 0.0366 -0.0239
vn -0.9936 0.0747 0.0852
vn -0.9890 0.0440 0.1413
vn -0.9945 -0.0295 0.1004
vn -0.9840 -0.1543 -0.0891
vn -0.8764 -0.3057 -0.3721
vn -0.8867 -0.3608 -0.2891
vn -0.6552 -0.4231 -0.6259
vn -0.6844 -0.5515 -0.4770
vn -0.3852 -0.4937 -0.7797
vn -0.4172 -0.6882 -0.5936
vn -0.9790 -0.1449 -0.1435
vn -0.9395 -0.3350 -0.0710
vn -0.9395 -0.3316 -0.0856
vn -0.9990 0.0423 -0.0107
vn -0.9877 0.0909 0.1276
vn -0.9790 0.0446 0.1991
vn -0.9896 -0.0223 0.1420
vn -0.8656 -0.2250 -0.4473
vn -0.6250 -0.2874 -0.7258
vn -0.3649 -0.3215 -0.8738
vn -0.8406 -0.1486 -0.5209
vn -0.9863 -0.0687 -0.1502
vn -0.9896 0.0150 0.1430
vn -0.9670 0.0884 0.2392
vn -0.9743 0.1448 0.1726
vn -0.9984 0.0567 0.0018
vn -0.9981 0.0593 0.0146
vn -0.9702 -0.2158 -0.1101
vn -0.9562 -0.2523 -0.1485
vn -0.8985 -0.4146 -0.1442
vn -0.8522 -0.4781 -0.2123
vn -0.8966 -0.4109 -0.1651
vn -0.8358 -0.4851 -0.2569
vn -0.9302 -0.2381 -0.2792
vn -0.8764 -0.3792 -0.2969
vn -0.8887 0.0338 -0.4572
vn -0.9425 0.0188 -0.3337
vn -0.6008 0.5138 -0.6124
vn -0.5508 0.4211 -0.7206
vn -0.8007 -0.5442 -0.2504
vn -0.8136 -0.5097 -0.2798
vn -0.9439 -0.2608 -0.2025
vn -0.9930 0.1177 -0.0018
vn -0.9509 0.2419 0.1929
vn -0.9496 0.2009 0.2408
vn -0.9890 0.0958 0.1129
vn -0.9762 -0.0224 -0.2156
vn -0.8059 -0.1122 -0.5813
vn -0.5937 -0.1943 -0.7809
vn -0.9410 0.0709 -0.3308
vn -0.9733 0.2284 0.0225
vn -0.9237 0.3708 -0.0967
vn -0.8545 0.5033 0.1287
vn -0.8262 0.5543 0.1013
vn -0.8236 0.5570 0.1067
vn -0.9509 0.2553 0.1748
vn -0.9855 0.1646 -0.0409
vn -0.9496 -0.3125 -0.0263
vn -0.9302 -0.3032 -0.2068
vn -0.8007 -0.5377 -0.2640
vn -0.9318 -0.2437 -0.2689
vn -0.9772 0.2051 -0.0556
vn -0.9168 0.3615 0.1695
vn -0.9670 -0.2483 -0.0577
vn -0.9562 0.2707 0.1116
vn -0.9270 0.2969 -0.2292
vn -0.8806 0.4362 -0.1853
vn -0.7541 0.2605 -0.6029
vn -0.8722 0.1767 -0.4562
vn -0.7569 -0.0639 -0.6504
vn -0.5725 -0.1537 -0.8054
vn -0.3650 -0.2206 -0.9045
vn -0.0851 -0.0340 -0.9958
vn -0.9220 0.1973 -0.3332
vn -0.6875 0.6159 -0.3846
vn -0.9599 0.2563 -0.1133
vn -0.8568 0.5025 0.1158
vn -0.9151 0.3486 0.2027
vn 0.6938 0.0415 -0.7189
vn 0.6485 0.2698 -0.7118
vn 0.5796 0.4923 -0.6494
vn 0.5062 0.6746 -0.5373
vn 0.0546 0.9844 -0.1672
vn 0.0415 0.9968 0.0679
vn 0.2948 0.9527 0.0735
vn 0.0328 0.9586 0.2829
vn 0.0153 0.8672 0.4978
vn -0.0240 0.6907 0.7228
vn 0.1803 0.6557 0.7331
vn -0.2231 0.9729 0.0603
vn -0.2231 0.9412 0.2535
vn -0.2359 0.8604 0.4517
vn -0.2697 0.6902 0.6715
vn -0.3157 0.4425 0.8394
vn -0.0763 0.4442 0.8927
vn -0.1199 0.1802 0.9763
vn 0.0807 0.1580 0.9841
vn 0.0414 -0.0679 0.9968
vn -0.3608 0.1724 0.9166
vn -0.5725 0.3974 0.7172
vn -0.6077 0.1424 0.7813
vn -0.8085 0.2948 0.5094
vn -0.8286 0.0900 0.5526
vn -0.9658 0.1355 0.2209
vn -0.9702 0.0299 0.2404
vn -0.9995 -0.0036 -0.0304
vn -0.9990 0.0001 -0.0436
vn -0.9832 -0.0037 -0.1824
vn -0.9832 0.0261 -0.1805
vn -0.9920 0.0258 -0.1237
vn -0.9990 0.0072 -0.0431
vn -0.9981 -0.0503 0.0347
vn -0.9743 -0.1807 0.1345
vn -0.8907 -0.3812 0.2476
vn -0.7512 -0.5613 0.3473
vn -0.5689 -0.7000 0.4317
vn -0.3486 -0.7881 0.5073
vn -0.9995 -0.0168 -0.0255
vn -0.9986 -0.0498 0.0162
vn -0.9940 -0.0848 0.0689
vn -0.9832 -0.1230 0.1348
vn -0.9496 -0.2334 0.2095
vn -0.8476 -0.4135 0.3325
vn -0.6939 -0.5690 0.4414
vn -0.4912 -0.6783 0.5465
vn -0.6043 -0.5995 0.5249
vn -0.7981 -0.4531 0.3972
vn -0.9060 -0.2821 0.3154
vn -0.9350 -0.2169 0.2807
vn -0.9482 -0.1831 0.2597
vn -0.9575 -0.1238 0.2607
vn -0.9658 -0.0522 0.2538
vn -0.7216 -0.4726 0.5059
vn -0.7901 -0.3657 0.4919
vn -0.8212 -0.3194 0.4729
vn -0.8383 -0.2601 0.4793
vn -0.8382 -0.1774 0.5156
vn -0.8358 -0.0751 0.5438
vn -0.5938 -0.4668 0.6554
vn -0.6585 -0.4005 0.6372
vn -0.6844 -0.3202 0.6551
vn -0.6747 -0.2083 0.7081
vn -0.6452 -0.0752 0.7603
vn -0.4132 -0.5365 0.7358
vn -0.4720 -0.4592 0.7526
vn -0.4949 -0.3585 0.7915
vn -0.4720 -0.2239 0.8527
vn -0.4212 -0.0679 0.9044
vn -0.2528 -0.5717 0.7805
vn -0.2781 -0.4890 0.8268
vn -0.2739 -0.3815 0.8828
vn -0.2316 -0.2317 0.9448
vn -0.1761 -0.0604 0.9825
vn -0.0721 -0.3895 0.9182
vn -0.2274 -0.6537 0.7217
vn -0.2444 -0.7022 0.6688
vn -0.1286 -0.7568 0.6408
vn -0.2949 -0.7341 0.6116
vn -0.4013 -0.6719 0.6225
vn -0.5101 -0.5837 0.6318
vn -0.3609 -0.6316 0.6862
vn -0.9575 0.2236 0.1824
vn -0.7793 0.4776 0.4057
vn -0.5325 0.6290 0.5664
vn -0.7484 0.6047 0.2725
vn -0.4949 0.7819 0.3790
vn -0.4797 0.8526 0.2073
vn -0.6317 0.3217 -0.7053
vn -0.7155 -0.6360 -0.2889
vn -0.5138 -0.8512 -0.1071
vn -0.4643 -0.8143 -0.3485
vn -0.2401 -0.9678 -0.0754
vn -0.1674 -0.9235 -0.3452
vn 0.0458 -0.9988 -0.0170
vn 0.7063 -0.5644 -0.4273
vn 0.5689 -0.5401 -0.6202
vn 0.5138 -0.7314 -0.4484
vn 0.3074 -0.6990 -0.6457
vn 0.2444 -0.8649 -0.4384
vn -0.1545 -0.7798 -0.6067
vn -0.1631 -0.9043 -0.3945
vn -0.6147 -0.6509 -0.4455
vn -0.5760 -0.7630 -0.2931
vn -0.8261 -0.5285 -0.1955
vn -0.5761 -0.8025 -0.1555
vn -0.8007 -0.5797 -0.1511
vn -0.5760 -0.8134 -0.0809
vn -0.7765 -0.6159 -0.1329
vn -0.5617 -0.8273 -0.0057
vn -0.7541 -0.6531 -0.0697
vn -0.5471 -0.8203 0.1668
vn -0.7569 -0.6459 0.0994
vn -0.5287 -0.7431 0.4102
vn -0.8007 -0.5024 0.3263
vn -0.5508 -0.5801 0.6001
vn -0.8785 -0.2814 0.3861
vn -0.5938 -0.4164 0.6885
vn -0.9004 -0.2539 0.3533
vn -0.8657 -0.2643 0.4252
vn -0.9574 -0.2599 0.1254
vn -0.9635 -0.2139 0.1609
vn -0.9647 -0.2565 -0.0597
vn -0.9908 -0.1289 0.0403
vn -0.9659 -0.1630 -0.2011
vn -0.9908 -0.0707 -0.1150
vn -0.9439 -0.0963 -0.3158
vn -0.9302 -0.0636 -0.3614
vn -0.9350 -0.0673 -0.3483
vn -0.9410 -0.0561 -0.3337
vn -0.9855 0.0076 -0.1694
vn -0.9536 -0.0743 -0.2918
vn -0.9896 0.0037 -0.1436
vn -0.9691 -0.1021 -0.2244
vn -0.9954 -0.0185 -0.0942
vn -0.9824 -0.1260 -0.1379
vn -0.9984 -0.0532 -0.0196
vn -0.9870 -0.1591 -0.0242
vn -0.9950 -0.0929 0.0380
vn -0.9848 -0.1671 -0.0480
vn -0.9914 -0.1264 0.0331
vn -0.9920 -0.0998 -0.0775
vn -0.9966 -0.0822 -0.0111
vn -0.9925 0.0729 -0.0978
vn -0.9958 0.0550 -0.0733
vn -0.9253 0.2779 -0.2580
vn -0.9365 0.2193 -0.2737
vn -0.7598 0.4224 -0.4943
vn -0.7847 0.3126 -0.5352
vn -0.5324 0.4539 -0.7145
vn -0.5689 0.3471 -0.7456
vn -0.2907 0.4190 -0.8602
vn -0.3032 0.3432 -0.8890
vn -0.0895 0.3579 -0.9295
vn -0.0895 0.3010 -0.9494
vn -0.9925 -0.0920 0.0802
vn -0.9380 -0.2641 -0.2243
vn -0.9349 -0.1796 -0.3060
vn -0.9350 -0.1111 -0.3369
vn -0.9840 -0.0074 -0.1780
vn -0.9945 0.1036 0.0149
vn -0.9950 0.0983 -0.0202
vn -0.9976 0.0698 -0.0018
vn -0.9986 0.0213 0.0479
vn -0.9966 -0.0291 0.0776
vn -0.9945 -0.0685 0.0791
vn -0.9962 -0.0073 0.0870
vn -0.9995 -0.0001 0.0306
vn -0.9870 0.0756 -0.1421
vn -0.9702 0.0844 -0.2271
vn -0.9186 0.1399 -0.3697
vn -0.8985 0.1263 -0.4204
vn -0.7928 0.1926 -0.5782
vn -0.7710 0.1748 -0.6123
vn -0.5617 0.2561 -0.7867
vn -0.5213 0.2200 -0.8246
vn -0.2865 0.2968 -0.9110
vn -0.2697 0.2316 -0.9347
vn -0.4132 0.1577 -0.8969
vn -0.6584 0.1461 -0.7383
vn -0.8568 0.1195 -0.5017
vn -0.9482 0.0889 -0.3051
vn -0.9920 0.0605 -0.1109
vn -0.9981 0.0348 0.0503
vn -0.9958 0.0290 0.0869
vn -0.9958 0.0754 0.0521
vn -0.9925 0.1219 0.0056
vn -0.9870 0.1607 -0.0093
vn -0.9824 0.1767 0.0605
vn -0.9945 0.0952 0.0435
vn -0.9840 -0.0585 -0.1684
vn -0.9772 -0.1321 -0.1664
vn -0.9670 -0.2042 -0.1526
vn -0.5324 0.1166 -0.8384
vn -0.7366 0.1125 -0.6669
vn -0.8111 0.0751 -0.5801
vn -0.9079 0.0822 -0.4110
vn -0.9439 0.0375 -0.3280
vn -0.9753 0.0557 -0.2139
vn -0.9908 0.0222 -0.1332
vn -0.9986 0.0454 -0.0262
vn -0.9992 0.0378 0.0108
vn -0.9958 0.0550 0.0733
vn -0.9958 0.0828 0.0395
vn -0.9925 0.1209 -0.0167
vn -0.9863 0.1564 -0.0532
vn -0.9840 0.1772 -0.0186
vn -0.9807 0.1750 0.0867
vn -0.9713 0.1841 0.1509
vn -0.9624 0.2006 0.1834
vn -0.9562 0.1926 0.2205
vn -0.9425 0.2423 0.2303
vn -0.9587 0.2024 0.1998
vn -0.9496 0.2231 0.2204
vn -0.9635 0.2183 0.1548
vn -0.9723 0.0877 0.2167
vn -0.9762 0.1740 0.1294
vn -0.9509 -0.1764 0.2542
vn -0.9816 0.0150 0.1905
vn 0.6907 -0.2902 -0.6623
vn 0.5653 -0.3916 -0.7260
vn 0.2990 -0.5274 -0.7952
vn -0.2061 -0.5873 -0.7827
vn -0.6812 -0.4544 -0.5741
vn -0.2907 -0.3218 -0.9011
vn -0.7156 -0.2223 -0.6623
vn -0.3364 -0.0679 -0.9393
vn -0.6907 -0.0263 -0.7227
vn -0.3115 0.0792 -0.9469
vn -0.6181 0.0790 -0.7821
vn -0.8678 0.0113 -0.4967
vn -0.9670 -0.0337 -0.2527
vn -0.9966 -0.0222 -0.0800
vn -0.9992 0.0391 -0.0036
vn -0.9976 0.0446 -0.0538
vn -0.9920 0.0669 -0.1072
vn -0.9914 0.0827 -0.1012
vn -0.9962 0.0872 -0.0038
vn -0.9004 -0.1081 -0.4214
vn -0.9733 -0.1212 -0.1949
vn -0.9950 -0.0703 -0.0716
vn -0.8985 -0.2665 -0.3488
vn -0.9624 -0.2261 -0.1508
vn -0.9896 -0.1086 -0.0941
vn -0.9824 -0.1146 -0.1475
vn -0.9799 -0.1221 -0.1579
vn -0.9877 -0.1276 -0.0909
vn -0.9936 -0.0899 0.0690
vn -0.9840 0.1324 0.1192
vn -0.8657 -0.4191 -0.2738
vn -0.9425 -0.3065 -0.1335
vn -0.9253 -0.3445 -0.1584
vn -0.9115 -0.3746 -0.1699
vn -0.9060 -0.4087 -0.1098
vn -0.9237 -0.3785 0.0600
vn -1.0000 -0.0076 -0.0044
vn -0.9995 0.0301 0.0053
vn -0.9984 0.0340 0.0455
vn -0.9958 0.0661 0.0633
vn 0.6317 -0.7470 -0.2070
vn 0.4093 -0.8858 -0.2188
vn 0.1328 -0.9706 -0.2005
vn -0.2274 -0.9567 -0.1819
vn 0.5324 -0.8457 0.0378
vn 0.2865 -0.9580 0.0094
vn 0.0110 -0.9999 -0.0075
vn -0.2990 -0.9536 -0.0340
vn 0.4487 -0.8596 0.2443
vn 0.2018 -0.9587 0.2005
vn -0.0633 -0.9869 0.1485
vn -0.3280 -0.9418 0.0735
vn -0.3156 -0.9174 0.2426
vn -0.2612 -0.8322 0.4891
vn -0.2018 -0.6879 0.6972
vn -0.2232 -0.4764 0.8504
vn -0.6215 -0.2446 0.7443
vn -0.3073 -0.2243 0.9248
vn -0.6780 -0.0902 0.7295
vn -0.4173 -0.0453 0.9076
vn -0.7395 -0.0151 0.6730
vn -0.4911 0.0227 0.8708
vn -0.7901 0.0226 0.6125
vn -0.5288 0.0753 0.8454
vn -0.8286 0.0974 0.5513
vn -0.5508 0.1871 0.8134
vn -0.8613 0.2253 0.4555
vn -0.5689 0.3776 0.7306
vn -0.8826 0.3579 0.3047
vn -0.5973 0.5698 0.5644
vn -0.8887 0.4432 0.1171
vn -0.6284 0.7173 0.3012
vn -0.8826 0.4652 -0.0676
vn -0.6419 0.7668 -0.0019
vn -0.8867 0.4231 -0.1864
vn -0.6518 0.7203 -0.2372
vn -0.6779 0.6264 -0.3848
vn -0.3812 0.7956 -0.4709
vn -0.4252 0.6947 -0.5802
vn -0.1415 0.7562 -0.6389
vn -0.1975 0.6548 -0.7295
vn -0.2486 0.5283 -0.8119
vn -0.4835 0.5826 -0.6533
vn -0.7156 0.5311 -0.4538
vn -0.9061 0.3491 -0.2392
vn -0.9877 0.0968 -0.1231
vn -0.9848 0.1161 -0.1294
vn -0.9883 0.1077 -0.1077
vn -0.9958 0.0828 -0.0393
vn -0.9979 0.0463 0.0463
vn -0.9902 -0.0000 0.1394
vn -0.9692 -0.0300 0.2446
vn -0.9253 -0.0747 0.3717
vn -0.8806 -0.1554 0.4477
vn -0.9799 -0.1099 -0.1667
vn -0.9647 -0.1025 -0.2426
vn -0.9587 -0.0742 -0.2746
vn -0.9647 -0.0523 -0.2581
vn -0.9781 -0.0483 -0.2026
vn -0.9702 -0.1666 -0.1759
vn -0.9523 -0.1411 -0.2707
vn -0.9365 -0.1073 -0.3339
vn -0.9270 -0.0711 -0.3683
vn -0.0981 0.8542 -0.5106
vn 0.1458 0.9474 -0.2848
vn -0.0807 0.9568 -0.2792
vn -0.3568 0.8939 -0.2714
vn -0.3568 0.9329 0.0490
vn -0.3486 0.8468 0.4018
vn -0.3199 0.6612 0.6786
vn -0.3032 0.4495 0.8402
vn -0.3032 0.2463 0.9205
vn -0.2990 0.1055 0.9484
vn -0.2655 0.0452 0.9630
vn -0.1803 -0.0302 0.9831
vn -0.0415 -0.2171 0.9753
vn 0.0589 -0.4711 0.8801
vn 0.0546 -0.6905 0.7212
vn -0.0284 -0.8435 0.5364
vn -0.0764 -0.9435 0.3224
vn 0.1674 -0.9087 0.3825
vn 0.1846 -0.8008 0.5697
vn 0.2444 -0.6536 0.7163
vn 0.2529 -0.4568 0.8529
vn 0.1588 -0.2244 0.9615
vn 0.0240 -0.0453 0.9987
vn -0.0720 0.0453 0.9964
vn -0.1069 0.1279 0.9860
vn -0.1068 0.2755 0.9553
vn -0.0982 0.4778 0.8729
vn -0.0938 0.6898 0.7179
vn -0.0938 0.8902 0.4458
vn -0.0894 0.9935 0.0698
vn 0.3892 -0.8171 0.4252
vn 0.3811 -0.7235 0.5756
vn 0.3280 -0.2463 0.9120
vn 0.2060 -0.0830 0.9750
vn 0.1025 0.0227 0.9945
vn 0.0676 0.1280 0.9895
vn 0.0763 0.2829 0.9561
vn 0.0982 0.4844 0.8693
vn 0.1198 0.6899 0.7139
vn 0.1415 0.8814 0.4508
vn -0.5761 0.2843 -0.7664
vn -0.7981 0.2349 -0.5549
vn -0.9318 0.1699 -0.3207
vn -0.9945 0.0627 -0.0838
vn -0.9984 -0.0485 0.0294
vn 0.6876 -0.5266 0.4999
vn 0.2529 0.1130 0.9609
vn 0.2571 -0.0151 0.9663
vn -0.9870 -0.1591 -0.0243
vn 0.0808 0.4344 -0.8971
vn -0.2906 0.4190 -0.8602
vn -0.0677 0.4377 -0.8966
vn -0.0895 0.3579 -0.9294
vn -0.3811 0.7956 -0.4710
vn -0.0982 0.8542 -0.5106
vn -0.1416 0.7562 -0.6389
vn 0.1502 0.9859 0.0736
vn 0.1416 0.8814 0.4507
vn 0.3568 0.8255 0.4373
vn 0.2018 -0.9587 0.2006
vn 0.4487 -0.8596 0.2444
vn -0.9799 -0.1100 -0.1666
vn 0.6843 0.6076 -0.4031
vn 0.5063 0.6746 -0.5372
vn -0.4911 -0.6783 0.5465
vn 0.4604 -0.3527 -0.8146
vn -0.0545 0.1542 -0.9865
vn 0.1674 0.1056 -0.9802
vn 0.2061 -0.8633 0.4606
vn 0.1674 -0.9526 0.2540
vn 0.3073 -0.7480 0.5882
vn 0.2823 -0.7109 0.6441
vn -0.7540 0.2604 -0.6030
vn -0.4912 0.1092 -0.8642
vn -0.9743 0.1448 0.1725
vn -0.9984 0.0568 0.0018
vn -0.9981 0.0594 0.0146
vn -0.5324 0.6291 0.5664
vn -0.2359 0.8604 0.4518
vn 0.2274 0.8278 0.5129
vn 0.1804 0.6557 0.7331
vn 0.3116 0.9367 -0.1597
vn 0.5398 0.7711 -0.3378
vn -0.9958 0.0897 -0.0183
vn -0.9914 -0.0075 -0.1305
vn -0.3116 0.3111 0.8978
vt 0.719664 0.781108
vt 0.718248 0.780614
vt 0.720703 0.778166
vt 0.719192 0.777651
vt 0.721553 0.774322
vt 0.719853 0.773742
vt 0.722119 0.769405
vt 0.720231 0.768846
vt 0.722874 0.763564
vt 0.720797 0.763049
vt 0.716737 0.780034
vt 0.717870 0.777157
vt 0.718154 0.773077
vt 0.718154 0.768159
vt 0.718437 0.762469
vt 0.715038 0.779068
vt 0.715793 0.776083
vt 0.715982 0.772518
vt 0.715132 0.767515
vt 0.714849 0.761567
vt 0.712772 0.776534
vt 0.714094 0.775181
vt 0.713150 0.772261
vt 0.711639 0.767622
vt 0.710317 0.761653
vt 0.714188 0.754695
vt 0.709467 0.755383
vt 0.709467 0.748039
vt 0.704086 0.748704
vt 0.704463 0.740888
vt 0.699082 0.741704
vt 0.697949 0.735047
vt 0.692472 0.736744
vt 0.694644 0.729894
vt 0.689640 0.731397
vt 0.692284 0.726329
vt 0.688790 0.726329
vt 0.689451 0.721519
vt 0.684353 0.720295
vt 0.684730 0.716151
vt 0.679160 0.717267
vt 0.678971 0.714497
vt 0.673495 0.715872
vt 0.694172 0.723538
vt 0.698893 0.727231
vt 0.702764 0.733523
vt 0.708901 0.740244
vt 0.713622 0.747416
vt 0.701725 0.725277
vt 0.696532 0.719844
vt 0.690867 0.716731
vt 0.685108 0.713703
vt 0.703897 0.723581
vt 0.706352 0.732105
vt 0.708995 0.730839
vt 0.712489 0.739385
vt 0.703330 0.798265
vt 0.700687 0.798630
vt 0.703142 0.796740
vt 0.700498 0.797148
vt 0.702764 0.795065
vt 0.700403 0.795280
vt 0.702386 0.792897
vt 0.700309 0.792832
vt 0.700215 0.789547
vt 0.698326 0.792854
vt 0.698043 0.789633
vt 0.696249 0.792703
vt 0.695777 0.789933
vt 0.694455 0.792617
vt 0.693322 0.790663
vt 0.691339 0.792575
vt 0.688696 0.789590
vt 0.687185 0.791737
vt 0.683031 0.788194
vt 0.681709 0.789826
vt 0.676611 0.785488
vt 0.678121 0.783771
vt 0.685108 0.785789
vt 0.691528 0.787399
vt 0.694644 0.786133
vt 0.697288 0.785338
vt 0.699837 0.785037
vt 0.702386 0.785123
vt 0.702481 0.789225
vt 0.680954 0.781108
vt 0.688696 0.782933
vt 0.692378 0.781237
vt 0.695588 0.780013
vt 0.698704 0.779218
vt 0.702103 0.779111
vt 0.684730 0.778037
vt 0.688790 0.775847
vt 0.692756 0.774215
vt 0.696910 0.772883
vt 0.701631 0.772110
vt 0.676611 0.776104
vt 0.680670 0.773034
vt 0.685202 0.770436
vt 0.681426 0.765153
vt 0.686808 0.763135
vt 0.683881 0.757659
vt 0.689923 0.756005
vt 0.682276 0.751732
vt 0.687846 0.750315
vt 0.681615 0.745634
vt 0.687563 0.744131
vt 0.680576 0.740179
vt 0.686808 0.738440
vt 0.684730 0.733050
vt 0.684258 0.726823
vt 0.676327 0.767859
vt 0.678027 0.759656
vt 0.676611 0.753493
vt 0.675855 0.747244
vt 0.674911 0.741296
vt 0.674250 0.735348
vt 0.679632 0.734489
vt 0.675005 0.729207
vt 0.679443 0.728004
vt 0.674911 0.723151
vt 0.679349 0.721648
vt 0.674250 0.718792
vt 0.672551 0.761760
vt 0.670946 0.755103
vt 0.670285 0.748554
vt 0.669624 0.742177
vt 0.669435 0.735820
vt 0.670568 0.729894
vt 0.670851 0.724933
vt 0.669813 0.720896
vt 0.668396 0.718341
vt 0.665564 0.756413
vt 0.665092 0.749370
vt 0.664809 0.742606
vt 0.665186 0.735756
vt 0.666791 0.730044
vt 0.667924 0.726243
vt 0.666130 0.724053
vt 0.664053 0.722185
vt 0.663392 0.728842
vt 0.661504 0.735241
vt 0.660560 0.742499
vt 0.660560 0.749735
vt 0.661315 0.757272
vt 0.663959 0.765282
vt 0.661126 0.766377
vt 0.666036 0.774172
vt 0.657822 0.757766
vt 0.656689 0.749735
vt 0.656689 0.741983
vt 0.658011 0.734339
vt 0.660560 0.727510
vt 0.693794 0.753493
vt 0.693605 0.749155
vt 0.698610 0.748640
vt 0.693417 0.742928
vt 0.697571 0.754824
vt 0.703142 0.756929
vt 0.705596 0.763006
vt 0.708240 0.768524
vt 0.710789 0.773377
vt 0.689829 0.768610
vt 0.694738 0.767107
vt 0.692284 0.761374
vt 0.697382 0.759055
vt 0.701631 0.764380
vt 0.694550 0.755855
vt 0.084433 0.721669
vt 0.089626 0.722979
vt 0.084055 0.722893
vt 0.089437 0.724225
vt 0.083677 0.724375
vt 0.089248 0.725663
vt 0.086699 0.742048
vt 0.092175 0.742713
vt 0.086604 0.742864
vt 0.092080 0.743551
vt 0.086510 0.743529
vt 0.091986 0.744195
vt 0.094819 0.723860
vt 0.094630 0.725148
vt 0.094441 0.726565
vt 0.097745 0.743443
vt 0.097651 0.744259
vt 0.097557 0.744925
vt 0.100200 0.724611
vt 0.100011 0.725921
vt 0.099823 0.727338
vt 0.103316 0.744131
vt 0.103222 0.744947
vt 0.103127 0.745612
vt 0.105582 0.725341
vt 0.105393 0.726608
vt 0.105204 0.728047
vt 0.108887 0.744732
vt 0.108792 0.745569
vt 0.108698 0.746213
vt 0.110869 0.725986
vt 0.110775 0.727252
vt 0.110586 0.728670
vt 0.114457 0.745269
vt 0.114363 0.746085
vt 0.114268 0.746750
vt 0.116157 0.726544
vt 0.116062 0.727832
vt 0.115873 0.729250
vt 0.120028 0.745720
vt 0.119933 0.746536
vt 0.119839 0.747201
vt 0.121444 0.727059
vt 0.121349 0.728326
vt 0.121255 0.729743
vt 0.125504 0.746085
vt 0.125504 0.746922
vt 0.125409 0.747566
vt 0.126731 0.727510
vt 0.126637 0.728756
vt 0.126542 0.730151
vt 0.131074 0.746385
vt 0.130980 0.747201
vt 0.130980 0.747867
vt 0.131924 0.727832
vt 0.131924 0.729099
vt 0.131830 0.730495
vt 0.136550 0.746600
vt 0.136456 0.747416
vt 0.136456 0.748082
vt 0.137211 0.728111
vt 0.137117 0.729357
vt 0.137117 0.730753
vt 0.142027 0.746750
vt 0.142027 0.747566
vt 0.142027 0.748211
vt 0.142404 0.728305
vt 0.142404 0.729572
vt 0.142310 0.730946
vt 0.147503 0.746815
vt 0.147503 0.747609
vt 0.147503 0.748253
vt 0.147597 0.728434
vt 0.147597 0.729679
vt 0.147597 0.731075
vt 0.152884 0.746793
vt 0.152884 0.747588
vt 0.152884 0.748232
vt 0.152790 0.728498
vt 0.152790 0.729722
vt 0.152790 0.731096
vt 0.158361 0.746686
vt 0.158361 0.747502
vt 0.158361 0.748146
vt 0.157889 0.728455
vt 0.157889 0.729658
vt 0.157983 0.731032
vt 0.163742 0.746514
vt 0.163837 0.747309
vt 0.163837 0.747953
vt 0.163081 0.728262
vt 0.163081 0.729529
vt 0.163176 0.730903
vt 0.169218 0.746256
vt 0.169218 0.747051
vt 0.169218 0.747695
vt 0.168274 0.728090
vt 0.168274 0.729335
vt 0.168369 0.730710
vt 0.174600 0.745913
vt 0.174600 0.746707
vt 0.174695 0.747330
vt 0.173373 0.727854
vt 0.173467 0.729078
vt 0.173562 0.730452
vt 0.179887 0.745483
vt 0.179982 0.746256
vt 0.180076 0.746879
vt 0.178471 0.727553
vt 0.178566 0.728756
vt 0.178660 0.730108
vt 0.185175 0.744990
vt 0.185269 0.745763
vt 0.185364 0.746385
vt 0.183475 0.727167
vt 0.183664 0.728369
vt 0.183759 0.729722
vt 0.190462 0.744431
vt 0.190556 0.745226
vt 0.190651 0.745848
vt 0.188574 0.726673
vt 0.188668 0.727875
vt 0.188857 0.729228
vt 0.195749 0.743851
vt 0.195844 0.744624
vt 0.195844 0.745247
vt 0.193483 0.726093
vt 0.193672 0.727295
vt 0.193861 0.728627
vt 0.201037 0.743229
vt 0.201131 0.744023
vt 0.201131 0.744646
vt 0.198393 0.725341
vt 0.198676 0.726501
vt 0.198960 0.727811
vt 0.206418 0.742713
vt 0.206513 0.743508
vt 0.206513 0.744152
vt 0.204058 0.726651
vt 0.212083 0.742134
vt 0.212178 0.743443
vt 0.212083 0.744345
vt 0.203680 0.725298
vt 0.208779 0.723130
vt 0.207835 0.721669
vt 0.203303 0.724139
vt 0.691812 0.714261
vt 0.698137 0.717632
vt 0.671229 0.780356
vt 0.673306 0.778617
vt 0.668585 0.772647
vt 0.671890 0.770564
vt 0.667641 0.763779
vt 0.209534 0.725406
vt 0.081128 0.741446
vt 0.081034 0.742305
vt 0.080939 0.742950
vt 0.698137 0.798673
vt 0.698232 0.797256
vt 0.698326 0.795345
vt 0.696249 0.795259
vt 0.695871 0.796998
vt 0.695494 0.798480
vt 0.692661 0.797556
vt 0.693228 0.796096
vt 0.693794 0.794207
vt 0.690395 0.794249
vt 0.686147 0.793326
vt 0.689640 0.795817
vt 0.829093 0.757959
vt 0.826543 0.753321
vt 0.827110 0.753021
vt 0.823428 0.749220
vt 0.823805 0.748790
vt 0.819273 0.746063
vt 0.819651 0.745548
vt 0.814552 0.744066
vt 0.814647 0.743486
vt 0.809360 0.743379
vt 0.809360 0.742778
vt 0.804167 0.744066
vt 0.803978 0.743508
vt 0.799352 0.746063
vt 0.799068 0.745569
vt 0.795292 0.749241
vt 0.794820 0.748833
vt 0.792081 0.753364
vt 0.791609 0.753063
vt 0.790193 0.758131
vt 0.789627 0.757981
vt 0.789438 0.763263
vt 0.788871 0.763263
vt 0.790193 0.768374
vt 0.789627 0.768524
vt 0.792176 0.773163
vt 0.791609 0.773442
vt 0.795292 0.777264
vt 0.794914 0.777694
vt 0.799446 0.780421
vt 0.799163 0.780936
vt 0.804167 0.782418
vt 0.804072 0.782976
vt 0.809360 0.783083
vt 0.809360 0.783663
vt 0.814458 0.782418
vt 0.814647 0.782976
vt 0.819273 0.780442
vt 0.819557 0.780936
vt 0.823333 0.777307
vt 0.823711 0.777736
vt 0.826449 0.773206
vt 0.826921 0.773528
vt 0.828526 0.768396
vt 0.829093 0.768546
vt 0.829187 0.763263
vt 0.829848 0.763263
vt 0.828526 0.758110
vt 0.825977 0.753665
vt 0.822956 0.749692
vt 0.818990 0.746643
vt 0.814364 0.744710
vt 0.809360 0.744066
vt 0.804356 0.744732
vt 0.799729 0.746664
vt 0.795764 0.749714
vt 0.792742 0.753686
vt 0.790760 0.758303
vt 0.790193 0.763263
vt 0.790854 0.768202
vt 0.792742 0.772819
vt 0.795764 0.776792
vt 0.799729 0.779841
vt 0.804356 0.781752
vt 0.809360 0.782396
vt 0.814269 0.781752
vt 0.818896 0.779841
vt 0.822861 0.776813
vt 0.825882 0.772862
vt 0.827865 0.768224
vt 0.828526 0.763263
vt 0.827865 0.758282
vt 0.794064 0.690662
vt 0.796708 0.691435
vt 0.792931 0.699294
vt 0.795292 0.699423
vt 0.795103 0.707046
vt 0.797463 0.706896
vt 0.797746 0.713917
vt 0.800296 0.713574
vt 0.800862 0.719930
vt 0.803695 0.719350
vt 0.804922 0.723430
vt 0.806905 0.722421
vt 0.806905 0.725921
vt 0.808793 0.723624
vt 0.810965 0.725148
vt 0.810681 0.720080
vt 0.813608 0.721240
vt 0.816346 0.716301
vt 0.819651 0.718448
vt 0.822767 0.713810
vt 0.826166 0.716645
vt 0.829659 0.712200
vt 0.832586 0.714819
vt 0.836457 0.710181
vt 0.839101 0.712221
vt 0.839856 0.705092
vt 0.842877 0.706896
vt 0.842500 0.699316
vt 0.845899 0.700776
vt 0.847787 0.693926
vt 0.850714 0.694699
vt 0.851658 0.687248
vt 0.853074 0.695236
vt 0.854302 0.687419
vt 0.850431 0.702580
vt 0.848353 0.701764
vt 0.845143 0.708227
vt 0.841178 0.713896
vt 0.834946 0.717010
vt 0.828715 0.719178
vt 0.822483 0.720875
vt 0.816346 0.722722
vt 0.813231 0.726136
vt 0.811248 0.728348
vt 0.808982 0.727811
vt 0.810115 0.730366
vt 0.807849 0.729464
vt 0.809737 0.731697
vt 0.806905 0.730667
vt 0.809265 0.732836
vt 0.806244 0.731633
vt 0.808982 0.733802
vt 0.805583 0.732471
vt 0.836646 0.718771
vt 0.830509 0.721326
vt 0.824466 0.723173
vt 0.818612 0.724676
vt 0.815213 0.727338
vt 0.813042 0.728756
vt 0.813042 0.730237
vt 0.812853 0.732020
vt 0.812947 0.733136
vt 0.812947 0.734167
vt 0.817291 0.733351
vt 0.817102 0.732213
vt 0.822106 0.731375
vt 0.821634 0.730108
vt 0.827393 0.728219
vt 0.826827 0.726930
vt 0.832680 0.724418
vt 0.831831 0.723065
vt 0.837873 0.720188
vt 0.842689 0.715184
vt 0.846843 0.709258
vt 0.816818 0.730989
vt 0.821256 0.728734
vt 0.825882 0.725277
vt 0.816252 0.729421
vt 0.820217 0.726737
vt 0.805300 0.727961
vt 0.802656 0.725062
vt 0.804167 0.728884
vt 0.801429 0.725706
vt 0.803223 0.729658
vt 0.800390 0.726286
vt 0.802373 0.730366
vt 0.799352 0.726909
vt 0.792931 0.707282
vt 0.795858 0.714283
vt 0.794253 0.714733
vt 0.797746 0.721025
vt 0.796425 0.721605
vt 0.799068 0.720531
vt 0.807282 0.719329
vt 0.808321 0.713724
vt 0.803978 0.713402
vt 0.804828 0.707175
vt 0.800579 0.706874
vt 0.801712 0.700110
vt 0.798030 0.699638
vt 0.799729 0.692294
vt 0.802467 0.685229
vt 0.799163 0.683747
vt 0.806055 0.678723
vt 0.802656 0.676983
vt 0.810398 0.672345
vt 0.806433 0.670820
vt 0.813892 0.675222
vt 0.809548 0.680934
vt 0.806149 0.686990
vt 0.803506 0.693410
vt 0.806244 0.700948
vt 0.809643 0.707948
vt 0.812570 0.714712
vt 0.817574 0.679023
vt 0.813608 0.683833
vt 0.810587 0.689245
vt 0.808132 0.694956
vt 0.811248 0.702257
vt 0.814364 0.709236
vt 0.818801 0.711169
vt 0.821445 0.683468
vt 0.818140 0.687333
vt 0.815591 0.691907
vt 0.813231 0.696889
vt 0.816346 0.703975
vt 0.821162 0.706337
vt 0.825694 0.709193
vt 0.818518 0.699187
vt 0.820784 0.694849
vt 0.823239 0.691091
vt 0.825788 0.687333
vt 0.827582 0.684478
vt 0.825410 0.680526
vt 0.829942 0.678680
vt 0.822483 0.675179
vt 0.828054 0.672495
vt 0.819651 0.670627
vt 0.826543 0.667320
vt 0.817385 0.667105
vt 0.825694 0.663262
vt 0.823616 0.701828
vt 0.826071 0.697662
vt 0.828337 0.693539
vt 0.830131 0.689266
vt 0.830981 0.684585
vt 0.834380 0.678035
vt 0.833530 0.671379
vt 0.833341 0.665602
vt 0.833719 0.661050
vt 0.828432 0.704684
vt 0.831075 0.700260
vt 0.833530 0.695794
vt 0.834852 0.690490
vt 0.835513 0.684821
vt 0.838817 0.678680
vt 0.838723 0.672581
vt 0.843161 0.674492
vt 0.844294 0.669919
vt 0.848259 0.674299
vt 0.850903 0.672066
vt 0.853830 0.679410
vt 0.846182 0.676318
vt 0.851092 0.679990
vt 0.847315 0.680698
vt 0.848448 0.686882
vt 0.844294 0.686174
vt 0.844105 0.692852
vt 0.839762 0.691671
vt 0.838251 0.697533
vt 0.835796 0.702773
vt 0.832869 0.707583
vt 0.839289 0.666053
vt 0.846182 0.666268
vt 0.840139 0.661780
vt 0.796141 0.682395
vt 0.799352 0.675201
vt 0.803034 0.669167
vt 0.839762 0.685315
vt 0.843349 0.679925
vt 0.240219 0.762061
vt 0.239653 0.765948
vt 0.232194 0.763199
vt 0.231627 0.766699
vt 0.223508 0.761331
vt 0.223791 0.764337
vt 0.214916 0.761674
vt 0.215199 0.764144
vt 0.207835 0.764530
vt 0.207646 0.766012
vt 0.201131 0.770070
vt 0.201414 0.770844
vt 0.194994 0.775825
vt 0.196788 0.777393
vt 0.192634 0.784071
vt 0.194994 0.784758
vt 0.194144 0.791415
vt 0.196788 0.791372
vt 0.197354 0.797664
vt 0.200376 0.796955
vt 0.201981 0.802732
vt 0.204908 0.801679
vt 0.206985 0.807112
vt 0.209912 0.805437
vt 0.212461 0.810183
vt 0.215766 0.807778
vt 0.218787 0.811901
vt 0.221997 0.809045
vt 0.222564 0.815508
vt 0.225302 0.812094
vt 0.227190 0.818278
vt 0.229456 0.814220
vt 0.231722 0.819846
vt 0.233705 0.814907
vt 0.235215 0.820640
vt 0.236915 0.815186
vt 0.237859 0.821070
vt 0.239558 0.815379
vt 0.240031 0.821413
vt 0.241730 0.815551
vt 0.241919 0.821778
vt 0.243713 0.815680
vt 0.243524 0.822208
vt 0.245507 0.815830
vt 0.245035 0.822637
vt 0.247301 0.816067
vt 0.246356 0.823110
vt 0.248906 0.816432
vt 0.240125 0.809216
vt 0.237576 0.809345
vt 0.236915 0.803741
vt 0.234460 0.809496
vt 0.233705 0.804385
vt 0.230117 0.809624
vt 0.229456 0.805265
vt 0.227001 0.809496
vt 0.225490 0.806683
vt 0.219637 0.805094
vt 0.213500 0.803311
vt 0.208118 0.800348
vt 0.203491 0.796182
vt 0.199809 0.791136
vt 0.197638 0.785317
vt 0.198393 0.778767
vt 0.202453 0.772218
vt 0.207646 0.767794
vt 0.212839 0.766313
vt 0.216332 0.766656
vt 0.219353 0.765883
vt 0.218504 0.768138
vt 0.221242 0.767966
vt 0.220958 0.771037
vt 0.222280 0.770028
vt 0.224735 0.772046
vt 0.225207 0.769598
vt 0.229928 0.772583
vt 0.230967 0.769770
vt 0.236915 0.773635
vt 0.239086 0.770564
vt 0.241730 0.779476
vt 0.244657 0.777479
vt 0.246073 0.786154
vt 0.248906 0.784930
vt 0.249000 0.793756
vt 0.251644 0.793133
vt 0.252021 0.801636
vt 0.200093 0.779626
vt 0.200376 0.785531
vt 0.202925 0.790771
vt 0.206985 0.795130
vt 0.211989 0.798523
vt 0.217843 0.800885
vt 0.223319 0.802903
vt 0.227473 0.801228
vt 0.231911 0.799725
vt 0.235404 0.798587
vt 0.238520 0.797535
vt 0.239842 0.803140
vt 0.242391 0.802624
vt 0.242485 0.809088
vt 0.244751 0.808959
vt 0.202547 0.779712
vt 0.203303 0.785295
vt 0.206418 0.789912
vt 0.210950 0.793562
vt 0.216049 0.796590
vt 0.221336 0.799060
vt 0.225113 0.797234
vt 0.229550 0.795388
vt 0.233233 0.793820
vt 0.236254 0.792403
vt 0.238803 0.790964
vt 0.241258 0.796547
vt 0.241258 0.789354
vt 0.243902 0.795624
vt 0.243618 0.787657
vt 0.246545 0.794679
vt 0.204813 0.779712
vt 0.206418 0.784565
vt 0.210006 0.788709
vt 0.214444 0.792210
vt 0.219259 0.795108
vt 0.222564 0.793283
vt 0.226529 0.791329
vt 0.230211 0.789397
vt 0.232949 0.787657
vt 0.235026 0.785853
vt 0.237009 0.783792
vt 0.239181 0.781623
vt 0.230778 0.781344
vt 0.228984 0.783384
vt 0.226623 0.785402
vt 0.223319 0.787464
vt 0.219825 0.789375
vt 0.216993 0.791028
vt 0.214916 0.786884
vt 0.212744 0.787807
vt 0.211422 0.783083
vt 0.209156 0.783706
vt 0.208873 0.778552
vt 0.206985 0.779347
vt 0.208023 0.775031
vt 0.206702 0.774730
vt 0.208873 0.770994
vt 0.208401 0.770113
vt 0.211611 0.768181
vt 0.207835 0.768932
vt 0.211895 0.767279
vt 0.209534 0.772003
vt 0.209534 0.775095
vt 0.211139 0.778252
vt 0.213500 0.782439
vt 0.217276 0.785510
vt 0.220203 0.783749
vt 0.222941 0.781773
vt 0.224830 0.779798
vt 0.226529 0.777694
vt 0.232477 0.779046
vt 0.221525 0.776233
vt 0.220109 0.777973
vt 0.218220 0.774193
vt 0.216804 0.775718
vt 0.215860 0.772325
vt 0.214821 0.773699
vt 0.213972 0.771466
vt 0.213500 0.772647
vt 0.211517 0.770801
vt 0.211517 0.772454
vt 0.210101 0.772840
vt 0.211234 0.774923
vt 0.213500 0.778059
vt 0.215954 0.781194
vt 0.211706 0.768675
vt 0.214349 0.769920
vt 0.214727 0.768073
vt 0.216710 0.770844
vt 0.217654 0.769512
vt 0.219542 0.772647
vt 0.223413 0.774150
vt 0.228229 0.775267
vt 0.234649 0.776427
vt 0.224830 0.767043
vt 0.205285 0.774172
vt 0.203586 0.773291
vt 0.213594 0.774644
vt 0.215199 0.777092
vt 0.218126 0.779669
vt 0.232666 0.759785
vt 0.223319 0.758088
vt 0.214066 0.759591
vt 0.206607 0.762684
vt 0.198299 0.767322
vt 0.191973 0.774150
vt 0.190462 0.783384
vt 0.188102 0.782611
vt 0.189518 0.791394
vt 0.187063 0.791479
vt 0.190651 0.799060
vt 0.188668 0.799768
vt 0.193672 0.806124
vt 0.191878 0.807134
vt 0.197638 0.812394
vt 0.196221 0.813533
vt 0.201131 0.818922
vt 0.191784 0.791394
vt 0.192539 0.798609
vt 0.195277 0.805330
vt 0.199054 0.811385
vt 0.203680 0.816711
vt 0.202358 0.817784
vt 0.207363 0.822487
vt 0.206135 0.823625
vt 0.211328 0.827705
vt 0.208590 0.821413
vt 0.205002 0.815637
vt 0.209817 0.820297
vt 0.206513 0.814563
vt 0.211139 0.819073
vt 0.208118 0.813382
vt 0.212461 0.817720
vt 0.210006 0.812008
vt 0.213972 0.816238
vt 0.216049 0.814370
vt 0.220298 0.818106
vt 0.225018 0.821370
vt 0.229645 0.823625
vt 0.233233 0.824828
vt 0.236159 0.825579
vt 0.238237 0.826095
vt 0.239936 0.826653
vt 0.241447 0.827276
vt 0.242580 0.827941
vt 0.243713 0.828564
vt 0.218504 0.820082
vt 0.223319 0.823518
vt 0.227851 0.826266
vt 0.231439 0.827748
vt 0.234460 0.828757
vt 0.236726 0.829487
vt 0.238331 0.830217
vt 0.239464 0.830990
vt 0.236632 0.832472
vt 0.235404 0.831613
vt 0.233044 0.830776
vt 0.230022 0.829938
vt 0.226435 0.828027
vt 0.221903 0.825085
vt 0.217182 0.821585
vt 0.234366 0.832966
vt 0.232194 0.832343
vt 0.229173 0.831291
vt 0.225302 0.829401
vt 0.220581 0.826481
vt 0.215860 0.823002
vt 0.231816 0.833653
vt 0.228417 0.832579
vt 0.224263 0.830647
vt 0.219448 0.827748
vt 0.214633 0.824269
vt 0.231533 0.834963
vt 0.227851 0.833739
vt 0.223508 0.831785
vt 0.218504 0.828929
vt 0.213500 0.825450
vt 0.231344 0.835951
vt 0.227379 0.834813
vt 0.222752 0.832880
vt 0.217560 0.830046
vt 0.212367 0.826545
vt 0.231250 0.836939
vt 0.226907 0.835886
vt 0.222091 0.833975
vt 0.216710 0.831141
vt 0.235310 0.836917
vt 0.235215 0.836080
vt 0.238614 0.835328
vt 0.238142 0.834469
vt 0.241164 0.832515
vt 0.240408 0.831742
vt 0.237576 0.833503
vt 0.234649 0.833825
vt 0.234932 0.834920
vt 0.204530 0.808336
vt 0.202358 0.809388
vt 0.200565 0.810333
vt 0.199148 0.803698
vt 0.197071 0.804557
vt 0.194805 0.798179
vt 0.215199 0.767193
vt 0.244846 0.802173
vt 0.246828 0.808937
vt 0.247301 0.801808
vt 0.248906 0.809088
vt 0.249661 0.801636
vt 0.250888 0.809345
vt 0.098595 0.784930
vt 0.103788 0.780635
vt 0.100956 0.787464
vt 0.105771 0.782955
vt 0.102655 0.789547
vt 0.107376 0.784887
vt 0.104071 0.791372
vt 0.108792 0.786541
vt 0.105488 0.793004
vt 0.110114 0.787958
vt 0.111625 0.789504
vt 0.115590 0.783577
vt 0.116818 0.785488
vt 0.121822 0.780829
vt 0.122577 0.783212
vt 0.128336 0.779605
vt 0.128714 0.781773
vt 0.134945 0.778789
vt 0.135040 0.780399
vt 0.142593 0.778746
vt 0.142499 0.779755
vt 0.148730 0.780979
vt 0.148636 0.781773
vt 0.153073 0.784050
vt 0.152224 0.784694
vt 0.154584 0.787850
vt 0.152979 0.787958
vt 0.153545 0.791222
vt 0.151846 0.790857
vt 0.152129 0.794529
vt 0.150241 0.793455
vt 0.150052 0.798093
vt 0.147597 0.796504
vt 0.144670 0.800971
vt 0.142121 0.798652
vt 0.138439 0.803204
vt 0.136362 0.801250
vt 0.134757 0.807413
vt 0.132207 0.805137
vt 0.131074 0.811192
vt 0.128147 0.808551
vt 0.127581 0.814392
vt 0.124276 0.811750
vt 0.124937 0.816389
vt 0.121727 0.815358
vt 0.125409 0.819137
vt 0.120689 0.819695
vt 0.125976 0.822272
vt 0.120405 0.822358
vt 0.120311 0.824506
vt 0.114268 0.823325
vt 0.113891 0.825214
vt 0.108037 0.823282
vt 0.107659 0.825064
vt 0.102561 0.822981
vt 0.102089 0.824656
vt 0.098218 0.822723
vt 0.097651 0.824269
vt 0.094724 0.822401
vt 0.093969 0.823732
vt 0.091514 0.821607
vt 0.150996 0.785080
vt 0.151279 0.788215
vt 0.150241 0.790535
vt 0.148352 0.792167
vt 0.145331 0.794550
vt 0.140233 0.796783
vt 0.134473 0.799317
vt 0.130036 0.802860
vt 0.125504 0.806038
vt 0.120972 0.809259
vt 0.117006 0.813404
vt 0.115496 0.818021
vt 0.110586 0.815100
vt 0.109359 0.818858
vt 0.104732 0.816045
vt 0.103694 0.819116
vt 0.100578 0.816603
vt 0.099634 0.819073
vt 0.096707 0.817290
vt 0.096046 0.819330
vt 0.094063 0.817849
vt 0.093497 0.819524
vt 0.092269 0.818429
vt 0.092458 0.820705
vt 0.091325 0.818794
vt 0.090003 0.819202
vt 0.089815 0.816432
vt 0.091136 0.816496
vt 0.092647 0.816861
vt 0.094913 0.815766
vt 0.098029 0.814649
vt 0.101239 0.813490
vt 0.106621 0.812051
vt 0.113230 0.810376
vt 0.117478 0.806081
vt 0.122199 0.802817
vt 0.127109 0.799854
vt 0.131924 0.796676
vt 0.138533 0.795023
vt 0.143632 0.792746
vt 0.146653 0.790427
vt 0.149297 0.788860
vt 0.090475 0.813468
vt 0.091892 0.813941
vt 0.093402 0.814671
vt 0.094630 0.811965
vt 0.096046 0.813146
vt 0.097745 0.809947
vt 0.099162 0.811471
vt 0.101900 0.807584
vt 0.103788 0.809453
vt 0.107659 0.804814
vt 0.110114 0.807348
vt 0.114363 0.802796
vt 0.119084 0.799339
vt 0.124182 0.796526
vt 0.129092 0.793519
vt 0.133907 0.790105
vt 0.136456 0.792854
vt 0.138344 0.787399
vt 0.140327 0.789053
vt 0.141460 0.786004
vt 0.143443 0.786820
vt 0.141838 0.784458
vt 0.145142 0.785295
vt 0.142027 0.782933
vt 0.146370 0.783921
vt 0.142593 0.780829
vt 0.147408 0.782740
vt 0.094441 0.789225
vt 0.096801 0.791823
vt 0.098312 0.793884
vt 0.099634 0.796139
vt 0.101144 0.797900
vt 0.096140 0.801722
vt 0.097651 0.802989
vt 0.093686 0.806403
vt 0.095007 0.807434
vt 0.091797 0.810247
vt 0.093213 0.811042
vt 0.096424 0.808615
vt 0.100484 0.805974
vt 0.105865 0.802946
vt 0.112002 0.800155
vt 0.116723 0.796397
vt 0.121916 0.793584
vt 0.126920 0.790792
vt 0.132019 0.787765
vt 0.099067 0.804428
vt 0.104260 0.801228
vt 0.110208 0.798029
vt 0.102655 0.799553
vt 0.108509 0.796182
vt 0.114929 0.793777
vt 0.120028 0.790771
vt 0.125221 0.788344
vt 0.130697 0.785767
vt 0.136267 0.783320
vt 0.137306 0.784887
vt 0.106998 0.794529
vt 0.113230 0.791308
vt 0.118234 0.787872
vt 0.123710 0.785767
vt 0.129469 0.783813
vt 0.135512 0.781838
vt 0.149391 0.785810
vt 0.147503 0.786884
vt 0.145142 0.788301
vt 0.142027 0.791007
vt 0.110397 0.776319
vt 0.111908 0.778467
vt 0.113324 0.780249
vt 0.114457 0.781816
vt 0.118895 0.772132
vt 0.119650 0.774515
vt 0.120500 0.776577
vt 0.121161 0.778660
vt 0.128053 0.770242
vt 0.128147 0.772690
vt 0.128147 0.774988
vt 0.128242 0.777286
vt 0.135229 0.777028
vt 0.142782 0.777715
vt 0.150052 0.779798
vt 0.154678 0.783277
vt 0.156189 0.787485
vt 0.157322 0.787249
vt 0.156944 0.791823
vt 0.158361 0.791844
vt 0.156000 0.796182
vt 0.157794 0.796740
vt 0.154112 0.800627
vt 0.156095 0.801701
vt 0.151563 0.805544
vt 0.153451 0.806876
vt 0.147975 0.810612
vt 0.149863 0.812051
vt 0.143726 0.815723
vt 0.145520 0.817183
vt 0.138911 0.820855
vt 0.140422 0.822423
vt 0.133057 0.824720
vt 0.134001 0.826674
vt 0.126731 0.826417
vt 0.127014 0.828392
vt 0.120028 0.828371
vt 0.119933 0.830282
vt 0.113230 0.828886
vt 0.112852 0.830711
vt 0.106715 0.828543
vt 0.106148 0.830260
vt 0.100956 0.827898
vt 0.101522 0.826245
vt 0.107187 0.826825
vt 0.113513 0.827039
vt 0.120122 0.826460
vt 0.126354 0.824398
vt 0.132207 0.822680
vt 0.137400 0.819202
vt 0.142027 0.814263
vt 0.146087 0.809238
vt 0.149485 0.804192
vt 0.152129 0.799425
vt 0.154206 0.795431
vt 0.155623 0.791630
vt 0.131358 0.820597
vt 0.136078 0.817312
vt 0.140233 0.812695
vt 0.144009 0.807799
vt 0.147314 0.802796
vt 0.130130 0.817978
vt 0.134190 0.814585
vt 0.137872 0.810355
vt 0.141366 0.805759
vt 0.097085 0.825772
vt 0.112380 0.832601
vt 0.119744 0.832257
vt 0.119461 0.834340
vt 0.127392 0.834770
vt 0.127392 0.832451
vt 0.127298 0.830389
vt 0.134851 0.828607
vt 0.141838 0.824055
vt 0.147220 0.818794
vt 0.151751 0.813554
vt 0.155528 0.808164
vt 0.158266 0.802624
vt 0.159682 0.797148
vt 0.159777 0.791823
vt 0.158361 0.786863
vt 0.155434 0.782568
vt 0.150524 0.778896
vt 0.143254 0.776555
vt 0.135984 0.775203
vt 0.136645 0.773291
vt 0.144104 0.775181
vt 0.151091 0.777930
vt 0.156283 0.781795
vt 0.159682 0.786283
vt 0.161571 0.791630
vt 0.161854 0.797428
vt 0.160721 0.803462
vt 0.157983 0.809560
vt 0.153923 0.815358
vt 0.148919 0.820748
vt 0.143160 0.826009
vt 0.135606 0.830561
vt 0.137117 0.771080
vt 0.144954 0.773549
vt 0.152035 0.776706
vt 0.157700 0.780614
vt 0.161571 0.785445
vt 0.163837 0.791308
vt 0.164403 0.797664
vt 0.163459 0.804321
vt 0.160910 0.811235
vt 0.156472 0.817677
vt 0.150996 0.823389
vt 0.144481 0.828543
vt 0.136267 0.832859
vt 0.095385 0.820984
vt 0.098690 0.821048
vt 0.103033 0.821220
vt 0.108603 0.821413
vt 0.114740 0.821156
s 1
usemtl Material_0.001
f 973/896/854 974/897/855 975/898/856
f 974/897/855 976/899/857 975/898/856
f 975/898/856 976/899/857 977/900/858
f 976/899/857 978/901/859 977/900/858
f 977/900/858 978/901/859 979/902/860
f 978/901/859 980/903/861 979/902/860
f 979/902/860 980/903/861 981/904/862
f 980/903/861 982/905/863 981/904/862
f 974/897/855 983/906/864 976/899/857
f 983/906/864 984/907/865 976/899/857
f 976/899/857 984/907/865 978/901/859
f 984/907/865 985/908/866 978/901/859
f 978/901/859 985/908/866 980/903/861
f 985/908/866 986/909/867 980/903/861
f 980/903/861 986/909/867 982/905/863
f 986/909/867 987/910/868 982/905/863
f 983/906/864 988/911/869 984/907/865
f 988/911/869 989/912/870 984/907/865
f 984/907/865 989/912/870 985/908/866
f 989/912/870 990/913/871 985/908/866
f 985/908/866 990/913/871 986/909/867
f 990/913/871 991/914/872 986/909/867
f 986/909/867 991/914/872 987/910/868
f 991/914/872 992/915/873 987/910/868
f 988/911/869 993/916/874 989/912/870
f 993/916/874 994/917/875 989/912/870
f 989/912/870 994/917/875 990/913/871
f 994/917/875 995/918/876 990/913/871
f 990/913/871 995/918/876 991/914/872
f 995/918/876 996/919/877 991/914/872
f 991/914/872 996/919/877 992/915/873
f 996/919/877 997/920/878 992/915/873
f 992/915/873 997/920/878 998/921/879
f 997/920/878 999/922/880 998/921/879
f 998/921/879 999/922/880 1000/923/881
f 999/922/880 1001/924/882 1000/923/881
f 1000/923/881 1001/924/882 1002/925/883
f 1001/924/882 1003/926/884 1002/925/883
f 1002/925/883 1003/926/884 1004/927/885
f 1003/926/884 1005/928/886 1004/927/885
f 1004/927/885 1005/928/886 1006/929/887
f 1005/928/886 1007/930/888 1006/929/887
f 1006/929/887 1007/930/888 1008/931/889
f 1007/930/888 1009/932/890 1008/931/889
f 1008/931/889 1009/932/890 1010/933/891
f 1009/932/890 1011/934/892 1010/933/891
f 1010/933/891 1011/934/892 1012/935/893
f 1011/934/892 1013/936/894 1012/935/893
f 1012/935/893 1013/936/894 1014/937/895
f 1013/936/894 1015/938/896 1014/937/895
f 1008/931/889 1016/939/897 1006/929/887
f 1016/939/897 1017/940/898 1006/929/887
f 1006/929/887 1017/940/898 1004/927/885
f 1017/940/898 1018/941/899 1004/927/885
f 1004/927/885 1018/941/899 1002/925/883
f 1018/941/899 1019/942/900 1002/925/883
f 1002/925/883 1019/942/900 1000/923/881
f 1019/942/900 1020/943/901 1000/923/881
f 1000/923/881 1020/943/901 998/921/879
f 1018/941/899 1017/940/898 1021/944/902
f 1017/940/898 1016/939/897 1021/944/902
f 1021/944/902 1016/939/897 1022/945/903
f 1016/939/897 1010/933/891 1022/945/903
f 1022/945/903 1010/933/891 1023/946/904
f 1010/933/891 1012/935/893 1023/946/904
f 1023/946/904 1012/935/893 1024/947/905
f 1012/935/893 1014/937/895 1024/947/905
f 1022/945/903 1025/948/906 1021/944/902
f 1025/948/906 1026/949/907 1021/944/902
f 1021/944/902 1026/949/907 1018/941/899
f 1026/949/907 1019/942/900 1018/941/899
f 1025/948/906 1027/950/908 1026/949/907
f 1027/950/908 1028/951/909 1026/949/907
f 1026/949/907 1028/951/909 1019/942/900
f 1028/951/909 1020/943/901 1019/942/900
f 1029/952/910 1030/953/911 1031/954/855
f 1030/953/911 1032/955/912 1031/954/855
f 1031/954/855 1032/955/912 1033/956/864
f 1032/955/912 1034/957/913 1033/956/864
f 1033/956/864 1034/957/913 1035/958/869
f 1034/957/913 1036/959/914 1035/958/869
f 1035/958/869 1036/959/914 1037/960/915
f 1036/959/914 1038/961/916 1037/960/915
f 1037/960/915 1038/961/916 1039/962/917
f 1038/961/916 1040/963/918 1039/962/917
f 1039/962/917 1040/963/918 1041/964/919
f 1040/963/918 1042/965/920 1041/964/919
f 1041/964/919 1042/965/920 1043/966/921
f 1042/965/920 1044/967/922 1043/966/921
f 1043/966/921 1044/967/922 1045/968/923
f 1044/967/922 1046/969/924 1045/968/923
f 1045/968/923 1046/969/924 1047/970/925
f 1046/969/924 1048/971/926 1047/970/925
f 1047/970/925 1048/971/926 1049/972/927
f 1049/972/927 1050/973/928 1047/970/925
f 1050/973/928 1051/974/929 1047/970/925
f 1047/970/925 1051/974/929 1045/968/923
f 1051/974/929 1052/975/930 1045/968/923
f 1045/968/923 1052/975/930 1043/966/921
f 1052/975/930 1053/976/931 1043/966/921
f 1043/966/921 1053/976/931 1041/964/919
f 1053/976/931 1054/977/932 1041/964/919
f 1041/964/919 1054/977/932 1039/962/917
f 1054/977/932 1055/978/933 1039/962/917
f 1039/962/917 1055/978/933 1037/960/915
f 1055/978/933 1056/979/934 1037/960/915
f 1037/960/915 1056/979/934 1057/980/874
f 1050/973/928 1058/981/935 1051/974/929
f 1058/981/935 1059/982/936 1051/974/929
f 1051/974/929 1059/982/936 1052/975/930
f 1059/982/936 1060/983/937 1052/975/930
f 1052/975/930 1060/983/937 1053/976/931
f 1060/983/937 1061/984/938 1053/976/931
f 1053/976/931 1061/984/938 1054/977/932
f 1061/984/938 1062/985/939 1054/977/932
f 1054/977/932 1062/985/939 1055/978/933
f 1062/985/939 1063/986/940 1055/978/933
f 1055/978/933 1063/986/940 1056/979/934
f 1058/981/935 1064/987/941 1059/982/936
f 1064/987/941 1065/988/942 1059/982/936
f 1059/982/936 1065/988/942 1060/983/937
f 1065/988/942 1066/989/943 1060/983/937
f 1060/983/937 1066/989/943 1061/984/938
f 1066/989/943 1067/990/944 1061/984/938
f 1061/984/938 1067/990/944 1062/985/939
f 1067/990/944 1068/991/945 1062/985/939
f 1062/985/939 1068/991/945 1063/986/940
f 1058/981/935 1069/992/946 1064/987/941
f 1069/992/946 1070/993/947 1064/987/941
f 1064/987/941 1070/993/947 1071/994/948
f 1070/993/947 1072/995/949 1071/994/948
f 1071/994/948 1072/995/949 1073/996/950
f 1072/995/949 1074/997/951 1073/996/950
f 1073/996/950 1074/997/951 1075/998/952
f 1074/997/951 1076/999/953 1075/998/952
f 1075/998/952 1076/999/953 1077/1000/954
f 1076/999/953 1078/1001/955 1077/1000/954
f 1077/1000/954 1078/1001/955 1079/1002/956
f 1078/1001/955 1080/1003/957 1079/1002/956
f 1079/1002/956 1080/1003/957 1081/1004/958
f 1080/1003/957 1082/1005/959 1081/1004/958
f 1081/1004/958 1082/1005/959 1007/930/888
f 1082/1005/959 1083/1006/960 1007/930/888
f 1007/930/888 1083/1006/960 1009/932/890
f 1083/1006/960 1011/934/892 1009/932/890
f 1070/993/947 1084/1007/961 1072/995/949
f 1084/1007/961 1085/1008/962 1072/995/949
f 1072/995/949 1085/1008/962 1074/997/951
f 1085/1008/962 1086/1009/963 1074/997/951
f 1074/997/951 1086/1009/963 1076/999/953
f 1086/1009/963 1087/1010/964 1076/999/953
f 1076/999/953 1087/1010/964 1078/1001/955
f 1087/1010/964 1088/1011/965 1078/1001/955
f 1078/1001/955 1088/1011/965 1080/1003/957
f 1088/1011/965 1089/1012/966 1080/1003/957
f 1080/1003/957 1089/1012/966 1090/1013/967
f 1089/1012/966 1091/1014/968 1090/1013/967
f 1090/1013/967 1091/1014/968 1092/1015/969
f 1091/1014/968 1093/1016/970 1092/1015/969
f 1092/1015/969 1093/1016/970 1094/1017/971
f 1093/1016/970 1095/1018/972 1094/1017/971
f 1094/1017/971 1095/1018/972 1013/936/894
f 1095/1018/972 1015/938/896 1013/936/894
f 1084/1007/961 1096/1019/973 1085/1008/962
f 1096/1019/973 1097/1020/974 1085/1008/962
f 1085/1008/962 1097/1020/974 1086/1009/963
f 1097/1020/974 1098/1021/975 1086/1009/963
f 1086/1009/963 1098/1021/975 1087/1010/964
f 1098/1021/975 1099/1022/976 1087/1010/964
f 1087/1010/964 1099/1022/976 1088/1011/965
f 1099/1022/976 1100/1023/977 1088/1011/965
f 1088/1011/965 1100/1023/977 1089/1012/966
f 1100/1023/977 1101/1024/978 1089/1012/966
f 1089/1012/966 1101/1024/978 1091/1014/968
f 1101/1024/978 1102/1025/979 1091/1014/968
f 1091/1014/968 1102/1025/979 1093/1016/970
f 1102/1025/979 1103/1026/980 1093/1016/970
f 1093/1016/970 1103/1026/980 1095/1018/972
f 1103/1026/980 1104/1027/981 1095/1018/972
f 1095/1018/972 1104/1027/981 1015/938/896
f 1096/1019/973 1105/1028/982 1097/1020/974
f 1105/1028/982 1106/1029/983 1097/1020/974
f 1097/1020/974 1106/1029/983 1098/1021/975
f 1106/1029/983 1107/1030/984 1098/1021/975
f 1098/1021/975 1107/1030/984 1099/1022/976
f 1107/1030/984 1108/1031/985 1099/1022/976
f 1099/1022/976 1108/1031/985 1100/1023/977
f 1108/1031/985 1109/1032/986 1100/1023/977
f 1100/1023/977 1109/1032/986 1101/1024/978
f 1109/1032/986 1110/1033/987 1101/1024/978
f 1101/1024/978 1110/1033/987 1102/1025/979
f 1110/1033/987 1111/1034/988 1102/1025/979
f 1102/1025/979 1111/1034/988 1103/1026/980
f 1111/1034/988 1112/1035/989 1103/1026/980
f 1103/1026/980 1112/1035/989 1104/1027/981
f 1110/1033/987 1109/1032/986 1113/1036/990
f 1109/1032/986 1108/1031/985 1113/1036/990
f 1113/1036/990 1108/1031/985 1114/1037/991
f 1108/1031/985 1107/1030/984 1114/1037/991
f 1114/1037/991 1107/1030/984 1115/1038/992
f 1107/1030/984 1106/1029/983 1115/1038/992
f 1115/1038/992 1106/1029/983 1116/1039/993
f 1106/1029/983 1105/1028/982 1116/1039/993
f 1116/1039/993 1105/1028/982 1117/1040/994
f 1105/1028/982 1118/1041/995 1117/1040/994
f 1117/1040/994 1118/1041/995 1119/1042/996
f 1118/1041/995 1120/1043/997 1119/1042/996
f 1117/1040/994 1121/1044/998 1116/1039/993
f 1121/1044/998 1122/1045/999 1116/1039/993
f 1116/1039/993 1122/1045/999 1115/1038/992
f 1122/1045/999 1123/1046/1000 1115/1038/992
f 1115/1038/992 1123/1046/1000 1114/1037/991
f 1123/1046/1000 1124/1047/1001 1114/1037/991
f 1114/1037/991 1124/1047/1001 1113/1036/990
f 1124/1047/1001 1125/1048/1002 1113/1036/990
f 1113/1036/990 1125/1048/1002 1111/1034/988
f 1125/1048/1002 1112/1035/989 1111/1034/988
f 1075/998/952 1077/1000/954 1126/1049/1003
f 1077/1000/954 1127/1050/1004 1126/1049/1003
f 1126/1049/1003 1127/1050/1004 1128/1051/1005
f 1127/1050/1004 1129/1052/1006 1128/1051/1005
f 1128/1051/1005 1129/1052/1006 1003/926/884
f 1129/1052/1006 1005/928/886 1003/926/884
f 1126/1049/1003 1128/1051/1005 1130/1053/1007
f 1128/1051/1005 1001/924/882 1130/1053/1007
f 1130/1053/1007 1001/924/882 1131/1054/1008
f 1001/924/882 999/922/880 1131/1054/1008
f 1131/1054/1008 999/922/880 1132/1055/1009
f 999/922/880 997/920/878 1132/1055/1009
f 1132/1055/1009 997/920/878 1133/1056/940
f 997/920/878 996/919/877 1133/1056/940
f 1133/1056/940 996/919/877 1134/1057/1010
f 996/919/877 995/918/876 1134/1057/1010
f 1134/1057/1010 995/918/876 994/917/875
f 1064/987/941 1071/994/948 1065/988/942
f 1071/994/948 1135/1058/1011 1065/988/942
f 1065/988/942 1135/1058/1011 1066/989/943
f 1135/1058/1011 1136/1059/1012 1066/989/943
f 1066/989/943 1136/1059/1012 1067/990/944
f 1136/1059/1012 1068/991/945 1067/990/944
f 1071/994/948 1073/996/950 1135/1058/1011
f 1073/996/950 1137/1060/1013 1135/1058/1011
f 1135/1058/1011 1137/1060/1013 1136/1059/1012
f 1137/1060/1013 1138/1061/1014 1136/1059/1012
f 1136/1059/1012 1138/1061/1014 1139/1062/1008
f 1073/996/950 1075/998/952 1137/1060/1013
f 1075/998/952 1140/1063/1003 1137/1060/1013
f 1137/1060/1013 1140/1063/1003 1138/1061/1014
f 1077/1000/954 1079/1002/956 1127/1050/1004
f 1079/1002/956 1129/1052/1006 1127/1050/1004
f 1079/1002/956 1081/1004/958 1129/1052/1006
f 1081/1004/958 1005/928/886 1129/1052/1006
f 1141/1064/1015 1142/1065/1016 1143/1066/1017
f 1142/1065/1016 1144/1067/1018 1143/1066/1017
f 1143/1066/1017 1144/1067/1018 1145/1068/1019
f 1144/1067/1018 1146/1069/1020 1145/1068/1019
f 1145/1068/1019 1146/1069/1020 1147/1070/1021
f 1146/1069/1020 1148/1071/1022 1147/1070/1021
f 1147/1070/1021 1148/1071/1022 1149/1072/1023
f 1148/1071/1022 1150/1073/1024 1149/1072/1023
f 1149/1072/1023 1150/1073/1024 1151/1074/1025
f 1150/1073/1024 1152/1075/1026 1151/1074/1025
f 1142/1065/1016 1153/1076/1027 1144/1067/1018
f 1153/1076/1027 1154/1077/1028 1144/1067/1018
f 1144/1067/1018 1154/1077/1028 1146/1069/1020
f 1154/1077/1028 1155/1078/1029 1146/1069/1020
f 1146/1069/1020 1155/1078/1029 1148/1071/1022
f 1155/1078/1029 1156/1079/1030 1148/1071/1022
f 1148/1071/1022 1156/1079/1030 1150/1073/1024
f 1156/1079/1030 1157/1080/1031 1150/1073/1024
f 1150/1073/1024 1157/1080/1031 1152/1075/1026
f 1157/1080/1031 1158/1081/1032 1152/1075/1026
f 1153/1076/1027 1159/1082/1033 1154/1077/1028
f 1159/1082/1033 1160/1083/1034 1154/1077/1028
f 1154/1077/1028 1160/1083/1034 1155/1078/1029
f 1160/1083/1034 1161/1084/1035 1155/1078/1029
f 1155/1078/1029 1161/1084/1035 1156/1079/1030
f 1161/1084/1035 1162/1085/1036 1156/1079/1030
f 1156/1079/1030 1162/1085/1036 1157/1080/1031
f 1162/1085/1036 1163/1086/1037 1157/1080/1031
f 1157/1080/1031 1163/1086/1037 1158/1081/1032
f 1163/1086/1037 1164/1087/1038 1158/1081/1032
f 1159/1082/1033 1165/1088/1039 1160/1083/1034
f 1165/1088/1039 1166/1089/1040 1160/1083/1034
f 1160/1083/1034 1166/1089/1040 1161/1084/1035
f 1166/1089/1040 1167/1090/1041 1161/1084/1035
f 1161/1084/1035 1167/1090/1041 1162/1085/1036
f 1167/1090/1041 1168/1091/1042 1162/1085/1036
f 1162/1085/1036 1168/1091/1042 1163/1086/1037
f 1168/1091/1042 1169/1092/1043 1163/1086/1037
f 1163/1086/1037 1169/1092/1043 1164/1087/1038
f 1169/1092/1043 1170/1093/1044 1164/1087/1038
f 1165/1088/1039 1171/1094/1045 1166/1089/1040
f 1171/1094/1045 1172/1095/1046 1166/1089/1040
f 1166/1089/1040 1172/1095/1046 1167/1090/1041
f 1172/1095/1046 1173/1096/1047 1167/1090/1041
f 1167/1090/1041 1173/1096/1047 1168/1091/1042
f 1173/1096/1047 1174/1097/1048 1168/1091/1042
f 1168/1091/1042 1174/1097/1048 1169/1092/1043
f 1174/1097/1048 1175/1098/1049 1169/1092/1043
f 1169/1092/1043 1175/1098/1049 1170/1093/1044
f 1175/1098/1049 1176/1099/1050 1170/1093/1044
f 1171/1094/1045 1177/1100/1051 1172/1095/1046
f 1177/1100/1051 1178/1101/1052 1172/1095/1046
f 1172/1095/1046 1178/1101/1052 1173/1096/1047
f 1178/1101/1052 1179/1102/1053 1173/1096/1047
f 1173/1096/1047 1179/1102/1053 1174/1097/1048
f 1179/1102/1053 1180/1103/1054 1174/1097/1048
f 1174/1097/1048 1180/1103/1054 1175/1098/1049
f 1180/1103/1054 1181/1104/1055 1175/1098/1049
f 1175/1098/1049 1181/1104/1055 1176/1099/1050
f 1181/1104/1055 1182/1105/1056 1176/1099/1050
f 1177/1100/1051 1183/1106/1057 1178/1101/1052
f 1183/1106/1057 1184/1107/1058 1178/1101/1052
f 1178/1101/1052 1184/1107/1058 1179/1102/1053
f 1184/1107/1058 1185/1108/1059 1179/1102/1053
f 1179/1102/1053 1185/1108/1059 1180/1103/1054
f 1185/1108/1059 1186/1109/1060 1180/1103/1054
f 1180/1103/1054 1186/1109/1060 1181/1104/1055
f 1186/1109/1060 1187/1110/1061 1181/1104/1055
f 1181/1104/1055 1187/1110/1061 1182/1105/1056
f 1187/1110/1061 1188/1111/1062 1182/1105/1056
f 1183/1106/1057 1189/1112/1063 1184/1107/1058
f 1189/1112/1063 1190/1113/1064 1184/1107/1058
f 1184/1107/1058 1190/1113/1064 1185/1108/1059
f 1190/1113/1064 1191/1114/1065 1185/1108/1059
f 1185/1108/1059 1191/1114/1065 1186/1109/1060
f 1191/1114/1065 1192/1115/1066 1186/1109/1060
f 1186/1109/1060 1192/1115/1066 1187/1110/1061
f 1192/1115/1066 1193/1116/1067 1187/1110/1061
f 1187/1110/1061 1193/1116/1067 1188/1111/1062
f 1193/1116/1067 1194/1117/1068 1188/1111/1062
f 1189/1112/1063 1195/1118/1069 1190/1113/1064
f 1195/1118/1069 1196/1119/1070 1190/1113/1064
f 1190/1113/1064 1196/1119/1070 1191/1114/1065
f 1196/1119/1070 1197/1120/1071 1191/1114/1065
f 1191/1114/1065 1197/1120/1071 1192/1115/1066
f 1197/1120/1071 1198/1121/1072 1192/1115/1066
f 1192/1115/1066 1198/1121/1072 1193/1116/1067
f 1198/1121/1072 1199/1122/1073 1193/1116/1067
f 1193/1116/1067 1199/1122/1073 1194/1117/1068
f 1199/1122/1073 1200/1123/1074 1194/1117/1068
f 1195/1118/1069 1201/1124/1075 1196/1119/1070
f 1201/1124/1075 1202/1125/1076 1196/1119/1070
f 1196/1119/1070 1202/1125/1076 1197/1120/1071
f 1202/1125/1076 1203/1126/1077 1197/1120/1071
f 1197/1120/1071 1203/1126/1077 1198/1121/1072
f 1203/1126/1077 1204/1127/1078 1198/1121/1072
f 1198/1121/1072 1204/1127/1078 1199/1122/1073
f 1204/1127/1078 1205/1128/1079 1199/1122/1073
f 1199/1122/1073 1205/1128/1079 1200/1123/1074
f 1205/1128/1079 1206/1129/1080 1200/1123/1074
f 1201/1124/1075 1207/1130/1081 1202/1125/1076
f 1207/1130/1081 1208/1131/1082 1202/1125/1076
f 1202/1125/1076 1208/1131/1082 1203/1126/1077
f 1208/1131/1082 1209/1132/1083 1203/1126/1077
f 1203/1126/1077 1209/1132/1083 1204/1127/1078
f 1209/1132/1083 1210/1133/1084 1204/1127/1078
f 1204/1127/1078 1210/1133/1084 1205/1128/1079
f 1210/1133/1084 1211/1134/1085 1205/1128/1079
f 1205/1128/1079 1211/1134/1085 1206/1129/1080
f 1211/1134/1085 1212/1135/1086 1206/1129/1080
f 1207/1130/1081 1213/1136/1087 1208/1131/1082
f 1213/1136/1087 1214/1137/1088 1208/1131/1082
f 1208/1131/1082 1214/1137/1088 1209/1132/1083
f 1214/1137/1088 1215/1138/1089 1209/1132/1083
f 1209/1132/1083 1215/1138/1089 1210/1133/1084
f 1215/1138/1089 1216/1139/1090 1210/1133/1084
f 1210/1133/1084 1216/1139/1090 1211/1134/1085
f 1216/1139/1090 1217/1140/1091 1211/1134/1085
f 1211/1134/1085 1217/1140/1091 1212/1135/1086
f 1217/1140/1091 1218/1141/1092 1212/1135/1086
f 1213/1136/1087 1219/1142/1093 1214/1137/1088
f 1219/1142/1093 1220/1143/1094 1214/1137/1088
f 1214/1137/1088 1220/1143/1094 1215/1138/1089
f 1220/1143/1094 1221/1144/1095 1215/1138/1089
f 1215/1138/1089 1221/1144/1095 1216/1139/1090
f 1221/1144/1095 1222/1145/1096 1216/1139/1090
f 1216/1139/1090 1222/1145/1096 1217/1140/1091
f 1222/1145/1096 1223/1146/1097 1217/1140/1091
f 1217/1140/1091 1223/1146/1097 1218/1141/1092
f 1223/1146/1097 1224/1147/1098 1218/1141/1092
f 1219/1142/1093 1225/1148/1099 1220/1143/1094
f 1225/1148/1099 1226/1149/1100 1220/1143/1094
f 1220/1143/1094 1226/1149/1100 1221/1144/1095
f 1226/1149/1100 1227/1150/1101 1221/1144/1095
f 1221/1144/1095 1227/1150/1101 1222/1145/1096
f 1227/1150/1101 1228/1151/1102 1222/1145/1096
f 1222/1145/1096 1228/1151/1102 1223/1146/1097
f 1228/1151/1102 1229/1152/1103 1223/1146/1097
f 1223/1146/1097 1229/1152/1103 1224/1147/1098
f 1229/1152/1103 1230/1153/1104 1224/1147/1098
f 1225/1148/1099 1231/1154/1105 1226/1149/1100
f 1231/1154/1105 1232/1155/1106 1226/1149/1100
f 1226/1149/1100 1232/1155/1106 1227/1150/1101
f 1232/1155/1106 1233/1156/1107 1227/1150/1101
f 1227/1150/1101 1233/1156/1107 1228/1151/1102
f 1233/1156/1107 1234/1157/1108 1228/1151/1102
f 1228/1151/1102 1234/1157/1108 1229/1152/1103
f 1234/1157/1108 1235/1158/1109 1229/1152/1103
f 1229/1152/1103 1235/1158/1109 1230/1153/1104
f 1235/1158/1109 1236/1159/1110 1230/1153/1104
f 1231/1154/1105 1237/1160/1111 1232/1155/1106
f 1237/1160/1111 1238/1161/1112 1232/1155/1106
f 1232/1155/1106 1238/1161/1112 1233/1156/1107
f 1238/1161/1112 1239/1162/1113 1233/1156/1107
f 1233/1156/1107 1239/1162/1113 1234/1157/1108
f 1239/1162/1113 1240/1163/1114 1234/1157/1108
f 1234/1157/1108 1240/1163/1114 1235/1158/1109
f 1240/1163/1114 1241/1164/1115 1235/1158/1109
f 1235/1158/1109 1241/1164/1115 1236/1159/1110
f 1241/1164/1115 1242/1165/1116 1236/1159/1110
f 1237/1160/1111 1243/1166/1117 1238/1161/1112
f 1243/1166/1117 1244/1167/1118 1238/1161/1112
f 1238/1161/1112 1244/1167/1118 1239/1162/1113
f 1244/1167/1118 1245/1168/1119 1239/1162/1113
f 1239/1162/1113 1245/1168/1119 1240/1163/1114
f 1245/1168/1119 1246/1169/1120 1240/1163/1114
f 1240/1163/1114 1246/1169/1120 1241/1164/1115
f 1246/1169/1120 1247/1170/1121 1241/1164/1115
f 1241/1164/1115 1247/1170/1121 1242/1165/1116
f 1247/1170/1121 1248/1171/1122 1242/1165/1116
f 1243/1166/1117 1249/1172/1123 1244/1167/1118
f 1249/1172/1123 1250/1173/1124 1244/1167/1118
f 1244/1167/1118 1250/1173/1124 1245/1168/1119
f 1250/1173/1124 1251/1174/1125 1245/1168/1119
f 1245/1168/1119 1251/1174/1125 1246/1169/1120
f 1251/1174/1125 1252/1175/1126 1246/1169/1120
f 1246/1169/1120 1252/1175/1126 1247/1170/1121
f 1252/1175/1126 1253/1176/1127 1247/1170/1121
f 1247/1170/1121 1253/1176/1127 1248/1171/1122
f 1253/1176/1127 1254/1177/1128 1248/1171/1122
f 1249/1172/1123 1255/1178/1129 1250/1173/1124
f 1255/1178/1129 1256/1179/1130 1250/1173/1124
f 1250/1173/1124 1256/1179/1130 1251/1174/1125
f 1256/1179/1130 1257/1180/1131 1251/1174/1125
f 1251/1174/1125 1257/1180/1131 1252/1175/1126
f 1257/1180/1131 1258/1181/1132 1252/1175/1126
f 1252/1175/1126 1258/1181/1132 1253/1176/1127
f 1258/1181/1132 1259/1182/1133 1253/1176/1127
f 1253/1176/1127 1259/1182/1133 1254/1177/1128
f 1259/1182/1133 1260/1183/1134 1254/1177/1128
f 1255/1178/1129 1261/1184/1135 1256/1179/1130
f 1261/1184/1135 1262/1185/1136 1256/1179/1130
f 1256/1179/1130 1262/1185/1136 1257/1180/1131
f 1262/1185/1136 1263/1186/1137 1257/1180/1131
f 1257/1180/1131 1263/1186/1137 1258/1181/1132
f 1263/1186/1137 1264/1187/1138 1258/1181/1132
f 1258/1181/1132 1264/1187/1138 1259/1182/1133
f 1264/1187/1138 1265/1188/1139 1259/1182/1133
f 1259/1182/1133 1265/1188/1139 1260/1183/1134
f 1265/1188/1139 1266/1189/1140 1260/1183/1134
f 1261/1184/1135 1267/1190/1141 1262/1185/1136
f 1267/1190/1141 1268/1191/1142 1262/1185/1136
f 1262/1185/1136 1268/1191/1142 1263/1186/1137
f 1268/1191/1142 1269/1192/1143 1263/1186/1137
f 1263/1186/1137 1269/1192/1143 1264/1187/1138
f 1269/1192/1143 1270/1193/1144 1264/1187/1138
f 1264/1187/1138 1270/1193/1144 1265/1188/1139
f 1270/1193/1144 1271/1194/1145 1265/1188/1139
f 1265/1188/1139 1271/1194/1145 1266/1189/1140
f 1271/1194/1145 1272/1195/1146 1266/1189/1140
f 1267/1190/1141 1273/1196/1147 1268/1191/1142
f 1273/1196/1147 1274/1197/1148 1268/1191/1142
f 1268/1191/1142 1274/1197/1148 1269/1192/1143
f 1274/1197/1148 1275/1198/1149 1269/1192/1143
f 1269/1192/1143 1275/1198/1149 1270/1193/1144
f 1275/1198/1149 1276/1199/1150 1270/1193/1144
f 1270/1193/1144 1276/1199/1150 1271/1194/1145
f 1276/1199/1150 1277/1200/1151 1271/1194/1145
f 1271/1194/1145 1277/1200/1151 1272/1195/1146
f 1277/1200/1151 1278/1201/1152 1272/1195/1146
f 1275/1198/1149 1279/1202/1153 1276/1199/1150
f 1279/1202/1153 1280/1203/1154 1276/1199/1150
f 1276/1199/1150 1280/1203/1154 1277/1200/1151
f 1280/1203/1154 1281/1204/1155 1277/1200/1151
f 1277/1200/1151 1281/1204/1155 1278/1201/1152
f 1281/1204/1155 1282/1205/1156 1278/1201/1152
f 1275/1198/1149 1274/1197/1148 1279/1202/1153
f 1274/1197/1148 1283/1206/1157 1279/1202/1153
f 1279/1202/1153 1283/1206/1157 1284/1207/1017
f 1283/1206/1157 1285/1208/1015 1284/1207/1017
f 1274/1197/1148 1273/1196/1147 1283/1206/1157
f 1273/1196/1147 1286/1209/1158 1283/1206/1157
f 1283/1206/1157 1286/1209/1158 1285/1208/1015
f 1080/1003/957 1090/1013/967 1082/1005/959
f 1090/1013/967 1092/1015/969 1082/1005/959
f 1082/1005/959 1092/1015/969 1083/1006/960
f 1092/1015/969 1094/1017/971 1083/1006/960
f 1083/1006/960 1094/1017/971 1011/934/892
f 1094/1017/971 1013/936/894 1011/934/892
f 1024/947/905 1287/1210/1159 1023/946/904
f 1287/1210/1159 1022/945/903 1023/946/904
f 1287/1210/1159 1288/1211/1160 1022/945/903
f 1288/1211/1160 1025/948/906 1022/945/903
f 1049/972/927 1289/1212/1161 1050/973/928
f 1289/1212/1161 1290/1213/1162 1050/973/928
f 1050/973/928 1290/1213/1162 1058/981/935
f 1290/1213/1162 1069/992/946 1058/981/935
f 1289/1212/1161 1291/1214/1163 1290/1213/1162
f 1291/1214/1163 1292/1215/1164 1290/1213/1162
f 1290/1213/1162 1292/1215/1164 1069/992/946
f 1292/1215/1164 1084/1007/961 1069/992/946
f 1069/992/946 1084/1007/961 1070/993/947
f 1289/1212/1161 1120/1043/997 1291/1214/1163
f 1120/1043/997 1118/1041/995 1291/1214/1163
f 1291/1214/1163 1118/1041/995 1293/1216/1165
f 1118/1041/995 1105/1028/982 1293/1216/1165
f 1293/1216/1165 1105/1028/982 1096/1019/973
f 1291/1214/1163 1293/1216/1165 1292/1215/1164
f 1293/1216/1165 1096/1019/973 1292/1215/1164
f 1292/1215/1164 1096/1019/973 1084/1007/961
f 1280/1203/1154 1279/1202/1153 1294/1217/1166
f 1279/1202/1153 1284/1207/1017 1294/1217/1166
f 1145/1068/1019 1147/1070/1021 1295/1218/1167
f 1147/1070/1021 1296/1219/1155 1295/1218/1167
f 1147/1070/1021 1149/1072/1023 1296/1219/1155
f 1149/1072/1023 1297/1220/1156 1296/1219/1155
f 1030/953/911 1298/1221/1168 1032/955/912
f 1298/1221/1168 1299/1222/1169 1032/955/912
f 1032/955/912 1299/1222/1169 1034/957/913
f 1299/1222/1169 1300/1223/1170 1034/957/913
f 1034/957/913 1300/1223/1170 1036/959/914
f 1300/1223/1170 1038/961/916 1036/959/914
f 1038/961/916 1300/1223/1170 1301/1224/1171
f 1300/1223/1170 1299/1222/1169 1301/1224/1171
f 1301/1224/1171 1299/1222/1169 1302/1225/1172
f 1299/1222/1169 1298/1221/1168 1302/1225/1172
f 1302/1225/1172 1298/1221/1168 1303/1226/1173
f 1303/1226/1173 1304/1227/1174 1302/1225/1172
f 1304/1227/1174 1305/1228/1175 1302/1225/1172
f 1302/1225/1172 1305/1228/1175 1301/1224/1171
f 1305/1228/1175 1306/1229/1176 1301/1224/1171
f 1301/1224/1171 1306/1229/1176 1040/963/918
f 1306/1229/1176 1042/965/920 1040/963/918
f 1042/965/920 1306/1229/1176 1044/967/922
f 1306/1229/1176 1307/1230/1177 1044/967/922
f 1044/967/922 1307/1230/1177 1046/969/924
f 1307/1230/1177 1308/1231/1178 1046/969/924
f 1046/969/924 1308/1231/1178 1048/971/926
f 1308/1231/1178 1307/1230/1177 1309/1232/1179
f 1307/1230/1177 1305/1228/1175 1309/1232/1179
f 1309/1232/1179 1305/1228/1175 1304/1227/1174
f 1310/1233/1180 1311/1234/1181 1312/1235/1182
f 1311/1234/1181 1313/1236/1183 1312/1235/1182
f 1312/1235/1182 1313/1236/1183 1314/1237/1184
f 1313/1236/1183 1315/1238/1185 1314/1237/1184
f 1314/1237/1184 1315/1238/1185 1316/1239/1186
f 1315/1238/1185 1317/1240/1187 1316/1239/1186
f 1316/1239/1186 1317/1240/1187 1318/1241/1116
f 1317/1240/1187 1319/1242/1188 1318/1241/1116
f 1318/1241/1116 1319/1242/1188 1320/1243/1189
f 1319/1242/1188 1321/1244/1190 1320/1243/1189
f 1320/1243/1189 1321/1244/1190 1322/1245/1191
f 1321/1244/1190 1323/1246/1192 1322/1245/1191
f 1322/1245/1191 1323/1246/1192 1324/1247/1098
f 1323/1246/1192 1325/1248/1193 1324/1247/1098
f 1324/1247/1098 1325/1248/1193 1326/1249/1194
f 1325/1248/1193 1327/1250/1195 1326/1249/1194
f 1326/1249/1194 1327/1250/1195 1328/1251/1196
f 1327/1250/1195 1329/1252/1197 1328/1251/1196
f 1328/1251/1196 1329/1252/1197 1330/1253/1198
f 1329/1252/1197 1331/1254/1199 1330/1253/1198
f 1330/1253/1198 1331/1254/1199 1332/1255/1074
f 1331/1254/1199 1333/1256/1200 1332/1255/1074
f 1332/1255/1074 1333/1256/1200 1334/1257/1201
f 1333/1256/1200 1335/1258/1202 1334/1257/1201
f 1334/1257/1201 1335/1258/1202 1336/1259/1203
f 1335/1258/1202 1337/1260/1204 1336/1259/1203
f 1336/1259/1203 1337/1260/1204 1338/1261/1205
f 1337/1260/1204 1339/1262/1206 1338/1261/1205
f 1338/1261/1205 1339/1262/1206 1340/1263/1207
f 1339/1262/1206 1341/1264/1208 1340/1263/1207
f 1340/1263/1207 1341/1264/1208 1342/1265/1209
f 1341/1264/1208 1343/1266/1210 1342/1265/1209
f 1342/1265/1209 1343/1266/1210 1344/1267/1211
f 1343/1266/1210 1345/1268/1212 1344/1267/1211
f 1344/1267/1211 1345/1268/1212 1346/1269/1213
f 1345/1268/1212 1347/1270/1214 1346/1269/1213
f 1346/1269/1213 1347/1270/1214 1348/1271/1215
f 1347/1270/1214 1349/1272/1216 1348/1271/1215
f 1348/1271/1215 1349/1272/1216 1350/1273/1217
f 1349/1272/1216 1351/1274/1218 1350/1273/1217
f 1350/1273/1217 1351/1274/1218 1352/1275/1219
f 1351/1274/1218 1353/1276/1220 1352/1275/1219
f 1352/1275/1219 1353/1276/1220 1354/1277/1152
f 1353/1276/1220 1355/1278/1221 1354/1277/1152
f 1354/1277/1152 1355/1278/1221 1356/1279/1222
f 1355/1278/1221 1357/1280/1223 1356/1279/1222
f 1356/1279/1222 1357/1280/1223 1310/1233/1180
f 1357/1280/1223 1311/1234/1181 1310/1233/1180
f 1357/1280/1223 1358/1281/1224 1311/1234/1181
f 1358/1281/1224 1359/1282/1225 1311/1234/1181
f 1311/1234/1181 1359/1282/1225 1313/1236/1183
f 1359/1282/1225 1360/1283/1226 1313/1236/1183
f 1313/1236/1183 1360/1283/1226 1315/1238/1185
f 1360/1283/1226 1361/1284/1227 1315/1238/1185
f 1315/1238/1185 1361/1284/1227 1317/1240/1187
f 1361/1284/1227 1362/1285/1228 1317/1240/1187
f 1317/1240/1187 1362/1285/1228 1319/1242/1188
f 1362/1285/1228 1363/1286/1229 1319/1242/1188
f 1319/1242/1188 1363/1286/1229 1321/1244/1190
f 1363/1286/1229 1364/1287/1230 1321/1244/1190
f 1321/1244/1190 1364/1287/1230 1323/1246/1192
f 1364/1287/1230 1365/1288/1231 1323/1246/1192
f 1323/1246/1192 1365/1288/1231 1325/1248/1193
f 1365/1288/1231 1366/1289/1232 1325/1248/1193
f 1325/1248/1193 1366/1289/1232 1327/1250/1195
f 1366/1289/1232 1367/1290/1233 1327/1250/1195
f 1327/1250/1195 1367/1290/1233 1329/1252/1197
f 1367/1290/1233 1368/1291/1234 1329/1252/1197
f 1329/1252/1197 1368/1291/1234 1331/1254/1199
f 1368/1291/1234 1369/1292/1235 1331/1254/1199
f 1331/1254/1199 1369/1292/1235 1333/1256/1200
f 1369/1292/1235 1370/1293/1236 1333/1256/1200
f 1333/1256/1200 1370/1293/1236 1335/1258/1202
f 1370/1293/1236 1371/1294/1237 1335/1258/1202
f 1335/1258/1202 1371/1294/1237 1337/1260/1204
f 1371/1294/1237 1372/1295/1238 1337/1260/1204
f 1337/1260/1204 1372/1295/1238 1339/1262/1206
f 1372/1295/1238 1373/1296/1239 1339/1262/1206
f 1339/1262/1206 1373/1296/1239 1341/1264/1208
f 1373/1296/1239 1374/1297/1240 1341/1264/1208
f 1341/1264/1208 1374/1297/1240 1343/1266/1210
f 1374/1297/1240 1375/1298/1241 1343/1266/1210
f 1343/1266/1210 1375/1298/1241 1345/1268/1212
f 1375/1298/1241 1376/1299/1242 1345/1268/1212
f 1345/1268/1212 1376/1299/1242 1347/1270/1214
f 1376/1299/1242 1377/1300/1243 1347/1270/1214
f 1347/1270/1214 1377/1300/1243 1349/1272/1216
f 1377/1300/1243 1378/1301/1244 1349/1272/1216
f 1349/1272/1216 1378/1301/1244 1351/1274/1218
f 1378/1301/1244 1379/1302/1245 1351/1274/1218
f 1351/1274/1218 1379/1302/1245 1353/1276/1220
f 1379/1302/1245 1380/1303/1246 1353/1276/1220
f 1353/1276/1220 1380/1303/1246 1355/1278/1221
f 1380/1303/1246 1381/1304/1247 1355/1278/1221
f 1355/1278/1221 1381/1304/1247 1357/1280/1223
f 1381/1304/1247 1358/1281/1224 1357/1280/1223
f 1377/1300/1243 1376/1299/1242 1378/1301/1244
f 1376/1299/1242 1374/1297/1248 1378/1301/1244
f 1378/1301/1244 1374/1297/1248 1358/1281/1224
f 1374/1297/1248 1366/1289/1232 1358/1281/1224
f 1358/1281/1224 1366/1289/1232 1362/1285/1228
f 1366/1289/1232 1364/1287/1230 1362/1285/1228
f 1362/1285/1228 1364/1287/1230 1363/1286/1229
f 1374/1297/1248 1370/1293/1236 1366/1289/1232
f 1370/1293/1236 1368/1291/1234 1366/1289/1232
f 1366/1289/1232 1368/1291/1234 1367/1290/1233
f 1374/1297/1248 1372/1295/1238 1370/1293/1236
f 1372/1295/1238 1371/1294/1237 1370/1293/1236
f 1359/1282/1225 1358/1281/1224 1360/1283/1226
f 1358/1281/1224 1362/1285/1228 1360/1283/1226
f 1360/1283/1226 1362/1285/1228 1361/1284/1227
f 1379/1302/1245 1378/1301/1244 1380/1303/1246
f 1378/1301/1244 1358/1281/1224 1380/1303/1246
f 1380/1303/1246 1358/1281/1224 1381/1304/1247
f 1382/1305/1249 1383/1306/1250 1384/1307/1251
f 1383/1306/1250 1385/1308/1252 1384/1307/1251
f 1384/1307/1251 1385/1308/1252 1386/1309/1253
f 1385/1308/1252 1387/1310/1254 1386/1309/1253
f 1386/1309/1253 1387/1310/1254 1388/1311/1255
f 1387/1310/1254 1389/1312/1256 1388/1311/1255
f 1388/1311/1255 1389/1312/1256 1390/1313/1257
f 1389/1312/1256 1391/1314/1258 1390/1313/1257
f 1390/1313/1257 1391/1314/1258 1392/1315/1259
f 1391/1314/1258 1393/1316/1260 1392/1315/1259
f 1392/1315/1259 1393/1316/1260 1394/1317/1261
f 1393/1316/1260 1395/1318/1262 1394/1317/1261
f 1394/1317/1261 1395/1318/1262 1396/1319/1263
f 1395/1318/1262 1397/1320/1264 1396/1319/1263
f 1396/1319/1263 1397/1320/1264 1398/1321/1265
f 1397/1320/1264 1399/1322/1266 1398/1321/1265
f 1398/1321/1265 1399/1322/1266 1400/1323/1267
f 1399/1322/1266 1401/1324/1268 1400/1323/1267
f 1400/1323/1267 1401/1324/1268 1402/1325/1269
f 1401/1324/1268 1403/1326/1270 1402/1325/1269
f 1402/1325/1269 1403/1326/1270 1404/1327/1271
f 1403/1326/1270 1405/1328/1272 1404/1327/1271
f 1404/1327/1271 1405/1328/1272 1406/1329/1273
f 1405/1328/1272 1407/1330/1274 1406/1329/1273
f 1406/1329/1273 1407/1330/1274 1408/1331/1275
f 1407/1330/1274 1409/1332/1276 1408/1331/1275
f 1408/1331/1275 1409/1332/1276 1410/1333/1277
f 1409/1332/1276 1411/1334/1278 1410/1333/1277
f 1410/1333/1277 1411/1334/1278 1412/1335/1279
f 1411/1334/1278 1413/1336/1280 1412/1335/1279
f 1412/1335/1279 1413/1336/1280 1414/1337/1281
f 1413/1336/1280 1415/1338/1282 1414/1337/1281
f 1414/1337/1281 1416/1339/1283 1412/1335/1279
f 1416/1339/1283 1417/1340/1284 1412/1335/1279
f 1412/1335/1279 1417/1340/1284 1410/1333/1277
f 1417/1340/1284 1418/1341/1285 1410/1333/1277
f 1410/1333/1277 1418/1341/1285 1408/1331/1275
f 1418/1341/1285 1419/1342/1286 1408/1331/1275
f 1408/1331/1275 1419/1342/1286 1406/1329/1273
f 1419/1342/1286 1420/1343/1287 1406/1329/1273
f 1406/1329/1273 1420/1343/1287 1404/1327/1271
f 1420/1343/1287 1421/1344/1288 1404/1327/1271
f 1404/1327/1271 1421/1344/1288 1402/1325/1269
f 1421/1344/1288 1422/1345/1289 1402/1325/1269
f 1402/1325/1269 1422/1345/1289 1400/1323/1267
f 1422/1345/1289 1423/1346/1290 1400/1323/1267
f 1400/1323/1267 1423/1346/1290 1398/1321/1265
f 1423/1346/1290 1424/1347/1291 1398/1321/1265
f 1398/1321/1265 1424/1347/1291 1396/1319/1263
f 1424/1347/1291 1425/1348/1292 1396/1319/1263
f 1396/1319/1263 1425/1348/1292 1426/1349/1293
f 1425/1348/1292 1427/1350/1294 1426/1349/1293
f 1426/1349/1293 1427/1350/1294 1428/1351/1295
f 1427/1350/1294 1429/1352/1296 1428/1351/1295
f 1428/1351/1295 1429/1352/1296 1430/1353/1297
f 1429/1352/1296 1431/1354/1298 1430/1353/1297
f 1430/1353/1297 1431/1354/1298 1432/1355/1299
f 1431/1354/1298 1433/1356/1300 1432/1355/1299
f 1432/1355/1299 1433/1356/1300 1434/1357/1301
f 1419/1342/1286 1435/1358/1302 1420/1343/1287
f 1435/1358/1302 1436/1359/1303 1420/1343/1287
f 1420/1343/1287 1436/1359/1303 1421/1344/1288
f 1436/1359/1303 1437/1360/1304 1421/1344/1288
f 1421/1344/1288 1437/1360/1304 1422/1345/1289
f 1437/1360/1304 1438/1361/1305 1422/1345/1289
f 1422/1345/1289 1438/1361/1305 1423/1346/1290
f 1438/1361/1305 1439/1362/1306 1423/1346/1290
f 1423/1346/1290 1439/1362/1306 1424/1347/1291
f 1439/1362/1306 1440/1363/1307 1424/1347/1291
f 1424/1347/1291 1440/1363/1307 1425/1348/1292
f 1440/1363/1307 1441/1364/1308 1425/1348/1292
f 1425/1348/1292 1441/1364/1308 1427/1350/1294
f 1441/1364/1308 1442/1365/1309 1427/1350/1294
f 1427/1350/1294 1442/1365/1309 1429/1352/1296
f 1442/1365/1309 1443/1366/1310 1429/1352/1296
f 1429/1352/1296 1443/1366/1310 1431/1354/1298
f 1443/1366/1310 1444/1367/1311 1431/1354/1298
f 1431/1354/1298 1444/1367/1311 1433/1356/1300
f 1444/1367/1311 1443/1366/1310 1445/1368/1312
f 1443/1366/1310 1446/1369/1313 1445/1368/1312
f 1445/1368/1312 1446/1369/1313 1447/1370/1314
f 1446/1369/1313 1448/1371/1315 1447/1370/1314
f 1447/1370/1314 1448/1371/1315 1449/1372/1316
f 1448/1371/1315 1450/1373/1317 1449/1372/1316
f 1449/1372/1316 1450/1373/1317 1451/1374/1318
f 1450/1373/1317 1452/1375/1319 1451/1374/1318
f 1451/1374/1318 1452/1375/1319 1453/1376/1320
f 1452/1375/1319 1435/1358/1302 1453/1376/1320
f 1453/1376/1320 1435/1358/1302 1454/1377/1321
f 1435/1358/1302 1419/1342/1286 1454/1377/1321
f 1454/1377/1321 1419/1342/1286 1455/1378/1322
f 1419/1342/1286 1418/1341/1285 1455/1378/1322
f 1455/1378/1322 1418/1341/1285 1417/1340/1284
f 1443/1366/1310 1442/1365/1309 1446/1369/1313
f 1442/1365/1309 1456/1379/1323 1446/1369/1313
f 1446/1369/1313 1456/1379/1323 1448/1371/1315
f 1456/1379/1323 1457/1380/1324 1448/1371/1315
f 1448/1371/1315 1457/1380/1324 1450/1373/1317
f 1457/1380/1324 1458/1381/1325 1450/1373/1317
f 1450/1373/1317 1458/1381/1325 1452/1375/1319
f 1458/1381/1325 1436/1359/1303 1452/1375/1319
f 1452/1375/1319 1436/1359/1303 1435/1358/1302
f 1442/1365/1309 1441/1364/1308 1456/1379/1323
f 1441/1364/1308 1459/1382/1326 1456/1379/1323
f 1456/1379/1323 1459/1382/1326 1457/1380/1324
f 1459/1382/1326 1460/1383/1327 1457/1380/1324
f 1457/1380/1324 1460/1383/1327 1458/1381/1325
f 1460/1383/1327 1437/1360/1304 1458/1381/1325
f 1458/1381/1325 1437/1360/1304 1436/1359/1303
f 1441/1364/1308 1440/1363/1307 1459/1382/1326
f 1440/1363/1307 1439/1362/1306 1459/1382/1326
f 1459/1382/1326 1439/1362/1306 1460/1383/1327
f 1439/1362/1306 1438/1361/1305 1460/1383/1327
f 1460/1383/1327 1438/1361/1305 1437/1360/1304
f 1396/1319/1263 1426/1349/1293 1394/1317/1261
f 1426/1349/1293 1461/1384/1328 1394/1317/1261
f 1394/1317/1261 1461/1384/1328 1462/1385/1329
f 1461/1384/1328 1463/1386/1330 1462/1385/1329
f 1462/1385/1329 1463/1386/1330 1464/1387/1331
f 1463/1386/1330 1465/1388/1332 1464/1387/1331
f 1464/1387/1331 1465/1388/1332 1466/1389/1333
f 1465/1388/1332 1467/1390/1334 1466/1389/1333
f 1466/1389/1333 1467/1390/1334 1468/1391/1335
f 1426/1349/1293 1428/1351/1295 1461/1384/1328
f 1428/1351/1295 1430/1353/1297 1461/1384/1328
f 1461/1384/1328 1430/1353/1297 1463/1386/1330
f 1430/1353/1297 1432/1355/1299 1463/1386/1330
f 1463/1386/1330 1432/1355/1299 1465/1388/1332
f 1432/1355/1299 1434/1357/1301 1465/1388/1332
f 1465/1388/1332 1434/1357/1301 1467/1390/1334
f 1384/1307/1251 1386/1309/1253 1469/1392/1336
f 1386/1309/1253 1470/1393/1337 1469/1392/1336
f 1469/1392/1336 1470/1393/1337 1471/1394/1338
f 1470/1393/1337 1472/1395/1339 1471/1394/1338
f 1471/1394/1338 1472/1395/1339 1473/1396/1340
f 1472/1395/1339 1466/1389/1333 1473/1396/1340
f 1473/1396/1340 1466/1389/1333 1468/1391/1335
f 1466/1389/1333 1472/1395/1339 1464/1387/1331
f 1472/1395/1339 1474/1397/1341 1464/1387/1331
f 1464/1387/1331 1474/1397/1341 1462/1385/1329
f 1474/1397/1341 1390/1313/1257 1462/1385/1329
f 1462/1385/1329 1390/1313/1257 1392/1315/1259
f 1390/1313/1257 1474/1397/1341 1388/1311/1255
f 1474/1397/1341 1470/1393/1337 1388/1311/1255
f 1388/1311/1255 1470/1393/1337 1386/1309/1253
f 1395/1318/1262 1393/1316/1260 1397/1320/1264
f 1393/1316/1260 1475/1398/1342 1397/1320/1264
f 1397/1320/1264 1475/1398/1342 1476/1399/1343
f 1475/1398/1342 1477/1400/1344 1476/1399/1343
f 1476/1399/1343 1477/1400/1344 1478/1401/1345
f 1477/1400/1344 1479/1402/1346 1478/1401/1345
f 1478/1401/1345 1479/1402/1346 1480/1403/1347
f 1479/1402/1346 1481/1404/1348 1480/1403/1347
f 1480/1403/1347 1481/1404/1348 1482/1405/1349
f 1481/1404/1348 1383/1306/1250 1482/1405/1349
f 1482/1405/1349 1383/1306/1250 1483/1406/1350
f 1383/1306/1250 1484/1407/1351 1483/1406/1350
f 1483/1406/1350 1484/1407/1351 1485/1408/1352
f 1484/1407/1351 1486/1409/1353 1485/1408/1352
f 1485/1408/1352 1486/1409/1353 1487/1410/1354
f 1486/1409/1353 1488/1411/1355 1487/1410/1354
f 1487/1410/1354 1489/1412/1356 1485/1408/1352
f 1489/1412/1356 1490/1413/1357 1485/1408/1352
f 1485/1408/1352 1490/1413/1357 1483/1406/1350
f 1490/1413/1357 1491/1414/1358 1483/1406/1350
f 1483/1406/1350 1491/1414/1358 1482/1405/1349
f 1491/1414/1358 1492/1415/1359 1482/1405/1349
f 1482/1405/1349 1492/1415/1359 1480/1403/1347
f 1492/1415/1359 1493/1416/1360 1480/1403/1347
f 1480/1403/1347 1493/1416/1360 1478/1401/1345
f 1493/1416/1360 1494/1417/1361 1478/1401/1345
f 1478/1401/1345 1494/1417/1361 1476/1399/1343
f 1494/1417/1361 1495/1418/1362 1476/1399/1343
f 1476/1399/1343 1495/1418/1362 1397/1320/1264
f 1495/1418/1362 1399/1322/1266 1397/1320/1264
f 1489/1412/1356 1496/1419/1363 1490/1413/1357
f 1496/1419/1363 1497/1420/1364 1490/1413/1357
f 1490/1413/1357 1497/1420/1364 1491/1414/1358
f 1497/1420/1364 1498/1421/1365 1491/1414/1358
f 1491/1414/1358 1498/1421/1365 1492/1415/1359
f 1498/1421/1365 1499/1422/1366 1492/1415/1359
f 1492/1415/1359 1499/1422/1366 1493/1416/1360
f 1499/1422/1366 1500/1423/1367 1493/1416/1360
f 1493/1416/1360 1500/1423/1367 1494/1417/1361
f 1500/1423/1367 1501/1424/1368 1494/1417/1361
f 1494/1417/1361 1501/1424/1368 1495/1418/1362
f 1501/1424/1368 1502/1425/1369 1495/1418/1362
f 1495/1418/1362 1502/1425/1369 1399/1322/1266
f 1502/1425/1369 1401/1324/1268 1399/1322/1266
f 1496/1419/1363 1503/1426/1370 1497/1420/1364
f 1503/1426/1370 1504/1427/1371 1497/1420/1364
f 1497/1420/1364 1504/1427/1371 1498/1421/1365
f 1504/1427/1371 1505/1428/1372 1498/1421/1365
f 1498/1421/1365 1505/1428/1372 1499/1422/1366
f 1505/1428/1372 1506/1429/1373 1499/1422/1366
f 1499/1422/1366 1506/1429/1373 1500/1423/1367
f 1506/1429/1373 1507/1430/1374 1500/1423/1367
f 1500/1423/1367 1507/1430/1374 1501/1424/1368
f 1507/1430/1374 1508/1431/1375 1501/1424/1368
f 1501/1424/1368 1508/1431/1375 1502/1425/1369
f 1508/1431/1375 1509/1432/1376 1502/1425/1369
f 1502/1425/1369 1509/1432/1376 1401/1324/1268
f 1509/1432/1376 1403/1326/1270 1401/1324/1268
f 1508/1431/1375 1507/1430/1374 1510/1433/1377
f 1507/1430/1374 1506/1429/1373 1510/1433/1377
f 1510/1433/1377 1506/1429/1373 1511/1434/1378
f 1506/1429/1373 1505/1428/1372 1511/1434/1378
f 1511/1434/1378 1505/1428/1372 1512/1435/1379
f 1505/1428/1372 1504/1427/1371 1512/1435/1379
f 1512/1435/1379 1504/1427/1371 1513/1436/1380
f 1504/1427/1371 1503/1426/1370 1513/1436/1380
f 1513/1436/1380 1503/1426/1370 1514/1437/1381
f 1503/1426/1370 1515/1438/1382 1514/1437/1381
f 1514/1437/1381 1515/1438/1382 1516/1439/1383
f 1515/1438/1382 1517/1440/1384 1516/1439/1383
f 1516/1439/1383 1517/1440/1384 1518/1441/1385
f 1517/1440/1384 1519/1442/1386 1518/1441/1385
f 1518/1441/1385 1519/1442/1386 1520/1443/1387
f 1519/1442/1386 1521/1444/1388 1520/1443/1387
f 1520/1443/1387 1521/1444/1388 1522/1445/1389
f 1508/1431/1375 1510/1433/1377 1523/1446/1390
f 1510/1433/1377 1511/1434/1378 1523/1446/1390
f 1523/1446/1390 1511/1434/1378 1524/1447/1391
f 1511/1434/1378 1512/1435/1379 1524/1447/1391
f 1524/1447/1391 1512/1435/1379 1525/1448/1392
f 1512/1435/1379 1513/1436/1380 1525/1448/1392
f 1525/1448/1392 1513/1436/1380 1526/1449/1393
f 1513/1436/1380 1514/1437/1381 1526/1449/1393
f 1526/1449/1393 1514/1437/1381 1527/1450/1394
f 1514/1437/1381 1516/1439/1383 1527/1450/1394
f 1527/1450/1394 1516/1439/1383 1528/1451/1395
f 1516/1439/1383 1518/1441/1385 1528/1451/1395
f 1528/1451/1395 1518/1441/1385 1529/1452/1396
f 1518/1441/1385 1520/1443/1387 1529/1452/1396
f 1529/1452/1396 1520/1443/1387 1530/1453/1397
f 1520/1443/1387 1522/1445/1389 1530/1453/1397
f 1530/1453/1397 1522/1445/1389 1531/1454/1398
f 1508/1431/1375 1523/1446/1390 1532/1455/1399
f 1523/1446/1390 1524/1447/1391 1532/1455/1399
f 1532/1455/1399 1524/1447/1391 1533/1456/1400
f 1524/1447/1391 1525/1448/1392 1533/1456/1400
f 1533/1456/1400 1525/1448/1392 1534/1457/1401
f 1525/1448/1392 1526/1449/1393 1534/1457/1401
f 1534/1457/1401 1526/1449/1393 1535/1458/1402
f 1526/1449/1393 1527/1450/1394 1535/1458/1402
f 1535/1458/1402 1527/1450/1394 1536/1459/1403
f 1527/1450/1394 1528/1451/1395 1536/1459/1403
f 1536/1459/1403 1528/1451/1395 1537/1460/1404
f 1528/1451/1395 1538/1461/1405 1537/1460/1404
f 1537/1460/1404 1538/1461/1405 1539/1462/1406
f 1538/1461/1405 1540/1463/1407 1539/1462/1406
f 1539/1462/1406 1540/1463/1407 1541/1464/1408
f 1540/1463/1407 1542/1465/1409 1541/1464/1408
f 1541/1464/1408 1542/1465/1409 1543/1466/1410
f 1539/1462/1406 1541/1464/1408 1544/1467/1411
f 1541/1464/1408 1545/1468/1412 1544/1467/1411
f 1544/1467/1411 1545/1468/1412 1546/1469/1413
f 1545/1468/1412 1547/1470/1414 1546/1469/1413
f 1546/1469/1413 1547/1470/1414 1548/1471/1415
f 1547/1470/1414 1549/1472/1416 1548/1471/1415
f 1548/1471/1415 1549/1472/1416 1550/1473/1417
f 1549/1472/1416 1551/1474/1418 1550/1473/1417
f 1550/1473/1417 1551/1474/1418 1534/1457/1401
f 1551/1474/1418 1552/1475/1419 1534/1457/1401
f 1534/1457/1401 1552/1475/1419 1533/1456/1400
f 1552/1475/1419 1553/1476/1420 1533/1456/1400
f 1533/1456/1400 1553/1476/1420 1532/1455/1399
f 1553/1476/1420 1509/1432/1376 1532/1455/1399
f 1532/1455/1399 1509/1432/1376 1508/1431/1375
f 1545/1468/1412 1413/1336/1280 1547/1470/1414
f 1413/1336/1280 1411/1334/1278 1547/1470/1414
f 1547/1470/1414 1411/1334/1278 1549/1472/1416
f 1411/1334/1278 1409/1332/1276 1549/1472/1416
f 1549/1472/1416 1409/1332/1276 1551/1474/1418
f 1409/1332/1276 1407/1330/1274 1551/1474/1418
f 1551/1474/1418 1407/1330/1274 1552/1475/1419
f 1407/1330/1274 1405/1328/1272 1552/1475/1419
f 1552/1475/1419 1405/1328/1272 1553/1476/1420
f 1405/1328/1272 1403/1326/1270 1553/1476/1420
f 1553/1476/1420 1403/1326/1270 1509/1432/1376
f 1413/1336/1280 1545/1468/1412 1415/1338/1282
f 1545/1468/1412 1543/1466/1421 1415/1338/1282
f 1383/1306/1250 1481/1404/1348 1385/1308/1252
f 1481/1404/1348 1387/1310/1254 1385/1308/1252
f 1481/1404/1348 1479/1402/1346 1387/1310/1254
f 1479/1402/1346 1389/1312/1256 1387/1310/1254
f 1479/1402/1346 1477/1400/1344 1389/1312/1256
f 1477/1400/1344 1391/1314/1258 1389/1312/1256
f 1477/1400/1344 1475/1398/1342 1391/1314/1258
f 1475/1398/1342 1393/1316/1260 1391/1314/1258
f 1528/1451/1395 1529/1452/1396 1538/1461/1405
f 1529/1452/1396 1554/1477/1422 1538/1461/1405
f 1538/1461/1405 1554/1477/1422 1540/1463/1407
f 1554/1477/1422 1555/1478/1423 1540/1463/1407
f 1540/1463/1407 1555/1478/1423 1542/1465/1409
f 1529/1452/1396 1530/1453/1397 1554/1477/1422
f 1530/1453/1397 1531/1454/1398 1554/1477/1422
f 1554/1477/1422 1531/1454/1398 1556/1479/1424
f 1503/1426/1370 1496/1419/1363 1515/1438/1382
f 1496/1419/1363 1517/1440/1384 1515/1438/1382
f 1496/1419/1363 1489/1412/1356 1517/1440/1384
f 1489/1412/1356 1519/1442/1386 1517/1440/1384
f 1489/1412/1356 1487/1410/1354 1519/1442/1386
f 1487/1410/1354 1521/1444/1388 1519/1442/1386
f 1383/1306/1250 1382/1305/1249 1484/1407/1351
f 1382/1305/1249 1557/1480/1425 1484/1407/1351
f 1484/1407/1351 1557/1480/1425 1486/1409/1353
f 1557/1480/1425 1558/1481/1426 1486/1409/1353
f 1486/1409/1353 1558/1481/1426 1559/1482/1427
f 1534/1457/1401 1535/1458/1402 1550/1473/1417
f 1535/1458/1402 1560/1483/1428 1550/1473/1417
f 1550/1473/1417 1560/1483/1428 1548/1471/1415
f 1560/1483/1428 1561/1484/1429 1548/1471/1415
f 1548/1471/1415 1561/1484/1429 1546/1469/1413
f 1561/1484/1429 1544/1467/1411 1546/1469/1413
f 1535/1458/1402 1536/1459/1403 1560/1483/1428
f 1536/1459/1403 1537/1460/1404 1560/1483/1428
f 1560/1483/1428 1537/1460/1404 1561/1484/1429
f 1537/1460/1404 1539/1462/1406 1561/1484/1429
f 1561/1484/1429 1539/1462/1406 1544/1467/1411
f 1562/1485/1430 1563/1486/1431 1564/1487/1432
f 1563/1486/1431 1565/1488/1433 1564/1487/1432
f 1564/1487/1432 1565/1488/1433 1566/1489/1434
f 1565/1488/1433 1567/1490/1435 1566/1489/1434
f 1566/1489/1434 1567/1490/1435 1568/1491/1436
f 1567/1490/1435 1569/1492/1437 1568/1491/1436
f 1568/1491/1436 1569/1492/1437 1570/1493/1438
f 1569/1492/1437 1571/1494/1439 1570/1493/1438
f 1570/1493/1438 1571/1494/1439 1572/1495/1440
f 1571/1494/1439 1573/1496/1441 1572/1495/1440
f 1572/1495/1440 1573/1496/1441 1574/1497/1442
f 1573/1496/1441 1575/1498/1443 1574/1497/1442
f 1574/1497/1442 1575/1498/1443 1576/1499/1444
f 1575/1498/1443 1577/1500/1445 1576/1499/1444
f 1576/1499/1444 1577/1500/1445 1578/1501/1446
f 1577/1500/1445 1579/1502/1447 1578/1501/1446
f 1578/1501/1446 1579/1502/1447 1580/1503/1448
f 1579/1502/1447 1581/1504/1449 1580/1503/1448
f 1580/1503/1448 1581/1504/1449 1582/1505/1450
f 1581/1504/1449 1583/1506/1451 1582/1505/1450
f 1582/1505/1450 1583/1506/1451 1584/1507/1452
f 1583/1506/1451 1585/1508/1453 1584/1507/1452
f 1584/1507/1452 1585/1508/1453 1586/1509/1454
f 1585/1508/1453 1587/1510/1455 1586/1509/1454
f 1586/1509/1454 1587/1510/1455 1588/1511/1456
f 1587/1510/1455 1589/1512/1457 1588/1511/1456
f 1588/1511/1456 1589/1512/1457 1590/1513/1458
f 1589/1512/1457 1591/1514/1459 1590/1513/1458
f 1590/1513/1458 1591/1514/1459 1592/1515/1460
f 1591/1514/1459 1593/1516/1461 1592/1515/1460
f 1592/1515/1460 1593/1516/1461 1594/1517/1462
f 1593/1516/1461 1595/1518/1463 1594/1517/1462
f 1594/1517/1462 1595/1518/1463 1596/1519/1464
f 1595/1518/1463 1597/1520/1465 1596/1519/1464
f 1596/1519/1464 1597/1520/1465 1598/1521/1466
f 1597/1520/1465 1599/1522/1467 1598/1521/1466
f 1598/1521/1466 1599/1522/1467 1600/1523/1468
f 1599/1522/1467 1601/1524/1469 1600/1523/1468
f 1600/1523/1468 1601/1524/1469 1602/1525/1470
f 1601/1524/1469 1603/1526/1471 1602/1525/1470
f 1602/1525/1470 1603/1526/1471 1604/1527/1472
f 1603/1526/1471 1605/1528/1473 1604/1527/1472
f 1604/1527/1472 1605/1528/1473 1606/1529/1474
f 1605/1528/1473 1607/1530/1475 1606/1529/1474
f 1606/1529/1474 1607/1530/1475 1608/1531/1476
f 1607/1530/1475 1609/1532/1477 1608/1531/1476
f 1601/1524/1469 1599/1522/1467 1610/1533/1478
f 1599/1522/1467 1611/1534/1465 1610/1533/1478
f 1610/1533/1478 1611/1534/1465 1612/1535/1479
f 1611/1534/1465 1613/1536/1480 1612/1535/1479
f 1612/1535/1479 1613/1536/1480 1614/1537/1481
f 1613/1536/1480 1615/1538/1482 1614/1537/1481
f 1614/1537/1481 1615/1538/1482 1616/1539/1483
f 1615/1538/1482 1617/1540/1484 1616/1539/1483
f 1616/1539/1483 1617/1540/1484 1618/1541/1485
f 1617/1540/1484 1589/1512/1457 1618/1541/1485
f 1618/1541/1485 1589/1512/1457 1619/1542/1486
f 1589/1512/1457 1587/1510/1455 1619/1542/1486
f 1619/1542/1486 1587/1510/1455 1620/1543/1487
f 1587/1510/1455 1585/1508/1453 1620/1543/1487
f 1620/1543/1487 1585/1508/1453 1621/1544/1488
f 1585/1508/1453 1583/1506/1451 1621/1544/1488
f 1621/1544/1488 1583/1506/1451 1622/1545/1489
f 1583/1506/1451 1581/1504/1449 1622/1545/1489
f 1622/1545/1489 1581/1504/1449 1623/1546/1490
f 1581/1504/1449 1579/1502/1447 1623/1546/1490
f 1623/1546/1490 1579/1502/1447 1624/1547/1491
f 1579/1502/1447 1577/1500/1445 1624/1547/1491
f 1624/1547/1491 1577/1500/1445 1625/1548/1492
f 1577/1500/1445 1575/1498/1443 1625/1548/1492
f 1625/1548/1492 1575/1498/1443 1626/1549/1493
f 1575/1498/1443 1573/1496/1441 1626/1549/1493
f 1626/1549/1493 1573/1496/1441 1627/1550/1494
f 1573/1496/1441 1571/1494/1439 1627/1550/1494
f 1627/1550/1494 1571/1494/1439 1628/1551/1495
f 1571/1494/1439 1569/1492/1437 1628/1551/1495
f 1628/1551/1495 1569/1492/1437 1629/1552/1496
f 1569/1492/1437 1630/1553/1497 1629/1552/1496
f 1629/1552/1496 1630/1553/1497 1631/1554/1498
f 1630/1553/1497 1632/1555/1499 1631/1554/1498
f 1631/1554/1498 1632/1555/1499 1633/1556/1500
f 1632/1555/1499 1634/1557/1501 1633/1556/1500
f 1633/1556/1500 1634/1557/1501 1635/1558/1502
f 1634/1557/1501 1636/1559/1503 1635/1558/1502
f 1635/1558/1502 1636/1559/1503 1637/1560/1504
f 1636/1559/1503 1638/1561/1505 1637/1560/1504
f 1637/1560/1504 1638/1561/1505 1639/1562/1506
f 1638/1561/1505 1640/1563/1427 1639/1562/1506
f 1639/1562/1506 1640/1563/1427 1641/1564/1507
f 1640/1563/1427 1642/1565/1508 1641/1564/1507
f 1641/1564/1507 1642/1565/1508 1643/1566/1509
f 1642/1565/1508 1644/1567/1510 1643/1566/1509
f 1643/1566/1509 1644/1567/1510 1645/1568/1511
f 1644/1567/1510 1646/1569/1512 1645/1568/1511
f 1645/1568/1511 1646/1569/1512 1647/1570/1513
f 1625/1548/1492 1648/1571/1514 1624/1547/1491
f 1648/1571/1514 1649/1572/1515 1624/1547/1491
f 1624/1547/1491 1649/1572/1515 1623/1546/1490
f 1649/1572/1515 1650/1573/1516 1623/1546/1490
f 1623/1546/1490 1650/1573/1516 1622/1545/1489
f 1650/1573/1516 1651/1574/1517 1622/1545/1489
f 1622/1545/1489 1651/1574/1517 1621/1544/1488
f 1651/1574/1517 1652/1575/1518 1621/1544/1488
f 1621/1544/1488 1652/1575/1518 1620/1543/1487
f 1652/1575/1518 1653/1576/1519 1620/1543/1487
f 1620/1543/1487 1653/1576/1519 1619/1542/1486
f 1653/1576/1519 1654/1577/1520 1619/1542/1486
f 1619/1542/1486 1654/1577/1520 1618/1541/1485
f 1654/1577/1520 1655/1578/1521 1618/1541/1485
f 1618/1541/1485 1655/1578/1521 1616/1539/1483
f 1655/1578/1521 1656/1579/1522 1616/1539/1483
f 1616/1539/1483 1656/1579/1522 1614/1537/1481
f 1656/1579/1522 1657/1580/1523 1614/1537/1481
f 1614/1537/1481 1657/1580/1523 1612/1535/1479
f 1657/1580/1523 1658/1581/1524 1612/1535/1479
f 1612/1535/1479 1658/1581/1524 1659/1582/1525
f 1658/1581/1524 1660/1583/1526 1659/1582/1525
f 1659/1582/1525 1660/1583/1526 1661/1584/1527
f 1660/1583/1526 1662/1585/1528 1661/1584/1527
f 1661/1584/1527 1662/1585/1528 1603/1526/1471
f 1662/1585/1528 1605/1528/1473 1603/1526/1471
f 1648/1571/1514 1663/1586/1529 1649/1572/1515
f 1663/1586/1529 1664/1587/1226 1649/1572/1515
f 1649/1572/1515 1664/1587/1226 1650/1573/1516
f 1664/1587/1226 1665/1588/1530 1650/1573/1516
f 1650/1573/1516 1665/1588/1530 1651/1574/1517
f 1665/1588/1530 1666/1589/1531 1651/1574/1517
f 1651/1574/1517 1666/1589/1531 1652/1575/1518
f 1666/1589/1531 1667/1590/1532 1652/1575/1518
f 1652/1575/1518 1667/1590/1532 1653/1576/1519
f 1667/1590/1532 1668/1591/1533 1653/1576/1519
f 1653/1576/1519 1668/1591/1533 1654/1577/1520
f 1668/1591/1533 1669/1592/1534 1654/1577/1520
f 1654/1577/1520 1669/1592/1534 1655/1578/1521
f 1669/1592/1534 1670/1593/1535 1655/1578/1521
f 1655/1578/1521 1670/1593/1535 1656/1579/1522
f 1670/1593/1535 1671/1594/1536 1656/1579/1522
f 1656/1579/1522 1671/1594/1536 1657/1580/1523
f 1671/1594/1536 1672/1595/1537 1657/1580/1523
f 1657/1580/1523 1672/1595/1537 1658/1581/1524
f 1672/1595/1537 1673/1596/1538 1658/1581/1524
f 1658/1581/1524 1673/1596/1538 1674/1597/1539
f 1673/1596/1538 1675/1598/1540 1674/1597/1539
f 1674/1597/1539 1675/1598/1540 1676/1599/1541
f 1675/1598/1540 1677/1600/1542 1676/1599/1541
f 1676/1599/1541 1677/1600/1542 1678/1601/1543
f 1677/1600/1542 1643/1566/1509 1678/1601/1543
f 1678/1601/1543 1643/1566/1509 1645/1568/1511
f 1663/1586/1529 1679/1602/1544 1664/1587/1226
f 1679/1602/1544 1680/1603/1545 1664/1587/1226
f 1664/1587/1226 1680/1603/1545 1665/1588/1530
f 1680/1603/1545 1681/1604/1546 1665/1588/1530
f 1665/1588/1530 1681/1604/1546 1666/1589/1531
f 1681/1604/1546 1682/1605/1537 1666/1589/1531
f 1666/1589/1531 1682/1605/1537 1667/1590/1532
f 1682/1605/1537 1683/1606/1547 1667/1590/1532
f 1667/1590/1532 1683/1606/1547 1668/1591/1533
f 1683/1606/1547 1684/1607/1548 1668/1591/1533
f 1668/1591/1533 1684/1607/1548 1669/1592/1534
f 1684/1607/1548 1685/1608/1549 1669/1592/1534
f 1669/1592/1534 1685/1608/1549 1670/1593/1535
f 1685/1608/1549 1686/1609/1550 1670/1593/1535
f 1670/1593/1535 1686/1609/1550 1671/1594/1536
f 1686/1609/1550 1687/1610/1487 1671/1594/1536
f 1671/1594/1536 1687/1610/1487 1672/1595/1537
f 1687/1610/1487 1688/1611/1551 1672/1595/1537
f 1672/1595/1537 1688/1611/1551 1673/1596/1538
f 1688/1611/1551 1689/1612/1552 1673/1596/1538
f 1673/1596/1538 1689/1612/1552 1675/1598/1540
f 1689/1612/1552 1690/1613/1553 1675/1598/1540
f 1675/1598/1540 1690/1613/1553 1677/1600/1542
f 1690/1613/1553 1641/1564/1507 1677/1600/1542
f 1677/1600/1542 1641/1564/1507 1643/1566/1509
f 1689/1612/1552 1688/1611/1551 1691/1614/1554
f 1688/1611/1551 1687/1610/1487 1691/1614/1554
f 1691/1614/1554 1687/1610/1487 1692/1615/1555
f 1687/1610/1487 1686/1609/1550 1692/1615/1555
f 1692/1615/1555 1686/1609/1550 1693/1616/1556
f 1686/1609/1550 1685/1608/1549 1693/1616/1556
f 1693/1616/1556 1685/1608/1549 1694/1617/1557
f 1685/1608/1549 1684/1607/1548 1694/1617/1557
f 1694/1617/1557 1684/1607/1548 1695/1618/1558
f 1684/1607/1548 1683/1606/1547 1695/1618/1558
f 1695/1618/1558 1683/1606/1547 1696/1619/1559
f 1683/1606/1547 1682/1605/1537 1696/1619/1559
f 1696/1619/1559 1682/1605/1537 1697/1620/1560
f 1682/1605/1537 1698/1621/1561 1697/1620/1560
f 1697/1620/1560 1698/1621/1561 1699/1622/1562
f 1698/1621/1561 1700/1623/1563 1699/1622/1562
f 1699/1622/1562 1700/1623/1563 1701/1624/1564
f 1700/1623/1563 1702/1625/1565 1701/1624/1564
f 1701/1624/1564 1702/1625/1565 1703/1626/1566
f 1702/1625/1565 1704/1627/1567 1703/1626/1566
f 1703/1626/1566 1704/1627/1567 1705/1628/1568
f 1704/1627/1567 1706/1629/1569 1705/1628/1568
f 1705/1628/1568 1706/1629/1569 1707/1630/1570
f 1706/1629/1569 1708/1631/1571 1707/1630/1570
f 1707/1630/1570 1708/1631/1571 1709/1632/1572
f 1708/1631/1571 1627/1550/1494 1709/1632/1572
f 1709/1632/1572 1627/1550/1494 1628/1551/1495
f 1705/1628/1568 1710/1633/1573 1703/1626/1566
f 1710/1633/1573 1711/1634/1574 1703/1626/1566
f 1703/1626/1566 1711/1634/1574 1701/1624/1564
f 1711/1634/1574 1712/1635/1575 1701/1624/1564
f 1701/1624/1564 1712/1635/1575 1699/1622/1562
f 1712/1635/1575 1713/1636/1576 1699/1622/1562
f 1699/1622/1562 1713/1636/1576 1697/1620/1560
f 1713/1636/1576 1714/1637/1577 1697/1620/1560
f 1697/1620/1560 1714/1637/1577 1695/1618/1558
f 1714/1637/1577 1715/1638/1578 1695/1618/1558
f 1695/1618/1558 1715/1638/1578 1694/1617/1557
f 1715/1638/1578 1716/1639/1579 1694/1617/1557
f 1694/1617/1557 1716/1639/1579 1693/1616/1556
f 1716/1639/1579 1717/1640/1580 1693/1616/1556
f 1693/1616/1556 1717/1640/1580 1692/1615/1555
f 1717/1640/1580 1718/1641/1581 1692/1615/1555
f 1692/1615/1555 1718/1641/1581 1691/1614/1554
f 1718/1641/1581 1719/1642/1582 1691/1614/1554
f 1691/1614/1554 1719/1642/1582 1689/1612/1552
f 1719/1642/1582 1690/1613/1553 1689/1612/1552
f 1718/1641/1581 1717/1640/1580 1720/1643/1583
f 1717/1640/1580 1721/1644/1584 1720/1643/1583
f 1720/1643/1583 1721/1644/1584 1722/1645/1585
f 1721/1644/1584 1723/1646/1586 1722/1645/1585
f 1722/1645/1585 1723/1646/1586 1724/1647/1587
f 1723/1646/1586 1725/1648/1588 1724/1647/1587
f 1724/1647/1587 1725/1648/1588 1726/1649/1589
f 1725/1648/1588 1727/1650/1590 1726/1649/1589
f 1726/1649/1589 1727/1650/1590 1728/1651/1591
f 1727/1650/1590 1729/1652/1592 1728/1651/1591
f 1728/1651/1591 1729/1652/1592 1710/1633/1573
f 1729/1652/1592 1730/1653/1593 1710/1633/1573
f 1710/1633/1573 1730/1653/1593 1711/1634/1574
f 1730/1653/1593 1731/1654/1594 1711/1634/1574
f 1711/1634/1574 1731/1654/1594 1712/1635/1575
f 1731/1654/1594 1732/1655/1595 1712/1635/1575
f 1712/1635/1575 1732/1655/1595 1713/1636/1576
f 1732/1655/1595 1733/1656/1596 1713/1636/1576
f 1713/1636/1576 1733/1656/1596 1714/1637/1577
f 1733/1656/1596 1715/1638/1578 1714/1637/1577
f 1710/1633/1573 1705/1628/1568 1728/1651/1591
f 1705/1628/1568 1734/1657/1597 1728/1651/1591
f 1728/1651/1591 1734/1657/1597 1735/1658/1598
f 1734/1657/1597 1736/1659/1599 1735/1658/1598
f 1735/1658/1598 1736/1659/1599 1737/1660/1600
f 1736/1659/1599 1738/1661/1601 1737/1660/1600
f 1737/1660/1600 1738/1661/1601 1739/1662/1602
f 1738/1661/1601 1633/1556/1500 1739/1662/1602
f 1739/1662/1602 1633/1556/1500 1740/1663/1603
f 1633/1556/1500 1635/1558/1502 1740/1663/1603
f 1740/1663/1603 1635/1558/1502 1741/1664/1604
f 1635/1558/1502 1637/1560/1504 1741/1664/1604
f 1741/1664/1604 1637/1560/1504 1742/1665/1605
f 1637/1560/1504 1639/1562/1506 1742/1665/1605
f 1742/1665/1605 1639/1562/1506 1641/1564/1507
f 1641/1564/1507 1690/1613/1553 1742/1665/1605
f 1690/1613/1553 1719/1642/1582 1742/1665/1605
f 1742/1665/1605 1719/1642/1582 1741/1664/1604
f 1719/1642/1582 1718/1641/1581 1741/1664/1604
f 1741/1664/1604 1718/1641/1581 1740/1663/1603
f 1718/1641/1581 1720/1643/1583 1740/1663/1603
f 1740/1663/1603 1720/1643/1583 1739/1662/1602
f 1720/1643/1583 1722/1645/1585 1739/1662/1602
f 1739/1662/1602 1722/1645/1585 1737/1660/1600
f 1722/1645/1585 1724/1647/1587 1737/1660/1600
f 1737/1660/1600 1724/1647/1587 1735/1658/1598
f 1724/1647/1587 1726/1649/1589 1735/1658/1598
f 1735/1658/1598 1726/1649/1589 1728/1651/1591
f 1563/1486/1431 1640/1563/1427 1565/1488/1433
f 1640/1563/1427 1638/1561/1505 1565/1488/1433
f 1565/1488/1433 1638/1561/1505 1743/1666/1606
f 1638/1561/1505 1636/1559/1503 1743/1666/1606
f 1743/1666/1606 1636/1559/1503 1632/1555/1499
f 1636/1559/1503 1634/1557/1501 1632/1555/1499
f 1632/1555/1499 1630/1553/1497 1743/1666/1606
f 1630/1553/1497 1567/1490/1435 1743/1666/1606
f 1743/1666/1606 1567/1490/1435 1565/1488/1433
f 1682/1605/1537 1681/1604/1546 1698/1621/1561
f 1681/1604/1546 1700/1623/1563 1698/1621/1561
f 1681/1604/1546 1680/1603/1545 1700/1623/1563
f 1680/1603/1545 1702/1625/1565 1700/1623/1563
f 1680/1603/1545 1679/1602/1544 1702/1625/1565
f 1679/1602/1544 1704/1627/1567 1702/1625/1565
f 1704/1627/1567 1679/1602/1544 1744/1667/1607
f 1679/1602/1544 1663/1586/1529 1744/1667/1607
f 1744/1667/1607 1663/1586/1529 1745/1668/1608
f 1663/1586/1529 1648/1571/1514 1745/1668/1608
f 1745/1668/1608 1648/1571/1514 1626/1549/1493
f 1648/1571/1514 1625/1548/1492 1626/1549/1493
f 1744/1667/1607 1745/1668/1608 1708/1631/1571
f 1745/1668/1608 1626/1549/1493 1708/1631/1571
f 1708/1631/1571 1626/1549/1493 1627/1550/1494
f 1708/1631/1571 1706/1629/1569 1744/1667/1607
f 1706/1629/1569 1704/1627/1567 1744/1667/1607
f 1730/1653/1593 1729/1652/1592 1731/1654/1594
f 1729/1652/1592 1746/1669/1609 1731/1654/1594
f 1731/1654/1594 1746/1669/1609 1732/1655/1595
f 1746/1669/1609 1747/1670/1610 1732/1655/1595
f 1732/1655/1595 1747/1670/1610 1733/1656/1596
f 1747/1670/1610 1748/1671/1611 1733/1656/1596
f 1733/1656/1596 1748/1671/1611 1715/1638/1578
f 1748/1671/1611 1716/1639/1579 1715/1638/1578
f 1729/1652/1592 1727/1650/1590 1746/1669/1609
f 1727/1650/1590 1725/1648/1588 1746/1669/1609
f 1746/1669/1609 1725/1648/1588 1747/1670/1610
f 1725/1648/1588 1723/1646/1586 1747/1670/1610
f 1747/1670/1610 1723/1646/1586 1748/1671/1611
f 1723/1646/1586 1721/1644/1584 1748/1671/1611
f 1748/1671/1611 1721/1644/1584 1716/1639/1579
f 1721/1644/1584 1717/1640/1580 1716/1639/1579
f 1589/1512/1457 1617/1540/1484 1591/1514/1459
f 1617/1540/1484 1593/1516/1461 1591/1514/1459
f 1617/1540/1484 1615/1538/1482 1593/1516/1461
f 1615/1538/1482 1595/1518/1463 1593/1516/1461
f 1615/1538/1482 1613/1536/1480 1595/1518/1463
f 1613/1536/1480 1597/1520/1465 1595/1518/1463
f 1613/1536/1480 1611/1534/1465 1597/1520/1465
f 1611/1534/1465 1599/1522/1467 1597/1520/1465
f 1562/1485/1430 1564/1487/1432 1749/1672/1612
f 1564/1487/1432 1566/1489/1434 1749/1672/1612
f 1749/1672/1612 1566/1489/1434 1750/1673/1613
f 1566/1489/1434 1751/1674/1614 1750/1673/1613
f 1566/1489/1434 1568/1491/1436 1751/1674/1614
f 1568/1491/1436 1570/1493/1438 1751/1674/1614
f 1751/1674/1614 1570/1493/1438 1752/1675/1615
f 1570/1493/1438 1572/1495/1440 1752/1675/1615
f 1752/1675/1615 1572/1495/1440 1753/1676/1423
f 1572/1495/1440 1574/1497/1442 1753/1676/1423
f 1753/1676/1423 1574/1497/1442 1754/1677/1409
f 1574/1497/1442 1755/1678/1616 1754/1677/1409
f 1754/1677/1409 1755/1678/1616 1756/1679/1421
f 1755/1678/1616 1757/1680/1617 1756/1679/1421
f 1756/1679/1421 1757/1680/1617 1758/1681/1618
f 1757/1680/1617 1759/1682/1619 1758/1681/1618
f 1758/1681/1618 1759/1682/1619 1760/1683/1281
f 1759/1682/1619 1761/1684/1620 1760/1683/1281
f 1760/1683/1281 1761/1684/1620 1762/1685/1283
f 1761/1684/1620 1763/1686/1621 1762/1685/1283
f 1762/1685/1283 1763/1686/1621 1764/1687/1622
f 1763/1686/1621 1765/1688/1321 1764/1687/1622
f 1574/1497/1442 1576/1499/1444 1755/1678/1616
f 1576/1499/1444 1766/1689/1623 1755/1678/1616
f 1755/1678/1616 1766/1689/1623 1757/1680/1617
f 1766/1689/1623 1767/1690/1624 1757/1680/1617
f 1757/1680/1617 1767/1690/1624 1759/1682/1619
f 1767/1690/1624 1768/1691/1625 1759/1682/1619
f 1759/1682/1619 1768/1691/1625 1761/1684/1620
f 1768/1691/1625 1769/1692/1626 1761/1684/1620
f 1761/1684/1620 1769/1692/1626 1763/1686/1621
f 1769/1692/1626 1770/1693/1627 1763/1686/1621
f 1763/1686/1621 1770/1693/1627 1771/1694/1628
f 1770/1693/1627 1772/1695/1629 1771/1694/1628
f 1771/1694/1628 1772/1695/1629 1773/1696/1630
f 1772/1695/1629 1774/1697/1631 1773/1696/1630
f 1772/1695/1629 1770/1693/1627 1775/1698/1632
f 1770/1693/1627 1776/1699/1633 1775/1698/1632
f 1775/1698/1632 1776/1699/1633 1777/1700/1634
f 1776/1699/1633 1778/1701/1635 1777/1700/1634
f 1777/1700/1634 1778/1701/1635 1779/1702/1636
f 1778/1701/1635 1780/1703/1637 1779/1702/1636
f 1779/1702/1636 1780/1703/1637 1781/1704/1638
f 1780/1703/1637 1782/1705/1639 1781/1704/1638
f 1781/1704/1638 1782/1705/1639 1783/1706/1640
f 1782/1705/1639 1586/1509/1454 1783/1706/1640
f 1783/1706/1640 1586/1509/1454 1784/1707/1641
f 1586/1509/1454 1588/1511/1456 1784/1707/1641
f 1784/1707/1641 1588/1511/1456 1785/1708/1642
f 1588/1511/1456 1590/1513/1458 1785/1708/1642
f 1785/1708/1642 1590/1513/1458 1786/1709/1643
f 1590/1513/1458 1592/1515/1460 1786/1709/1643
f 1786/1709/1643 1592/1515/1460 1787/1710/1644
f 1592/1515/1460 1594/1517/1462 1787/1710/1644
f 1787/1710/1644 1594/1517/1462 1788/1711/1645
f 1594/1517/1462 1596/1519/1464 1788/1711/1645
f 1788/1711/1645 1596/1519/1464 1789/1712/1646
f 1596/1519/1464 1598/1521/1466 1789/1712/1646
f 1789/1712/1646 1598/1521/1466 1790/1713/1647
f 1598/1521/1466 1600/1523/1468 1790/1713/1647
f 1790/1713/1647 1600/1523/1468 1791/1714/1648
f 1600/1523/1468 1602/1525/1470 1791/1714/1648
f 1791/1714/1648 1602/1525/1470 1792/1715/1649
f 1602/1525/1470 1604/1527/1472 1792/1715/1649
f 1792/1715/1649 1604/1527/1472 1793/1716/1650
f 1604/1527/1472 1606/1529/1474 1793/1716/1650
f 1793/1716/1650 1606/1529/1474 1794/1717/1335
f 1606/1529/1474 1608/1531/1476 1794/1717/1335
f 1783/1706/1640 1784/1707/1641 1795/1718/1651
f 1784/1707/1641 1785/1708/1642 1795/1718/1651
f 1795/1718/1651 1785/1708/1642 1796/1719/1652
f 1785/1708/1642 1786/1709/1643 1796/1719/1652
f 1796/1719/1652 1786/1709/1643 1797/1720/1653
f 1786/1709/1643 1787/1710/1644 1797/1720/1653
f 1797/1720/1653 1787/1710/1644 1798/1721/1654
f 1787/1710/1644 1788/1711/1645 1798/1721/1654
f 1798/1721/1654 1788/1711/1645 1799/1722/1655
f 1788/1711/1645 1789/1712/1646 1799/1722/1655
f 1799/1722/1655 1789/1712/1646 1800/1723/1656
f 1789/1712/1646 1790/1713/1647 1800/1723/1656
f 1800/1723/1656 1790/1713/1647 1801/1724/1657
f 1790/1713/1647 1791/1714/1648 1801/1724/1657
f 1801/1724/1657 1791/1714/1648 1792/1715/1649
f 1792/1715/1649 1802/1725/1658 1801/1724/1657
f 1802/1725/1658 1803/1726/1659 1801/1724/1657
f 1801/1724/1657 1803/1726/1659 1800/1723/1656
f 1803/1726/1659 1804/1727/1660 1800/1723/1656
f 1800/1723/1656 1804/1727/1660 1799/1722/1655
f 1804/1727/1660 1805/1728/1661 1799/1722/1655
f 1799/1722/1655 1805/1728/1661 1798/1721/1654
f 1805/1728/1661 1806/1729/1662 1798/1721/1654
f 1798/1721/1654 1806/1729/1662 1797/1720/1653
f 1806/1729/1662 1807/1730/1663 1797/1720/1653
f 1797/1720/1653 1807/1730/1663 1796/1719/1652
f 1807/1730/1663 1808/1731/1664 1796/1719/1652
f 1796/1719/1652 1808/1731/1664 1795/1718/1651
f 1808/1731/1664 1809/1732/1665 1795/1718/1651
f 1795/1718/1651 1809/1732/1665 1783/1706/1640
f 1809/1732/1665 1781/1704/1638 1783/1706/1640
f 1804/1727/1660 1810/1733/1666 1805/1728/1661
f 1810/1733/1666 1811/1734/1667 1805/1728/1661
f 1805/1728/1661 1811/1734/1667 1806/1729/1662
f 1811/1734/1667 1812/1735/1668 1806/1729/1662
f 1806/1729/1662 1812/1735/1668 1807/1730/1663
f 1812/1735/1668 1813/1736/1669 1807/1730/1663
f 1807/1730/1663 1813/1736/1669 1808/1731/1664
f 1813/1736/1669 1814/1737/1670 1808/1731/1664
f 1808/1731/1664 1814/1737/1670 1809/1732/1665
f 1814/1737/1670 1815/1738/1671 1809/1732/1665
f 1809/1732/1665 1815/1738/1671 1781/1704/1638
f 1815/1738/1671 1779/1702/1636 1781/1704/1638
f 1811/1734/1667 1816/1739/1672 1812/1735/1668
f 1816/1739/1672 1817/1740/1673 1812/1735/1668
f 1812/1735/1668 1817/1740/1673 1813/1736/1669
f 1817/1740/1673 1818/1741/1674 1813/1736/1669
f 1813/1736/1669 1818/1741/1674 1814/1737/1670
f 1818/1741/1674 1819/1742/1675 1814/1737/1670
f 1814/1737/1670 1819/1742/1675 1815/1738/1671
f 1819/1742/1675 1820/1743/1676 1815/1738/1671
f 1815/1738/1671 1820/1743/1676 1779/1702/1636
f 1820/1743/1676 1777/1700/1634 1779/1702/1636
f 1816/1739/1672 1821/1744/1677 1817/1740/1673
f 1821/1744/1677 1822/1745/1678 1817/1740/1673
f 1817/1740/1673 1822/1745/1678 1818/1741/1674
f 1822/1745/1678 1823/1746/1679 1818/1741/1674
f 1818/1741/1674 1823/1746/1679 1819/1742/1675
f 1823/1746/1679 1824/1747/1680 1819/1742/1675
f 1819/1742/1675 1824/1747/1680 1820/1743/1676
f 1824/1747/1680 1825/1748/1681 1820/1743/1676
f 1820/1743/1676 1825/1748/1681 1777/1700/1634
f 1825/1748/1681 1775/1698/1632 1777/1700/1634
f 1821/1744/1677 1826/1749/1682 1822/1745/1678
f 1826/1749/1682 1827/1750/1683 1822/1745/1678
f 1822/1745/1678 1827/1750/1683 1823/1746/1679
f 1827/1750/1683 1828/1751/1684 1823/1746/1679
f 1823/1746/1679 1828/1751/1684 1824/1747/1680
f 1828/1751/1684 1829/1752/1685 1824/1747/1680
f 1824/1747/1680 1829/1752/1685 1825/1748/1681
f 1829/1752/1685 1830/1753/1686 1825/1748/1681
f 1825/1748/1681 1830/1753/1686 1775/1698/1632
f 1830/1753/1686 1772/1695/1629 1775/1698/1632
f 1826/1749/1682 1831/1754/1311 1827/1750/1683
f 1831/1754/1311 1832/1755/1312 1827/1750/1683
f 1827/1750/1683 1832/1755/1312 1828/1751/1684
f 1832/1755/1312 1833/1756/1687 1828/1751/1684
f 1828/1751/1684 1833/1756/1687 1829/1752/1685
f 1833/1756/1687 1834/1757/1316 1829/1752/1685
f 1829/1752/1685 1834/1757/1316 1830/1753/1686
f 1834/1757/1316 1774/1697/1631 1830/1753/1686
f 1830/1753/1686 1774/1697/1631 1772/1695/1629
f 1831/1754/1311 1826/1749/1682 1835/1758/1300
f 1826/1749/1682 1836/1759/1688 1835/1758/1300
f 1835/1758/1300 1836/1759/1688 1837/1760/1301
f 1836/1759/1688 1838/1761/1689 1837/1760/1301
f 1837/1760/1301 1838/1761/1689 1839/1762/1690
f 1838/1761/1689 1840/1763/1691 1839/1762/1690
f 1839/1762/1690 1840/1763/1691 1794/1717/1335
f 1840/1763/1691 1793/1716/1650 1794/1717/1335
f 1793/1716/1650 1840/1763/1691 1802/1725/1658
f 1840/1763/1691 1841/1764/1692 1802/1725/1658
f 1802/1725/1658 1841/1764/1692 1803/1726/1659
f 1841/1764/1692 1842/1765/1693 1803/1726/1659
f 1803/1726/1659 1842/1765/1693 1810/1733/1666
f 1842/1765/1693 1816/1739/1672 1810/1733/1666
f 1810/1733/1666 1816/1739/1672 1811/1734/1667
f 1840/1763/1691 1838/1761/1689 1841/1764/1692
f 1838/1761/1689 1843/1766/1694 1841/1764/1692
f 1841/1764/1692 1843/1766/1694 1842/1765/1693
f 1843/1766/1694 1821/1744/1677 1842/1765/1693
f 1842/1765/1693 1821/1744/1677 1816/1739/1672
f 1838/1761/1689 1836/1759/1688 1843/1766/1694
f 1836/1759/1688 1826/1749/1682 1843/1766/1694
f 1843/1766/1694 1826/1749/1682 1821/1744/1677
f 1586/1509/1454 1782/1705/1639 1584/1507/1452
f 1782/1705/1639 1780/1703/1637 1584/1507/1452
f 1584/1507/1452 1780/1703/1637 1844/1767/1695
f 1780/1703/1637 1778/1701/1635 1844/1767/1695
f 1844/1767/1695 1778/1701/1635 1845/1768/1696
f 1778/1701/1635 1776/1699/1633 1845/1768/1696
f 1845/1768/1696 1776/1699/1633 1846/1769/1697
f 1776/1699/1633 1770/1693/1627 1846/1769/1697
f 1846/1769/1697 1770/1693/1627 1769/1692/1626
f 1584/1507/1452 1844/1767/1695 1582/1505/1450
f 1844/1767/1695 1845/1768/1696 1582/1505/1450
f 1582/1505/1450 1845/1768/1696 1847/1770/1698
f 1845/1768/1696 1846/1769/1697 1847/1770/1698
f 1847/1770/1698 1846/1769/1697 1848/1771/1699
f 1846/1769/1697 1768/1691/1625 1848/1771/1699
f 1848/1771/1699 1768/1691/1625 1767/1690/1624
f 1582/1505/1450 1847/1770/1698 1580/1503/1448
f 1847/1770/1698 1849/1772/1700 1580/1503/1448
f 1580/1503/1448 1849/1772/1700 1578/1501/1446
f 1849/1772/1700 1766/1689/1623 1578/1501/1446
f 1578/1501/1446 1766/1689/1623 1576/1499/1444
f 1847/1770/1698 1848/1771/1699 1849/1772/1700
f 1848/1771/1699 1767/1690/1624 1849/1772/1700
f 1849/1772/1700 1767/1690/1624 1766/1689/1623
f 1705/1628/1568 1707/1630/1570 1734/1657/1597
f 1707/1630/1570 1736/1659/1599 1734/1657/1597
f 1707/1630/1570 1709/1632/1572 1736/1659/1599
f 1709/1632/1572 1850/1773/1701 1736/1659/1599
f 1736/1659/1599 1850/1773/1701 1738/1661/1601
f 1850/1773/1701 1629/1552/1496 1738/1661/1601
f 1738/1661/1601 1629/1552/1496 1631/1554/1498
f 1629/1552/1496 1850/1773/1701 1628/1551/1495
f 1850/1773/1701 1709/1632/1572 1628/1551/1495
f 1612/1535/1479 1659/1582/1525 1610/1533/1478
f 1659/1582/1525 1661/1584/1527 1610/1533/1478
f 1610/1533/1478 1661/1584/1527 1601/1524/1469
f 1661/1584/1527 1603/1526/1471 1601/1524/1469
f 1658/1581/1524 1674/1597/1539 1660/1583/1526
f 1674/1597/1539 1851/1774/1702 1660/1583/1526
f 1660/1583/1526 1851/1774/1702 1662/1585/1528
f 1851/1774/1702 1852/1775/1703 1662/1585/1528
f 1662/1585/1528 1852/1775/1703 1605/1528/1473
f 1852/1775/1703 1607/1530/1475 1605/1528/1473
f 1674/1597/1539 1676/1599/1541 1851/1774/1702
f 1676/1599/1541 1853/1776/1704 1851/1774/1702
f 1851/1774/1702 1853/1776/1704 1852/1775/1703
f 1853/1776/1704 1854/1777/1705 1852/1775/1703
f 1852/1775/1703 1854/1777/1705 1607/1530/1475
f 1854/1777/1705 1609/1532/1477 1607/1530/1475
f 1676/1599/1541 1678/1601/1543 1853/1776/1704
f 1678/1601/1543 1855/1778/1706 1853/1776/1704
f 1853/1776/1704 1855/1778/1706 1854/1777/1705
f 1855/1778/1706 1856/1779/1707 1854/1777/1705
f 1854/1777/1705 1856/1779/1707 1609/1532/1477
f 1678/1601/1543 1645/1568/1511 1855/1778/1706
f 1645/1568/1511 1647/1570/1513 1855/1778/1706
f 1855/1778/1706 1647/1570/1513 1856/1779/1707
f 1773/1696/1630 1765/1688/1321 1771/1694/1628
f 1765/1688/1321 1763/1686/1621 1771/1694/1628
f 1857/1780/879 1858/1781/1708 1859/1782/1709
f 1858/1781/1708 1860/1783/1710 1859/1782/1709
f 1859/1782/1709 1860/1783/1710 1861/1784/1711
f 1860/1783/1710 1862/1785/1712 1861/1784/1711
f 1861/1784/1711 1862/1785/1712 1863/1786/1713
f 1862/1785/1712 1864/1787/1714 1863/1786/1713
f 1863/1786/1713 1864/1787/1714 1865/1788/1715
f 1864/1787/1714 1866/1789/1716 1865/1788/1715
f 1865/1788/1715 1866/1789/1716 1867/1790/1717
f 1866/1789/1716 1868/1791/1718 1867/1790/1717
f 1867/1790/1717 1868/1791/1718 1869/1792/1719
f 1868/1791/1718 1870/1793/1720 1869/1792/1719
f 1869/1792/1719 1870/1793/1720 1871/1794/1721
f 1870/1793/1720 1872/1795/1722 1871/1794/1721
f 1871/1794/1721 1872/1795/1722 1873/1796/1723
f 1872/1795/1722 1874/1797/1724 1873/1796/1723
f 1873/1796/1723 1874/1797/1724 1875/1798/1725
f 1874/1797/1724 1876/1799/1726 1875/1798/1725
f 1875/1798/1725 1876/1799/1726 1877/1800/1727
f 1876/1799/1726 1878/1801/1728 1877/1800/1727
f 1877/1800/1727 1878/1801/1728 1879/1802/1729
f 1878/1801/1728 1880/1803/1730 1879/1802/1729
f 1879/1802/1729 1880/1803/1730 1881/1804/1731
f 1880/1803/1730 1882/1805/1732 1881/1804/1731
f 1881/1804/1731 1882/1805/1732 1883/1806/1733
f 1882/1805/1732 1884/1807/1734 1883/1806/1733
f 1883/1806/1733 1884/1807/1734 1885/1808/1735
f 1884/1807/1734 1886/1809/1736 1885/1808/1735
f 1885/1808/1735 1886/1809/1736 1887/1810/1737
f 1886/1809/1736 1888/1811/1738 1887/1810/1737
f 1887/1810/1737 1888/1811/1738 1889/1812/1739
f 1888/1811/1738 1890/1813/1740 1889/1812/1739
f 1889/1812/1739 1890/1813/1740 1891/1814/1741
f 1890/1813/1740 1892/1815/1742 1891/1814/1741
f 1891/1814/1741 1892/1815/1742 1893/1816/1743
f 1892/1815/1742 1894/1817/1744 1893/1816/1743
f 1893/1816/1743 1894/1817/1744 1895/1818/1745
f 1894/1817/1744 1896/1819/1746 1895/1818/1745
f 1895/1818/1745 1896/1819/1746 1897/1820/1747
f 1896/1819/1746 1898/1821/1748 1897/1820/1747
f 1897/1820/1747 1898/1821/1748 1899/1822/1749
f 1898/1821/1748 1900/1823/1750 1899/1822/1749
f 1899/1822/1749 1900/1823/1750 1901/1824/1751
f 1900/1823/1750 1902/1825/1752 1901/1824/1751
f 1901/1824/1751 1902/1825/1752 1903/1826/1753
f 1902/1825/1752 1904/1827/1754 1903/1826/1753
f 1903/1826/1753 1904/1827/1754 1905/1828/1755
f 1904/1827/1754 1906/1829/1756 1905/1828/1755
f 1905/1828/1755 1906/1829/1756 1907/1830/1757
f 1906/1829/1756 1908/1831/1758 1907/1830/1757
f 1907/1830/1757 1908/1831/1758 1909/1832/1759
f 1908/1831/1758 1910/1833/1760 1909/1832/1759
f 1909/1832/1759 1910/1833/1760 1911/1834/1761
f 1910/1833/1760 1912/1835/1762 1911/1834/1761
f 1911/1834/1761 1912/1835/1762 1913/1836/1763
f 1912/1835/1762 1914/1837/1764 1913/1836/1763
f 1913/1836/1763 1914/1837/1764 1915/1838/1765
f 1914/1837/1764 1916/1839/1766 1915/1838/1765
f 1915/1838/1765 1916/1839/1766 1917/1840/1767
f 1879/1802/1729 1881/1804/1731 1918/1841/1768
f 1881/1804/1731 1883/1806/1733 1918/1841/1768
f 1918/1841/1768 1883/1806/1733 1919/1842/1597
f 1883/1806/1733 1885/1808/1735 1919/1842/1597
f 1919/1842/1597 1885/1808/1735 1920/1843/1769
f 1885/1808/1735 1887/1810/1737 1920/1843/1769
f 1920/1843/1769 1887/1810/1737 1921/1844/1770
f 1887/1810/1737 1889/1812/1739 1921/1844/1770
f 1921/1844/1770 1889/1812/1739 1922/1845/1771
f 1889/1812/1739 1891/1814/1741 1922/1845/1771
f 1922/1845/1771 1891/1814/1741 1923/1846/1772
f 1891/1814/1741 1893/1816/1743 1923/1846/1772
f 1923/1846/1772 1893/1816/1743 1924/1847/1773
f 1893/1816/1743 1895/1818/1745 1924/1847/1773
f 1924/1847/1773 1895/1818/1745 1925/1848/1774
f 1895/1818/1745 1897/1820/1747 1925/1848/1774
f 1925/1848/1774 1897/1820/1747 1926/1849/1775
f 1897/1820/1747 1899/1822/1749 1926/1849/1775
f 1926/1849/1775 1899/1822/1749 1927/1850/1776
f 1899/1822/1749 1901/1824/1751 1927/1850/1776
f 1927/1850/1776 1901/1824/1751 1928/1851/1777
f 1901/1824/1751 1929/1852/1778 1928/1851/1777
f 1928/1851/1777 1929/1852/1778 1930/1853/1779
f 1929/1852/1778 1931/1854/1780 1930/1853/1779
f 1930/1853/1779 1931/1854/1780 1932/1855/1533
f 1931/1854/1780 1933/1856/1781 1932/1855/1533
f 1932/1855/1533 1933/1856/1781 1934/1857/1782
f 1933/1856/1781 1935/1858/1783 1934/1857/1782
f 1934/1857/1782 1935/1858/1783 1936/1859/1784
f 1935/1858/1783 1937/1860/1785 1936/1859/1784
f 1936/1859/1784 1937/1860/1785 1938/1861/1786
f 1937/1860/1785 1939/1862/1787 1938/1861/1786
f 1938/1861/1786 1939/1862/1787 1940/1863/1788
f 1939/1862/1787 1941/1864/1789 1940/1863/1788
f 1940/1863/1788 1941/1864/1789 1942/1865/1790
f 1941/1864/1789 1917/1840/1767 1942/1865/1790
f 1942/1865/1790 1917/1840/1767 1943/1866/1168
f 1943/1866/1168 1944/1867/911 1942/1865/1790
f 1944/1867/911 1945/1868/1791 1942/1865/1790
f 1942/1865/1790 1945/1868/1791 1940/1863/1788
f 1945/1868/1791 1946/1869/1792 1940/1863/1788
f 1940/1863/1788 1946/1869/1792 1938/1861/1786
f 1946/1869/1792 1947/1870/1793 1938/1861/1786
f 1938/1861/1786 1947/1870/1793 1936/1859/1784
f 1947/1870/1793 1948/1871/1794 1936/1859/1784
f 1936/1859/1784 1948/1871/1794 1934/1857/1782
f 1948/1871/1794 1949/1872/1795 1934/1857/1782
f 1934/1857/1782 1949/1872/1795 1932/1855/1533
f 1949/1872/1795 1950/1873/1796 1932/1855/1533
f 1932/1855/1533 1950/1873/1796 1930/1853/1779
f 1950/1873/1796 1951/1874/1797 1930/1853/1779
f 1930/1853/1779 1951/1874/1797 1928/1851/1777
f 1951/1874/1797 1952/1875/1798 1928/1851/1777
f 1928/1851/1777 1952/1875/1798 1927/1850/1776
f 1952/1875/1798 1953/1876/1799 1927/1850/1776
f 1927/1850/1776 1953/1876/1799 1926/1849/1775
f 1953/1876/1799 1954/1877/1800 1926/1849/1775
f 1926/1849/1775 1954/1877/1800 1925/1848/1774
f 1954/1877/1800 1955/1878/1801 1925/1848/1774
f 1925/1848/1774 1955/1878/1801 1924/1847/1773
f 1955/1878/1801 1956/1879/1802 1924/1847/1773
f 1924/1847/1773 1956/1879/1802 1923/1846/1772
f 1956/1879/1802 1957/1880/1803 1923/1846/1772
f 1923/1846/1772 1957/1880/1803 1922/1845/1771
f 1957/1880/1803 1958/1881/1804 1922/1845/1771
f 1922/1845/1771 1958/1881/1804 1921/1844/1770
f 1958/1881/1804 1959/1882/1805 1921/1844/1770
f 1921/1844/1770 1959/1882/1805 1920/1843/1769
f 1959/1882/1805 1919/1842/1597 1920/1843/1769
f 1944/1867/911 1960/1883/854 1945/1868/1791
f 1960/1883/854 1961/1884/1806 1945/1868/1791
f 1945/1868/1791 1961/1884/1806 1962/1885/1807
f 1961/1884/1806 1963/1886/1808 1962/1885/1807
f 1962/1885/1807 1963/1886/1808 1964/1887/1809
f 1963/1886/1808 1965/1888/1810 1964/1887/1809
f 1964/1887/1809 1965/1888/1810 1966/1889/1811
f 1965/1888/1810 1967/1890/1812 1966/1889/1811
f 1966/1889/1811 1967/1890/1812 1968/1891/1813
f 1967/1890/1812 1969/1892/1814 1968/1891/1813
f 1968/1891/1813 1969/1892/1814 1970/1893/1815
f 1969/1892/1814 1971/1894/1816 1970/1893/1815
f 1970/1893/1815 1971/1894/1816 1952/1875/1798
f 1971/1894/1816 1972/1895/1817 1952/1875/1798
f 1952/1875/1798 1972/1895/1817 1953/1876/1799
f 1972/1895/1817 1973/1896/1818 1953/1876/1799
f 1953/1876/1799 1973/1896/1818 1954/1877/1800
f 1973/1896/1818 1974/1897/1819 1954/1877/1800
f 1954/1877/1800 1974/1897/1819 1955/1878/1801
f 1974/1897/1819 1975/1898/1820 1955/1878/1801
f 1955/1878/1801 1975/1898/1820 1976/1899/1821
f 1975/1898/1820 1977/1900/1822 1976/1899/1821
f 1976/1899/1821 1977/1900/1822 1978/1901/1823
f 1977/1900/1822 1979/1902/1824 1978/1901/1823
f 1978/1901/1823 1979/1902/1824 1980/1903/1825
f 1979/1902/1824 1981/1904/1826 1980/1903/1825
f 1980/1903/1825 1981/1904/1826 1982/1905/1827
f 1981/1904/1826 1983/1906/1828 1982/1905/1827
f 1982/1905/1827 1983/1906/1828 1984/1907/1829
f 1983/1906/1828 1985/1908/1830 1984/1907/1829
f 1984/1907/1829 1985/1908/1830 1986/1909/1831
f 1985/1908/1830 1877/1800/1727 1986/1909/1831
f 1986/1909/1831 1877/1800/1727 1879/1802/1729
f 1952/1875/1798 1951/1874/1797 1970/1893/1815
f 1951/1874/1797 1950/1873/1796 1970/1893/1815
f 1970/1893/1815 1950/1873/1796 1968/1891/1813
f 1950/1873/1796 1949/1872/1795 1968/1891/1813
f 1968/1891/1813 1949/1872/1795 1966/1889/1811
f 1949/1872/1795 1948/1871/1794 1966/1889/1811
f 1966/1889/1811 1948/1871/1794 1964/1887/1809
f 1948/1871/1794 1947/1870/1793 1964/1887/1809
f 1964/1887/1809 1947/1870/1793 1962/1885/1807
f 1947/1870/1793 1946/1869/1792 1962/1885/1807
f 1962/1885/1807 1946/1869/1792 1945/1868/1791
f 1857/1780/879 1859/1782/1709 1987/1910/1832
f 1859/1782/1709 1988/1911/1833 1987/1910/1832
f 1859/1782/1709 1861/1784/1711 1988/1911/1833
f 1861/1784/1711 1989/1912/1834 1988/1911/1833
f 1861/1784/1711 1863/1786/1713 1989/1912/1834
f 1863/1786/1713 1990/1913/1835 1989/1912/1834
f 1863/1786/1713 1865/1788/1715 1990/1913/1835
f 1865/1788/1715 1991/1914/1836 1990/1913/1835
f 1990/1913/1835 1991/1914/1836 1992/1915/1837
f 1991/1914/1836 1993/1916/1838 1992/1915/1837
f 1992/1915/1837 1993/1916/1838 1994/1917/1839
f 1993/1916/1838 1995/1918/1840 1994/1917/1839
f 1994/1917/1839 1995/1918/1840 1996/1919/1841
f 1995/1918/1840 1997/1920/1842 1996/1919/1841
f 1996/1919/1841 1997/1920/1842 1960/1883/854
f 1997/1920/1842 1961/1884/1806 1960/1883/854
f 1961/1884/1806 1997/1920/1842 1963/1886/1808
f 1997/1920/1842 1998/1921/1843 1963/1886/1808
f 1963/1886/1808 1998/1921/1843 1965/1888/1810
f 1998/1921/1843 1999/1922/1844 1965/1888/1810
f 1965/1888/1810 1999/1922/1844 1967/1890/1812
f 1999/1922/1844 2000/1923/1845 1967/1890/1812
f 1967/1890/1812 2000/1923/1845 1969/1892/1814
f 2000/1923/1845 2001/1924/1846 1969/1892/1814
f 1969/1892/1814 2001/1924/1846 1971/1894/1816
f 2001/1924/1846 2002/1925/1847 1971/1894/1816
f 1971/1894/1816 2002/1925/1847 1972/1895/1817
f 2002/1925/1847 2003/1926/1848 1972/1895/1817
f 1972/1895/1817 2003/1926/1848 1973/1896/1818
f 2003/1926/1848 2004/1927/1849 1973/1896/1818
f 1973/1896/1818 2004/1927/1849 1974/1897/1819
f 2004/1927/1849 2005/1928/1850 1974/1897/1819
f 1974/1897/1819 2005/1928/1850 1975/1898/1820
f 2005/1928/1850 1977/1900/1822 1975/1898/1820
f 1997/1920/1842 1995/1918/1840 1998/1921/1843
f 1995/1918/1840 2006/1929/1851 1998/1921/1843
f 1998/1921/1843 2006/1929/1851 1999/1922/1844
f 2006/1929/1851 2007/1930/1852 1999/1922/1844
f 1999/1922/1844 2007/1930/1852 2000/1923/1845
f 2007/1930/1852 2008/1931/1853 2000/1923/1845
f 2000/1923/1845 2008/1931/1853 2001/1924/1846
f 2008/1931/1853 2002/1925/1847 2001/1924/1846
f 1995/1918/1840 1993/1916/1838 2006/1929/1851
f 1993/1916/1838 2009/1932/1854 2006/1929/1851
f 2006/1929/1851 2009/1932/1854 2007/1930/1852
f 2009/1932/1854 2010/1933/1855 2007/1930/1852
f 2007/1930/1852 2010/1933/1855 2008/1931/1853
f 2010/1933/1855 2011/1934/1856 2008/1931/1853
f 2008/1931/1853 2011/1934/1856 2002/1925/1847
f 2011/1934/1856 2012/1935/1857 2002/1925/1847
f 2002/1925/1847 2012/1935/1857 2003/1926/1848
f 2012/1935/1857 2013/1936/1858 2003/1926/1848
f 2003/1926/1848 2013/1936/1858 2004/1927/1849
f 2013/1936/1858 2014/1937/1859 2004/1927/1849
f 2004/1927/1849 2014/1937/1859 2005/1928/1850
f 2014/1937/1859 2015/1938/1860 2005/1928/1850
f 2005/1928/1850 2015/1938/1860 2016/1939/1861
f 2015/1938/1860 1983/1906/1828 2016/1939/1861
f 2016/1939/1861 1983/1906/1828 1981/1904/1826
f 1993/1916/1838 1991/1914/1836 2009/1932/1854
f 1991/1914/1836 2017/1940/1862 2009/1932/1854
f 2009/1932/1854 2017/1940/1862 2010/1933/1855
f 2017/1940/1862 2018/1941/1863 2010/1933/1855
f 2010/1933/1855 2018/1941/1863 2011/1934/1856
f 2018/1941/1863 2019/1942/1864 2011/1934/1856
f 2011/1934/1856 2019/1942/1864 2012/1935/1857
f 2019/1942/1864 2020/1943/1865 2012/1935/1857
f 2012/1935/1857 2020/1943/1865 2013/1936/1858
f 2020/1943/1865 2021/1944/1866 2013/1936/1858
f 2013/1936/1858 2021/1944/1866 2014/1937/1859
f 2021/1944/1866 2022/1945/1867 2014/1937/1859
f 2014/1937/1859 2022/1945/1867 2015/1938/1860
f 2022/1945/1867 1985/1908/1830 2015/1938/1860
f 2015/1938/1860 1985/1908/1830 1983/1906/1828
f 1991/1914/1836 1865/1788/1715 2017/1940/1862
f 1865/1788/1715 1867/1790/1717 2017/1940/1862
f 2017/1940/1862 1867/1790/1717 2018/1941/1863
f 1867/1790/1717 1869/1792/1719 2018/1941/1863
f 2018/1941/1863 1869/1792/1719 2019/1942/1864
f 1869/1792/1719 1871/1794/1721 2019/1942/1864
f 2019/1942/1864 1871/1794/1721 2020/1943/1865
f 1871/1794/1721 1873/1796/1723 2020/1943/1865
f 2020/1943/1865 1873/1796/1723 2021/1944/1866
f 1873/1796/1723 1875/1798/1725 2021/1944/1866
f 2021/1944/1866 1875/1798/1725 2022/1945/1867
f 1875/1798/1725 1877/1800/1727 2022/1945/1867
f 2022/1945/1867 1877/1800/1727 1985/1908/1830
f 1879/1802/1729 1918/1841/1768 1986/1909/1831
f 1918/1841/1768 2023/1946/1868 1986/1909/1831
f 1986/1909/1831 2023/1946/1868 1984/1907/1829
f 2023/1946/1868 2024/1947/1869 1984/1907/1829
f 1984/1907/1829 2024/1947/1869 1982/1905/1827
f 2024/1947/1869 2025/1948/1870 1982/1905/1827
f 1982/1905/1827 2025/1948/1870 1980/1903/1825
f 2025/1948/1870 2026/1949/1871 1980/1903/1825
f 1980/1903/1825 2026/1949/1871 1978/1901/1823
f 2026/1949/1871 1976/1899/1821 1978/1901/1823
f 1918/1841/1768 1919/1842/1597 2023/1946/1868
f 1919/1842/1597 1959/1882/1805 2023/1946/1868
f 2023/1946/1868 1959/1882/1805 2024/1947/1869
f 1959/1882/1805 1958/1881/1804 2024/1947/1869
f 2024/1947/1869 1958/1881/1804 2025/1948/1870
f 1958/1881/1804 2026/1949/1871 2025/1948/1870
f 1958/1881/1804 1957/1880/1803 2026/1949/1871
f 1957/1880/1803 1956/1879/1802 2026/1949/1871
f 2026/1949/1871 1956/1879/1802 1976/1899/1821
f 1956/1879/1802 1955/1878/1801 1976/1899/1821
f 1858/1781/1708 2027/1950/1872 1860/1783/1710
f 2027/1950/1872 2028/1951/1873 1860/1783/1710
f 1860/1783/1710 2028/1951/1873 1862/1785/1712
f 2028/1951/1873 2029/1952/1874 1862/1785/1712
f 1862/1785/1712 2029/1952/1874 1864/1787/1714
f 2029/1952/1874 2030/1953/1875 1864/1787/1714
f 1864/1787/1714 2030/1953/1875 1866/1789/1716
f 2030/1953/1875 1868/1791/1718 1866/1789/1716
f 2027/1950/1872 2031/1954/1876 2028/1951/1873
f 2031/1954/1876 2032/1955/1877 2028/1951/1873
f 2028/1951/1873 2032/1955/1877 2029/1952/1874
f 2032/1955/1877 2033/1956/1878 2029/1952/1874
f 2029/1952/1874 2033/1956/1878 2030/1953/1875
f 2033/1956/1878 2034/1957/1879 2030/1953/1875
f 2030/1953/1875 2034/1957/1879 1868/1791/1718
f 2034/1957/1879 1870/1793/1720 1868/1791/1718
f 2031/1954/1876 2035/1958/1880 2032/1955/1877
f 2035/1958/1880 2036/1959/1881 2032/1955/1877
f 2032/1955/1877 2036/1959/1881 2033/1956/1878
f 2036/1959/1881 2037/1960/1882 2033/1956/1878
f 2033/1956/1878 2037/1960/1882 2034/1957/1879
f 2037/1960/1882 2038/1961/1883 2034/1957/1879
f 2034/1957/1879 2038/1961/1883 1870/1793/1720
f 2038/1961/1883 1872/1795/1722 1870/1793/1720
f 1872/1795/1722 2038/1961/1883 1874/1797/1724
f 2038/1961/1883 2039/1962/1884 1874/1797/1724
f 1874/1797/1724 2039/1962/1884 1876/1799/1726
f 2039/1962/1884 2040/1963/1885 1876/1799/1726
f 1876/1799/1726 2040/1963/1885 1878/1801/1728
f 2040/1963/1885 2041/1964/1886 1878/1801/1728
f 1878/1801/1728 2041/1964/1886 1880/1803/1730
f 2041/1964/1886 2042/1965/1887 1880/1803/1730
f 1880/1803/1730 2042/1965/1887 2043/1966/1888
f 2042/1965/1887 2044/1967/1889 2043/1966/1888
f 2043/1966/1888 2044/1967/1889 2045/1968/1890
f 2044/1967/1889 2046/1969/1891 2045/1968/1890
f 2045/1968/1890 2046/1969/1891 2047/1970/1892
f 2046/1969/1891 2048/1971/1893 2047/1970/1892
f 2047/1970/1892 2048/1971/1893 2049/1972/1894
f 2048/1971/1893 2050/1973/1895 2049/1972/1894
f 2049/1972/1894 2050/1973/1895 2051/1974/1896
f 2050/1973/1895 2052/1975/1897 2051/1974/1896
f 2051/1974/1896 2052/1975/1897 2053/1976/1898
f 2052/1975/1897 2054/1977/1899 2053/1976/1898
f 2053/1976/1898 2054/1977/1899 2055/1978/1900
f 2054/1977/1899 2056/1979/1901 2055/1978/1900
f 2055/1978/1900 2056/1979/1901 2057/1980/1902
f 2056/1979/1901 2058/1981/1903 2057/1980/1902
f 2057/1980/1902 2058/1981/1903 2059/1982/1904
f 2058/1981/1903 2060/1983/1905 2059/1982/1904
f 2059/1982/1904 2060/1983/1905 2061/1984/1906
f 2060/1983/1905 2062/1985/1907 2061/1984/1906
f 2061/1984/1906 2062/1985/1907 2063/1986/1908
f 2062/1985/1907 2064/1987/1909 2063/1986/1908
f 2063/1986/1908 2064/1987/1909 2065/1988/1910
f 2064/1987/1909 2066/1989/1911 2065/1988/1910
f 2065/1988/1910 2066/1989/1911 2067/1990/1912
f 2066/1989/1911 2068/1991/926 2067/1990/1912
f 2067/1990/1912 2068/1991/926 2069/1992/1178
f 2069/1992/1178 2070/1993/1913 2067/1990/1912
f 2070/1993/1913 2071/1994/1914 2067/1990/1912
f 2067/1990/1912 2071/1994/1914 2065/1988/1910
f 2071/1994/1914 2072/1995/1915 2065/1988/1910
f 2065/1988/1910 2072/1995/1915 2063/1986/1908
f 2072/1995/1915 2073/1996/1916 2063/1986/1908
f 2063/1986/1908 2073/1996/1916 2061/1984/1906
f 2073/1996/1916 2074/1997/1917 2061/1984/1906
f 2061/1984/1906 2074/1997/1917 2059/1982/1904
f 2074/1997/1917 2075/1998/1918 2059/1982/1904
f 2059/1982/1904 2075/1998/1918 2057/1980/1902
f 2075/1998/1918 2076/1999/1919 2057/1980/1902
f 2057/1980/1902 2076/1999/1919 2055/1978/1900
f 2076/1999/1919 2077/2000/1920 2055/1978/1900
f 2055/1978/1900 2077/2000/1920 2053/1976/1898
f 2077/2000/1920 2078/2001/1921 2053/1976/1898
f 2053/1976/1898 2078/2001/1921 2051/1974/1896
f 2078/2001/1921 2079/2002/1922 2051/1974/1896
f 2051/1974/1896 2079/2002/1922 2049/1972/1894
f 2079/2002/1922 2080/2003/1923 2049/1972/1894
f 2049/1972/1894 2080/2003/1923 2047/1970/1892
f 2080/2003/1923 2081/2004/1924 2047/1970/1892
f 2047/1970/1892 2081/2004/1924 2045/1968/1890
f 2081/2004/1924 2082/2005/1925 2045/1968/1890
f 2045/1968/1890 2082/2005/1925 2043/1966/1888
f 2082/2005/1925 1882/1805/1732 2043/1966/1888
f 2043/1966/1888 1882/1805/1732 1880/1803/1730
f 2070/1993/1913 1912/1835/1762 2071/1994/1914
f 1912/1835/1762 1910/1833/1760 2071/1994/1914
f 2071/1994/1914 1910/1833/1760 2072/1995/1915
f 1910/1833/1760 1908/1831/1758 2072/1995/1915
f 2072/1995/1915 1908/1831/1758 2073/1996/1916
f 1908/1831/1758 1906/1829/1756 2073/1996/1916
f 2073/1996/1916 1906/1829/1756 2074/1997/1917
f 1906/1829/1756 1904/1827/1754 2074/1997/1917
f 2074/1997/1917 1904/1827/1754 2075/1998/1918
f 1904/1827/1754 2083/2006/1926 2075/1998/1918
f 2075/1998/1918 2083/2006/1926 2076/1999/1919
f 2083/2006/1926 2084/2007/1927 2076/1999/1919
f 2076/1999/1919 2084/2007/1927 2077/2000/1920
f 2084/2007/1927 2085/2008/1928 2077/2000/1920
f 2077/2000/1920 2085/2008/1928 2078/2001/1921
f 2085/2008/1928 2086/2009/1929 2078/2001/1921
f 2078/2001/1921 2086/2009/1929 2079/2002/1922
f 2086/2009/1929 2087/2010/1930 2079/2002/1922
f 2079/2002/1922 2087/2010/1930 2080/2003/1923
f 2087/2010/1930 1888/1811/1738 2080/2003/1923
f 2080/2003/1923 1888/1811/1738 1886/1809/1736
f 2083/2006/1926 2088/2011/1931 2084/2007/1927
f 2088/2011/1931 2089/2012/1932 2084/2007/1927
f 2084/2007/1927 2089/2012/1932 2085/2008/1928
f 2089/2012/1932 2090/2013/1933 2085/2008/1928
f 2085/2008/1928 2090/2013/1933 2086/2009/1929
f 2090/2013/1933 2091/2014/1934 2086/2009/1929
f 2086/2009/1929 2091/2014/1934 2087/2010/1930
f 2091/2014/1934 1890/1813/1740 2087/2010/1930
f 2087/2010/1930 1890/1813/1740 1888/1811/1738
f 2088/2011/1931 1898/1821/1748 2089/2012/1932
f 1898/1821/1748 1896/1819/1746 2089/2012/1932
f 2089/2012/1932 1896/1819/1746 2090/2013/1933
f 1896/1819/1746 1894/1817/1744 2090/2013/1933
f 2090/2013/1933 1894/1817/1744 2091/2014/1934
f 1894/1817/1744 1892/1815/1742 2091/2014/1934
f 2091/2014/1934 1892/1815/1742 1890/1813/1740
f 1898/1821/1748 2088/2011/1931 1902/1825/1752
f 2088/2011/1931 1904/1827/1754 1902/1825/1752
f 1981/1904/1826 1979/1902/1824 2016/1939/1861
f 1979/1902/1824 1977/1900/1822 2016/1939/1861
f 2016/1939/1861 1977/1900/1822 2005/1928/1850
f 2069/1992/1178 2092/2015/1179 2070/1993/1913
f 2092/2015/1179 1914/1837/1764 2070/1993/1913
f 2070/1993/1913 1914/1837/1764 1912/1835/1762
f 1882/1805/1732 2082/2005/1925 1884/1807/1734
f 2082/2005/1925 2081/2004/1924 1884/1807/1734
f 1884/1807/1734 2081/2004/1924 1886/1809/1736
f 2081/2004/1924 2080/2003/1923 1886/1809/1736
f 2068/1991/926 2066/1989/1911 2093/2016/927
f 2066/1989/1911 2094/2017/1935 2093/2016/927
f 2093/2016/927 2094/2017/1935 2095/2018/1161
f 2094/2017/1935 2096/2019/1936 2095/2018/1161
f 2096/2019/1936 2094/2017/1935 2097/2020/1937
f 2094/2017/1935 2064/1987/1909 2097/2020/1937
f 2097/2020/1937 2064/1987/1909 2098/2021/1938
f 2064/1987/1909 2062/1985/1907 2098/2021/1938
f 2098/2021/1938 2062/1985/1907 2099/2022/1939
f 2062/1985/1907 2060/1983/1905 2099/2022/1939
f 2099/2022/1939 2060/1983/1905 2100/2023/1940
f 2060/1983/1905 2058/1981/1903 2100/2023/1940
f 2100/2023/1940 2058/1981/1903 2101/2024/1941
f 2058/1981/1903 2056/1979/1901 2101/2024/1941
f 2101/2024/1941 2056/1979/1901 2102/2025/1942
f 2056/1979/1901 2054/1977/1899 2102/2025/1942
f 2102/2025/1942 2054/1977/1899 2103/2026/1943
f 2054/1977/1899 2052/1975/1897 2103/2026/1943
f 2103/2026/1943 2052/1975/1897 2104/2027/1944
f 2052/1975/1897 2050/1973/1895 2104/2027/1944
f 2104/2027/1944 2050/1973/1895 2105/2028/1945
f 2050/1973/1895 2048/1971/1893 2105/2028/1945
f 2105/2028/1945 2048/1971/1893 2106/2029/1946
f 2048/1971/1893 2046/1969/1891 2106/2029/1946
f 2106/2029/1946 2046/1969/1891 2107/2030/1947
f 2046/1969/1891 2044/1967/1889 2107/2030/1947
f 2107/2030/1947 2044/1967/1889 2108/2031/1948
f 2044/1967/1889 2042/1965/1887 2108/2031/1948
f 2108/2031/1948 2042/1965/1887 2109/2032/1949
f 2042/1965/1887 2041/1964/1886 2109/2032/1949
f 2109/2032/1949 2041/1964/1886 2110/2033/1950
f 2041/1964/1886 2040/1963/1885 2110/2033/1950
f 2110/2033/1950 2040/1963/1885 2111/2034/1951
f 2040/1963/1885 2039/1962/1884 2111/2034/1951
f 2111/2034/1951 2039/1962/1884 2038/1961/1883
f 2038/1961/1883 2037/1960/1882 2111/2034/1951
f 2037/1960/1882 2112/2035/1952 2111/2034/1951
f 2111/2034/1951 2112/2035/1952 2110/2033/1950
f 2112/2035/1952 2113/2036/1953 2110/2033/1950
f 2110/2033/1950 2113/2036/1953 2109/2032/1949
f 2113/2036/1953 2114/2037/1954 2109/2032/1949
f 2109/2032/1949 2114/2037/1954 2108/2031/1948
f 2114/2037/1954 2115/2038/1955 2108/2031/1948
f 2108/2031/1948 2115/2038/1955 2107/2030/1947
f 2115/2038/1955 2116/2039/1956 2107/2030/1947
f 2107/2030/1947 2116/2039/1956 2106/2029/1946
f 2116/2039/1956 2117/2040/1957 2106/2029/1946
f 2106/2029/1946 2117/2040/1957 2105/2028/1945
f 2117/2040/1957 2118/2041/1958 2105/2028/1945
f 2105/2028/1945 2118/2041/1958 2104/2027/1944
f 2118/2041/1958 2119/2042/1959 2104/2027/1944
f 2104/2027/1944 2119/2042/1959 2103/2026/1943
f 2119/2042/1959 2120/2043/1960 2103/2026/1943
f 2103/2026/1943 2120/2043/1960 2102/2025/1942
f 2120/2043/1960 2121/2044/1961 2102/2025/1942
f 2102/2025/1942 2121/2044/1961 2101/2024/1941
f 2121/2044/1961 2122/2045/1962 2101/2024/1941
f 2101/2024/1941 2122/2045/1962 2100/2023/1940
f 2122/2045/1962 2123/2046/1963 2100/2023/1940
f 2100/2023/1940 2123/2046/1963 2099/2022/1939
f 2123/2046/1963 2124/2047/1964 2099/2022/1939
f 2099/2022/1939 2124/2047/1964 2098/2021/1938
f 2124/2047/1964 2097/2020/1937 2098/2021/1938
f 2037/1960/1882 2036/1959/1881 2112/2035/1952
f 2036/1959/1881 2125/2048/1965 2112/2035/1952
f 2112/2035/1952 2125/2048/1965 2113/2036/1953
f 2125/2048/1965 2126/2049/1966 2113/2036/1953
f 2113/2036/1953 2126/2049/1966 2114/2037/1954
f 2126/2049/1966 2127/2050/905 2114/2037/1954
f 2114/2037/1954 2127/2050/905 2115/2038/1955
f 2127/2050/905 2128/2051/895 2115/2038/1955
f 2115/2038/1955 2128/2051/895 2116/2039/1956
f 2128/2051/895 2129/2052/1967 2116/2039/1956
f 2116/2039/1956 2129/2052/1967 2117/2040/1957
f 2129/2052/1967 2130/2053/1968 2117/2040/1957
f 2117/2040/1957 2130/2053/1968 2118/2041/1958
f 2130/2053/1968 2131/2054/1969 2118/2041/1958
f 2118/2041/1958 2131/2054/1969 2119/2042/1959
f 2131/2054/1969 2132/2055/1970 2119/2042/1959
f 2119/2042/1959 2132/2055/1970 2120/2043/1960
f 2132/2055/1970 2133/2056/1971 2120/2043/1960
f 2120/2043/1960 2133/2056/1971 2121/2044/1961
f 2133/2056/1971 2134/2057/1972 2121/2044/1961
f 2121/2044/1961 2134/2057/1972 2122/2045/1962
f 2134/2057/1972 2135/2058/1973 2122/2045/1962
f 2122/2045/1962 2135/2058/1973 2123/2046/1963
f 2135/2058/1973 2136/2059/1974 2123/2046/1963
f 2123/2046/1963 2136/2059/1974 2124/2047/1964
f 2136/2059/1974 2137/2060/996 2124/2047/1964
f 2124/2047/1964 2137/2060/996 2097/2020/1937
f 2137/2060/996 2096/2019/1936 2097/2020/1937
f 1917/1840/1767 1941/1864/1789 1915/1838/1765
f 1941/1864/1789 2138/2061/1975 1915/1838/1765
f 1915/1838/1765 2138/2061/1975 1913/1836/1763
f 2138/2061/1975 2139/2062/1976 1913/1836/1763
f 1913/1836/1763 2139/2062/1976 1911/1834/1761
f 2139/2062/1976 2140/2063/1977 1911/1834/1761
f 1911/1834/1761 2140/2063/1977 1909/1832/1759
f 2140/2063/1977 2141/2064/1978 1909/1832/1759
f 1909/1832/1759 2141/2064/1978 1907/1830/1757
f 2141/2064/1978 2142/2065/1979 1907/1830/1757
f 1907/1830/1757 2142/2065/1979 1905/1828/1755
f 2142/2065/1979 1903/1826/1753 1905/1828/1755
f 1941/1864/1789 1939/1862/1787 2138/2061/1975
f 1939/1862/1787 1937/1860/1785 2138/2061/1975
f 2138/2061/1975 1937/1860/1785 2139/2062/1976
f 1937/1860/1785 1935/1858/1783 2139/2062/1976
f 2139/2062/1976 1935/1858/1783 2140/2063/1977
f 1935/1858/1783 1933/1856/1781 2140/2063/1977
f 2140/2063/1977 1933/1856/1781 2141/2064/1978
f 1933/1856/1781 1931/1854/1780 2141/2064/1978
f 2141/2064/1978 1931/1854/1780 2142/2065/1979
f 1931/1854/1780 1929/1852/1778 2142/2065/1979
f 2142/2065/1979 1929/1852/1778 1903/1826/1753
f 1929/1852/1778 1901/1824/1751 1903/1826/1753
f 2144/917/875 2143/916/874 2166/1057/934
f 2150/933/1980 2151/939/897 2149/931/889
f 2161/1036/1981 2160/1034/1982 2159/1033/987
f 2225/1825/1752 2224/1823/1983 2223/1821/1748
f 2167/1059/1012 2168/1062/1008 2157/991/1009
f 2174/1229/1176 2173/1228/1175 2175/1230/1984
f 2153/960/915 2156/980/874 2152/958/869
f 2172/1224/1171 2155/963/918 2154/961/916
f 2227/1837/1985 2235/2015/1986 2228/1839/1987
f 2231/1987/1988 2236/2017/1989 2232/1989/1990
f 2145/924/882 2165/1051/1005 2146/926/884
f 2163/1042/1991 2164/1044/1992 2162/1040/1993
f 2148/930/888 2147/928/886 2158/1004/958
f 2230/1959/1994 2229/1958/1995 2237/2048/1965
f 2234/2011/1931 2233/2006/1996 2226/1827/1754
f 2221/1733/1666 2220/1727/1660 2219/1726/1659
f 2201/1477/1997 2203/1479/1998 2202/1478/1423
f 2218/1725/1999 2216/1715/1649 2217/1716/1650
f 2204/1482/1427 2197/1411/1431 2196/1409/2000
f 2207/1553/2001 2206/1492/1437 2205/1490/2002
f 2195/1397/2003 2194/1395/1339 2193/1393/2004
f 2192/1385/1329 2187/1315/2005 2188/1317/2006
f 2213/1661/2007 2208/1554/2008 2209/1556/1500
f 2210/1618/2009 2211/1619/2010 2212/1620/2011
f 2222/1769/2012 2215/1692/1626 2214/1691/2013
f 2190/1340/1284 2189/1339/2014 2191/1378/2015
f 2199/1466/2016 2200/1468/1412 2198/1464/2017
f 2186/1299/1242 2185/1298/1241 2184/1297/1248
f 2184/1297/1248 2183/1296/2018 2182/1295/1238
f 2181/1293/1236 2180/1292/1235 2179/1291/1234
f 2178/1289/2019 2177/1288/1231 2176/1287/1230
f 2169/1072/2020 2170/1074/1025 2171/1220/1156
l 1117 1120
l 1005 1126
l 1077 1138
l 1005 1141
l 1165 1170
l 1189 1194
l 1213 1218
l 1237 1242
l 1261 1266
l 1013 1024
l 1069 1289
l 1381 1382
l 1413 1509
l 1605 1648
l 1645 1663
l 1565 1682
l 1589 1717
l 1781 1804
l 1773 1856
l 1981 1993
l 2005 2069
l 2037 2097
l 1917 2096
l 974 982
l 998 1018
l 1014 1022
l 1142 1152
l 1070 1289
l 1030 1297
l 1358 1377
l 1534 1559
l 1710 1715
l 1574 1765
l 1582 1767
l 1918 1976
l 1870 2031
l 1886 2083
l 983 987
l 1015 1084
l 1015 1096
l 1159 1164
l 1183 1188
l 1207 1212
l 1231 1236
l 1255 1260
l 1367 1374
l 1359 1371
l 1399 1489
l 1383 1543
l 1503 1556
l 1383 1521
l 1535 1544
l 1775 1821
l 1607 1674
l 1879 1917
l 1919 1944
l 1879 1952
l 1983 1991
l 1879 1985
l 1903 1941
l 1008 1015
l 1056 1058
l 1104 1110
l 1080 1285
l 1096 1291
l 1304 1310
l 1384 1467
l 1544 1562
l 1704 1730
l 1608 1783
l 1816 1838
l 1584 1769
l 1576 1847
l 1880 2070
l 1888 2088
l 1904 1981
l 1073 1139
l 1153 1158
l 1177 1182
l 1201 1206
l 1225 1230
l 1249 1254
l 1025 1049
l 1145 1284
l 1361 1379
l 1417 1443
l 1401 1496
l 1393 1528
l 1529 1542
l 1601 1609
l 1625 1647
l 1625 1744
l 1777 1816
l 1705 1766
l 1609 1676
l 1609 1678
l 1857 1945
l 1977 1997
l 1050 1057
l 1058 1063
l 994 1064
l 1274 1285
l 1426 1468
l 1386 1395
l 1690 1718
l 1562 1599
l 1586 1821
l 1858 1955
l 1890 1898
l 1882 1912
l 1019 1025
l 1011 1070
l 1075 1112
l 1171 1176
l 1195 1200
l 1219 1224
l 1243 1248
l 1267 1272
l 1275 1278
l 1275 1282
l 1363 1374
l 1419 1434
l 1435 1442
l 1403 1508
l 1539 1543
l 1643 1689
l 1563 1728
l 1779 1811
l 1811 1840
l 1603 1658
l 1763 1857
l 1995 2002
l 988 992
l 1020 1029
l 1068 1071
l 1084 1280
l 1436 1441
l 1396 1437
l 1508 1522
l 1508 1531
l 1508 1545
l 1628 1705
l 1716 1729
l 1772 1826
l 1772 1831
l 1612 1709
l 1868 2027
l 2068 2080
o defaultMaterial.003
v -14.312212 -7.096489 -303.889587
v -11.724104 -13.252979 -303.057709
v -12.592840 -11.440025 -292.599884
v -9.715155 -16.047947 -292.362183
v -8.611135 -18.087521 -280.636749
v -1.824143 -20.995802 -291.768005
v 0.112413 -20.504791 -280.953644
v 7.532858 -17.407665 -292.322601
v 8.293002 -16.463421 -281.587463
v 11.731743 -8.531750 -293.471344
v 12.184211 -7.700813 -282.617401
v 13.668299 1.439495 -294.501312
v 13.921680 1.854965 -283.488892
v 14.862809 11.410740 -294.976654
v 14.989499 11.486271 -284.003845
v 15.351473 21.344212 -295.412415
v 15.351473 21.155361 -284.360352
v 14.808512 31.164379 -295.729309
v 14.989498 30.711124 -284.756500
v 12.256602 39.964741 -295.768921
v 12.437590 39.624821 -285.311096
v 6.917500 47.065479 -295.174713
v 7.098488 47.216557 -285.271454
v -2.457599 48.878437 -293.827881
v -2.113724 49.671597 -283.924622
v -10.873470 44.232746 -292.956390
v -10.348608 45.025906 -283.171967
v -14.945666 35.621212 -292.560242
v -14.981862 36.149990 -282.736237
v -16.610741 26.329830 -291.807617
v -16.520247 26.556446 -281.785522
v -16.827925 16.547436 -291.253021
v -16.719332 16.736286 -280.795197
v -16.085876 6.765045 -290.738068
v -15.977286 6.878349 -280.201019
v -14.909467 -2.979576 -290.025024
v -14.746578 -2.941811 -279.369110
v -12.882418 -12.497581 -289.153534
v -12.954812 -12.535351 -278.299561
v -7.470921 -20.164864 -288.044373
v -7.651907 -20.315945 -277.428101
v 1.415515 -22.053356 -286.895599
v 1.397417 -22.279980 -276.635834
v 8.998848 -16.954426 -286.142944
v 9.197934 -17.294353 -275.843567
v 13.288227 -8.380669 -285.667603
v 13.270130 -8.607288 -275.130524
v 15.297177 1.212875 -285.073395
v 15.260981 0.910721 -274.417511
v 16.346901 10.881958 -284.320740
v 16.310703 10.617573 -273.783691
v 16.654575 20.626583 -283.409637
v 16.672674 20.399960 -273.189514
v 16.310701 30.220127 -282.538177
v 16.202110 30.182354 -272.555695
v 13.921679 39.322659 -282.142029
v 13.686397 39.398205 -272.278412
v 8.980747 47.329868 -281.943970
v 8.654971 47.480946 -272.119965
v 4.655171 49.520519 -272.159576
v 3.967422 49.444981 -262.256317
v -0.629634 50.918003 -262.493988
v 3.478759 48.274113 -252.590729
v -1.009706 49.520519 -252.828400
v 3.207280 47.329868 -243.162842
v -1.335481 48.614048 -243.400513
v 2.555729 45.328068 -233.933014
v -1.896539 46.347851 -234.210297
v -2.385202 45.630230 -229.139832
v -9.878042 42.230938 -235.279846
v -10.040931 41.286694 -230.248993
v -15.524820 34.941357 -236.547485
v -15.669610 33.921566 -231.516602
v -17.714756 25.838818 -237.854706
v -17.931940 24.970112 -232.784210
v -18.076729 16.434124 -239.082703
v -18.149124 15.565418 -234.012207
v -17.950037 6.122955 -235.240234
v 2.085164 44.685978 -228.862549
v 6.555530 43.552891 -233.933014
v 7.279476 45.252529 -243.162842
v 7.442363 46.461170 -252.590729
v 7.985322 47.292103 -262.256317
v 13.632101 39.435963 -262.533600
v 16.165911 30.106815 -263.088196
v 16.618378 20.286655 -263.721985
v 16.184011 10.542030 -264.316193
v 15.098093 0.835178 -264.949982
v 13.270130 -8.682823 -265.583801
v 9.234131 -17.332123 -266.296814
v 1.270727 -21.902279 -267.089081
v -7.579513 -20.202637 -267.920990
v -13.009108 -12.686436 -268.713226
v -14.764676 -3.168430 -269.505493
v -15.832498 6.538422 -270.337341
v -16.628839 16.320812 -271.129608
v -16.520247 26.027668 -272.040710
v -14.891369 35.545681 -272.991425
v -10.674384 44.459362 -273.664856
v -2.692881 49.596066 -274.417511
v 6.646022 47.783108 -275.566284
v 11.786038 40.002514 -275.368225
v 14.518935 30.975521 -274.615570
v 15.333374 21.306438 -274.060974
v 15.098092 11.599583 -273.546021
v 13.975976 2.006042 -273.031036
v 12.292803 -7.436424 -272.476471
v 8.256804 -16.123489 -271.684204
v 0.474386 -20.467026 -271.010773
v -7.959584 -17.860909 -270.218506
v -11.525018 -13.781761 -269.703552
v -11.706005 -13.479599 -280.636749
v 13.215833 38.756107 -253.026489
v 15.930630 29.502499 -253.620667
v 16.636477 19.757870 -254.254486
v 16.165913 10.051022 -254.888306
v 15.043797 0.419712 -255.482483
v 13.288228 -9.060524 -256.155914
v 9.035046 -17.596516 -256.868927
v 1.397417 -22.431057 -257.700806
v -7.543315 -20.769184 -258.493073
v -12.882417 -13.101906 -259.285339
v -14.855169 -3.810520 -260.077576
v -15.850596 5.783024 -260.869843
v -16.556444 15.376568 -261.662109
v -16.520247 25.045658 -262.414764
v -15.253342 34.450344 -263.286255
v -11.289738 43.175182 -263.959656
v -3.706405 49.029514 -264.633087
v 5.342919 47.594257 -265.464966
v 11.532658 40.266903 -265.464966
v 14.754217 31.088833 -265.108459
v 15.260980 21.230900 -264.593475
v 14.935205 11.448505 -264.118103
v 13.867385 1.741657 -263.563538
v 12.220408 -7.851891 -263.008942
v 7.822437 -16.350109 -262.256317
v -0.050475 -20.542564 -261.384827
v -8.212966 -17.785366 -260.077576
v -11.687906 -13.517372 -259.245728
v -8.882615 -18.238605 -249.936676
v -0.448644 -21.033573 -251.798492
v 7.804339 -16.992199 -252.868042
v 12.057521 -8.380669 -253.581055
v 13.867386 1.212875 -254.096039
v 14.989501 10.957500 -254.650604
v 15.260981 20.739887 -255.165588
v 14.663724 30.597820 -255.640930
v 11.532658 39.851437 -255.838989
v 5.125736 47.178791 -255.561707
v -3.851194 47.632030 -254.769440
v -11.199244 42.004322 -254.175262
v -15.108552 33.279484 -253.620667
v -16.592642 23.950329 -252.986847
v -16.701233 14.470097 -252.234222
v -16.103977 4.989861 -251.402344
v -15.072353 -4.490376 -250.610077
v -13.099600 -13.743992 -249.857422
v -7.706203 -21.260193 -249.065155
v 1.306924 -22.808756 -248.233307
v 9.234132 -18.389687 -247.441040
v 13.233933 -9.740387 -246.727997
v 15.025700 -0.335690 -246.054596
v 16.184011 9.257854 -245.420776
v 16.654575 18.851398 -244.826599
v 15.930630 28.482708 -244.232391
v 12.962452 37.623020 -243.638184
v 12.021322 36.112217 -234.329132
v 15.007599 27.160763 -234.883728
v 16.401196 17.756069 -235.438293
v 16.220211 8.275837 -235.992889
v 15.152390 -1.204399 -236.626678
v 12.962454 -10.458015 -237.260498
v 8.727370 -18.805153 -237.973541
v 0.854459 -22.884298 -238.805389
v -8.031978 -21.260193 -239.637268
v -13.696856 -14.046150 -240.429535
v -15.742002 -4.905846 -241.142578
v -16.411654 4.461079 -241.934814
v -16.737431 13.941311 -242.766724
v -16.556444 23.346012 -243.558960
v -15.090453 32.561855 -244.192780
v -11.217342 41.060078 -244.747345
v -3.760700 46.347851 -245.301941
v 5.017145 45.592457 -246.133789
v 11.279278 38.756107 -246.450714
v 14.537034 29.729115 -246.173431
v 15.134290 20.135571 -245.737701
v 15.061895 10.466488 -245.183105
v 13.939780 0.872944 -244.628540
v 12.111817 -8.607292 -244.073944
v 8.202509 -17.369900 -243.479736
v -0.358151 -20.806955 -242.291351
v -8.936911 -18.842922 -239.993805
v -12.104175 -14.574928 -238.607330
v -12.067977 -13.781761 -248.787872
v -15.904890 -4.868076 -236.032471
v -13.841644 -14.046150 -235.279846
v -8.031978 -21.033575 -234.527222
v 0.709670 -23.450846 -233.695312
v 8.166312 -18.880695 -232.863464
v 12.799566 -10.797943 -232.150421
v 15.134291 -1.657635 -231.476990
v 16.165915 7.747059 -230.882812
v 16.057322 17.227291 -230.328217
v 14.736119 26.594219 -229.813232
v 11.641251 35.470135 -229.258667
v 6.121162 42.948566 -228.862549
v -16.556440 4.536621 -236.785126
v -16.809824 13.903545 -237.617004
v -16.646936 23.232700 -238.409271
v -15.072355 32.335239 -239.043091
v -10.837272 40.380222 -239.637268
v -3.615911 45.290295 -240.310699
v 4.836158 44.421589 -241.102966
v 11.098290 38.038479 -241.340637
v 14.193160 29.275875 -241.063354
v 15.206684 19.833416 -240.588013
v 15.098093 10.315407 -240.072998
v 14.030274 0.797401 -239.518433
v 12.166113 -8.531754 -238.963837
v 8.075818 -16.992199 -238.409271
v 0.637275 -21.524582 -237.339722
v -7.651906 -19.107311 -235.121399
v -11.506919 -15.254784 -233.536865
v -3.778798 -19.787167 -302.265442
v 5.722993 -17.672054 -302.661560
v 11.297376 -9.249374 -303.968811
v 13.559708 0.948486 -305.077972
v 15.025697 11.335201 -305.711792
v 15.351473 21.759686 -306.345581
v 14.754216 31.768696 -306.543640
v 12.238504 39.813679 -306.147522
v 5.668694 45.743542 -304.959137
v -3.561617 47.216557 -303.731110
v -10.601990 41.891010 -303.097321
v -14.963764 33.846035 -302.780426
v -16.646940 25.423351 -302.344666
v -16.990814 16.018658 -302.106995
v -16.592642 6.274036 -301.354340
v -15.796301 -3.508354 -300.601685
v -13.190095 -12.913052 -299.928284
v -6.982258 -20.315945 -298.779480
v 2.121362 -21.826738 -297.749573
v 9.578004 -16.690037 -296.996918
v 13.306326 -7.889660 -296.600769
v 14.971401 1.779423 -296.125427
v 16.129715 11.448513 -295.333160
v 16.582180 21.042057 -294.422058
v 16.111616 30.522289 -293.431763
v 13.939776 39.322659 -292.520660
v 9.668495 47.103252 -291.926453
v 5.867779 49.105061 -291.847229
v 5.125735 49.482754 -281.943970
v 0.564876 51.106853 -282.142029
v -0.050478 50.955776 -272.476471
v 1.252624 50.615841 -292.045288
v -8.321561 48.840664 -283.171967
v -8.991210 48.311886 -273.585632
v -9.461776 47.556492 -263.682373
v -9.497972 46.310085 -253.858337
v -9.678957 44.421589 -244.549286
v -7.941490 48.651821 -293.114838
v -14.348411 41.475544 -284.518829
v -14.710382 40.757915 -274.813629
v -14.782777 39.624821 -264.989624
v -14.728479 38.340641 -255.205200
v -15.144750 36.829845 -245.816895
v -13.714958 41.513309 -294.422058
v -17.370884 32.448544 -285.548767
v -17.352785 31.542072 -275.803955
v -17.479475 30.484516 -266.098785
v -17.551870 29.238110 -256.472809
v -17.497574 27.576237 -247.163757
v -16.990812 33.015095 -295.570862
v -18.112928 22.968311 -286.578705
v -17.986238 22.061832 -276.675446
v -18.076731 20.928738 -267.168335
v -17.877645 19.606792 -257.780029
v -18.022434 18.058231 -248.431366
v -18.058632 24.139179 -296.878082
v -18.022434 13.374767 -288.163208
v -17.714756 12.354977 -277.903442
v -17.533770 11.259655 -268.396332
v -17.533770 9.975479 -259.008026
v -17.660460 8.540226 -249.659363
v -17.805246 6.953892 -240.310699
v -17.226093 -2.488571 -241.459473
v -17.388979 -3.319511 -236.389008
v -16.103975 -12.648666 -237.498169
v -18.203423 14.658939 -298.898346
v -17.171797 3.781227 -289.787354
v -16.791725 2.685898 -279.329498
v -16.592640 1.590572 -269.584717
v -16.628838 0.419708 -260.196442
v -16.864120 -0.977779 -250.808136
v -17.732857 5.103172 -300.324402
v -16.013483 -5.850090 -291.292633
v -15.524819 -6.983181 -280.557526
v -15.470524 -8.002972 -270.654266
v -15.506721 -9.173836 -261.305603
v -15.307635 -10.344707 -251.917328
v -15.832496 -11.817730 -242.568634
v -11.525016 -19.900478 -243.558960
v -11.380227 -20.580338 -238.488495
v -3.543513 -24.206244 -244.390839
v -3.235836 -24.886101 -239.280762
v 5.342923 -23.224224 -245.064270
v 5.813488 -23.564154 -239.954193
v 11.840338 -16.878891 -245.539612
v 12.111817 -16.878891 -240.429535
v 15.152390 -8.040745 -245.856537
v 15.188587 -8.002972 -240.746460
v 16.564085 1.401718 -246.094208
v 16.618382 1.401718 -240.944519
v 17.595707 10.881954 -246.213043
v 17.740498 10.844189 -241.102966
v 17.975777 20.437733 -246.292267
v 17.993877 20.362186 -241.182190
v 17.179436 29.955738 -246.331879
v 17.034649 29.804653 -241.221802
v 14.175061 38.793880 -241.221802
v 17.541410 10.957500 -255.720154
v 16.401196 1.439495 -255.561707
v 14.917109 -8.040741 -255.363647
v 11.550759 -16.878887 -255.007111
v 4.781865 -23.148684 -254.531769
v -4.176966 -23.904083 -253.818756
v -11.796497 -18.918461 -252.947235
v -12.176570 -17.860909 -262.295929
v -4.937110 -23.450844 -263.207001
v 4.220806 -23.035376 -263.959656
v 11.080194 -16.916656 -264.474640
v 14.899008 -8.267361 -264.831146
v 16.491688 1.288414 -265.029205
v 17.559509 10.919731 -265.187683
v 17.921480 20.626583 -265.266907
v 17.885283 20.588810 -255.799377
v 17.450914 30.333431 -265.266907
v 17.161337 30.182354 -255.799377
v 15.043796 39.624821 -265.425354
v 14.537033 39.360432 -255.799377
v 9.994271 47.783108 -265.623413
v 9.451312 47.480946 -255.799377
v 1.705091 52.164410 -265.821472
v 1.288822 52.051098 -255.878601
v -7.597614 50.918003 -266.098785
v -7.796699 49.784916 -256.235138
v -14.276015 43.930584 -266.455292
v -14.294113 42.797489 -256.591644
v -17.714758 34.941357 -266.692963
v -18.004335 33.997112 -256.908569
v -18.963564 25.536663 -266.732574
v -18.981663 24.479107 -257.225464
v -18.728283 15.867573 -266.970245
v -18.710184 14.810024 -257.581970
v -18.312012 6.122955 -267.366394
v -18.275814 5.140938 -257.938477
v -17.678558 -3.583897 -267.722900
v -17.642361 -4.528149 -258.295013
v -16.972712 -13.290752 -268.079437
v -16.936514 -14.197231 -258.651520
v -12.393753 -20.127098 -268.475555
v -12.393753 -20.958033 -259.047668
v -3.072949 -24.395090 -268.871674
v -3.054850 -24.546169 -259.364563
v -5.443872 -22.393288 -272.634918
v 3.677847 -23.186455 -273.387573
v 10.899207 -17.445435 -273.942139
v 14.917108 -8.682823 -274.298676
v 16.726971 0.910721 -274.496735
v 17.559509 10.655338 -274.655182
v 17.993876 20.437733 -274.734406
v 17.450914 30.220127 -274.813629
v 15.134288 39.511509 -275.209778
v 10.392442 47.745335 -275.566284
v 2.157557 52.088871 -275.764343
v -7.253740 51.371243 -276.002045
v -14.131226 44.685978 -276.279297
v -17.895744 35.885601 -276.437775
v -19.054058 26.443134 -276.358551
v -18.782578 16.774052 -276.477386
v -18.366306 6.991657 -276.913116
v -17.714756 -2.752960 -277.348846
v -16.990810 -12.497585 -277.665771
v -12.411852 -19.333927 -278.061890
v -3.109147 -24.244011 -278.576874
v 2.827210 -23.148684 -283.330444
v 10.410542 -18.011982 -283.964233
v 14.609428 -9.211605 -284.637634
v 16.509789 0.495251 -285.152618
v 17.577608 10.315411 -285.311096
v 17.993876 20.173344 -285.152618
v 17.758593 29.880199 -285.073395
v 15.622952 39.171581 -285.192230
v 10.754415 47.329868 -285.469543
v 2.754812 52.428799 -285.469543
v -6.710781 51.597858 -285.548767
v -13.986438 45.365833 -285.865662
v -17.750956 36.452152 -286.182556
v -18.981663 27.047459 -286.222168
v -18.818775 17.416142 -286.459869
v -18.474899 7.784832 -287.252106
v -17.841446 -1.922020 -287.925537
v -17.099401 -11.628876 -288.519714
v -12.502346 -18.465221 -288.955475
v -3.127246 -24.092932 -289.074310
v 9.903780 -18.616299 -294.659760
v 14.138864 -9.815922 -295.531219
v 15.966826 0.004242 -296.125427
v 16.962254 9.862175 -296.244263
v 17.668100 19.644573 -296.244263
v 17.143238 29.313656 -296.006592
v 15.043795 38.076260 -295.808533
v 11.224978 45.932384 -295.689697
v 3.533053 50.578083 -295.610474
v -6.004934 50.087070 -295.531219
v -13.099604 44.232746 -295.848145
v -17.117504 35.847828 -296.204651
v -18.601591 27.122990 -296.323486
v -18.746384 17.793842 -297.194977
v -18.456802 8.238068 -297.947632
v -17.823351 -1.317703 -298.502228
v -17.081305 -10.949020 -299.334076
v -12.466149 -17.747593 -299.809448
v -3.036752 -23.979620 -299.928284
v 8.075816 -18.049751 -304.840271
v 12.491886 -9.475994 -305.751373
v 14.718021 0.004242 -306.504028
v 16.256405 9.597786 -306.702087
v 16.926052 19.191334 -307.137848
v 16.509785 28.633801 -306.741699
v 15.242880 36.792080 -306.464417
v 11.424065 43.666203 -305.870239
v 3.840730 48.123051 -305.711792
v -5.172397 48.614048 -305.553314
v -11.597415 42.344242 -305.949432
v -15.723907 34.639194 -306.305969
v -17.063210 26.594219 -306.820953
v -17.678562 18.058231 -307.771637
v -17.642363 8.653542 -308.405457
v -17.207996 -0.940006 -308.801605
v -16.628839 -10.571320 -309.237335
v -12.086077 -17.294353 -309.950378
v -2.656682 -24.130699 -309.791901
v 0.836358 -23.450842 -304.166870
v 2.030869 -23.753000 -293.946716
v -7.923388 -20.240402 -303.929169
v -7.181344 -21.033573 -293.550598
v -14.239816 -13.630676 -303.097321
v -13.841646 -15.254780 -292.560242
v -17.027010 -4.490372 -301.750488
v -12.954812 -16.123489 -281.666687
v -12.321359 -16.878891 -271.723816
v -6.149720 -22.053358 -282.617401
v 14.301752 38.982731 -246.331879
v 8.781663 46.612247 -246.371490
v 0.727765 50.842464 -246.490326
v -7.995783 48.689579 -246.727997
v -14.239816 41.702160 -247.084534
v -17.769054 32.901783 -247.441040
v -18.909269 23.459324 -247.797546
v -18.692085 13.865780 -248.114471
v -18.275814 4.272232 -248.470978
v -17.642361 -5.321312 -248.827515
v -16.936514 -14.952625 -249.184021
v -12.393752 -21.675663 -249.580139
v -3.072948 -24.621710 -249.897064
v -18.710184 13.488079 -243.004364
v -18.293913 3.894531 -243.360901
v -17.642361 -5.699013 -243.717438
v -16.954613 -15.292557 -244.073944
v -12.411850 -21.977821 -244.430450
v -3.091047 -24.583942 -244.747345
v 8.455887 46.234539 -241.261414
v 0.474384 50.880230 -241.419861
v -8.231066 48.349659 -241.657532
v -14.312212 41.211155 -241.974457
v -17.931942 32.486317 -242.291351
v -18.945467 23.043850 -242.647858
v -12.592840 -11.440025 -292.599884
v -8.611135 -18.087521 -280.636749
v 6.555530 43.552891 -233.933014
v 7.279476 45.252529 -243.162842
v 7.442363 46.461170 -252.590729
v 7.985322 47.292103 -262.256317
v -11.706005 -13.479599 -280.636749
v 13.215833 38.756107 -253.026489
v -11.687906 -13.517372 -259.245728
v -8.882615 -18.238605 -249.936676
v 12.021322 36.112217 -234.329132
v -12.067977 -13.781761 -248.787872
v -12.954812 -16.123489 -281.666687
v -12.321359 -16.878891 -271.723816
v -6.149720 -22.053358 -282.617401
v -12.393752 -21.675663 -249.580139
v -3.072948 -24.621710 -249.897064
v -3.091047 -24.583942 -244.747345
vn -0.8927 -0.4506 0.0075
vn -0.7981 -0.6024 -0.0113
vn -0.8721 -0.4892 -0.0075
vn -0.7032 -0.7106 -0.0226
vn -0.5973 -0.8020 0.0076
vn -0.0764 -0.9962 -0.0415
vn 0.0677 -0.9976 0.0113
vn 0.6650 -0.7456 -0.0434
vn 0.7186 -0.6954 0.0038
vn 0.9425 -0.3325 -0.0339
vn 0.9536 -0.3009 -0.0113
vn 0.9870 -0.1604 -0.0133
vn 0.9890 -0.1477 -0.0094
vn 0.9966 -0.0827 -0.0056
vn 0.9972 -0.0740 -0.0057
vn 1.0000 0.0038 -0.0022
vn 1.0000 0.0085 -0.0020
vn 0.9855 0.1695 -0.0057
vn 0.9862 0.1644 0.0170
vn 0.8806 0.4732 -0.0264
vn 0.9023 0.4309 0.0113
vn 0.5101 0.8559 -0.0849
vn 0.5617 0.8272 -0.0151
vn -0.1674 0.9804 -0.1035
vn -0.1415 0.9895 -0.0302
vn -0.7306 0.6788 -0.0734
vn -0.7186 0.6954 -0.0076
vn -0.9468 0.3199 -0.0356
vn -0.9496 0.3136 0.0038
vn -0.9950 0.1002 -0.0055
vn -0.9954 0.0955 0.0093
vn -0.9997 -0.0192 0.0179
vn -0.9995 -0.0281 0.0121
vn -0.9958 -0.0857 0.0325
vn -0.9954 -0.0955 0.0093
vn -0.9862 -0.1615 0.0352
vn -0.9883 -0.1523 -0.0000
vn -0.9115 -0.4110 0.0132
vn -0.9220 -0.3872 -0.0019
vn -0.5398 -0.8417 -0.0132
vn -0.5508 -0.8346 -0.0019
vn 0.1889 -0.9819 -0.0132
vn 0.1760 -0.9844 -0.0019
vn 0.7540 -0.6568 -0.0038
vn 0.7483 -0.6633 -0.0076
vn 0.9496 -0.3135 -0.0076
vn 0.9482 -0.3176 -0.0075
vn 0.9883 -0.1519 -0.0114
vn 0.9877 -0.1566 0.0038
vn 0.9972 -0.0730 -0.0133
vn 0.9972 -0.0736 0.0095
vn 1.0000 -0.0000 0.0044
vn 0.9890 0.1480 -0.0018
vn 0.9883 0.1519 0.0114
vn 0.9220 0.3871 0.0113
vn 0.9133 0.4068 0.0189
vn 0.6875 0.7260 0.0151
vn 0.6747 0.7376 0.0264
vn 0.3852 0.9225 0.0227
vn 0.3690 0.9255 0.0849
vn -0.0327 0.9960 0.0829
vn 0.3568 0.9271 0.1149
vn -0.0633 0.9900 0.1260
vn 0.3363 0.9271 0.1652
vn -0.0981 0.9801 0.1728
vn 0.3157 0.9312 0.1821
vn -0.1329 0.9743 0.1820
vn -0.1502 0.9796 0.1336
vn -0.6552 0.7443 0.1295
vn -0.6552 0.7489 0.0997
vn -0.9042 0.4237 0.0544
vn -0.9061 0.4205 0.0470
vn -0.9902 0.1394 0.0018
vn -0.9908 0.1346 -0.0111
vn -0.9998 0.0067 -0.0161
vn -0.9997 0.0036 -0.0260
vn -0.9986 -0.0413 -0.0323
vn 0.2990 0.9429 0.1467
vn 0.6249 0.7610 0.1742
vn 0.6317 0.7602 0.1519
vn 0.6351 0.7657 0.1018
vn 0.6519 0.7548 0.0735
vn 0.9023 0.4283 0.0490
vn 0.9870 0.1600 0.0170
vn 1.0000 0.0069 0.0055
vn 0.9969 -0.0785 0.0019
vn 0.9883 -0.1523 0.0038
vn 0.9509 -0.3094 -0.0057
vn 0.7454 -0.6666 -0.0038
vn 0.1760 -0.9843 -0.0095
vn -0.5471 -0.8370 -0.0132
vn -0.9203 -0.3911 -0.0094
vn -0.9890 -0.1479 -0.0056
vn -0.9954 -0.0960 0.0019
vn -0.9995 -0.0301 0.0053
vn -0.9962 0.0872 0.0037
vn -0.9536 0.3010 0.0075
vn -0.7483 0.6632 0.0170
vn -0.1803 0.9834 0.0208
vn 0.5471 0.8365 0.0302
vn 0.8947 0.4459 0.0283
vn 0.9832 0.1821 0.0133
vn 0.9998 0.0171 0.0039
vn 0.9976 -0.0697 0.0038
vn 0.9896 -0.1437 -0.0019
vn 0.9536 -0.3011 0.0038
vn 0.7307 -0.6827 0.0076
vn 0.1112 -0.9937 0.0132
vn -0.5581 -0.8297 0.0132
vn -0.7793 -0.6266 0.0113
vn -0.8187 -0.5743 -0.0017
vn 0.8927 0.4447 0.0733
vn 0.9840 0.1756 0.0301
vn 1.0000 0.0068 0.0055
vn 0.9966 -0.0826 -0.0056
vn 0.9890 -0.1477 -0.0095
vn 0.9509 -0.3091 -0.0132
vn 0.7424 -0.6690 -0.0358
vn 0.1846 -0.9816 -0.0491
vn -0.5324 -0.8449 -0.0509
vn -0.9151 -0.4023 -0.0281
vn -0.9877 -0.1551 -0.0223
vn -0.9958 -0.0898 -0.0183
vn -0.9994 -0.0332 -0.0108
vn -0.9969 0.0784 0.0055
vn -0.9575 0.2875 0.0244
vn -0.7765 0.6277 0.0546
vn -0.2486 0.9660 0.0717
vn 0.4873 0.8709 0.0642
vn 0.8743 0.4846 0.0284
vn 0.9807 0.1954 0.0038
vn 0.9998 0.0170 0.0039
vn 0.9976 -0.0698 0.0037
vn 0.9496 -0.3136 -0.0000
vn 0.7155 -0.6985 -0.0132
vn 0.0808 -0.9963 -0.0283
vn -0.5725 -0.8190 -0.0396
vn -0.7847 -0.6188 -0.0358
vn -0.5867 -0.8084 -0.0471
vn 0.0590 -0.9975 -0.0396
vn 0.7001 -0.7132 -0.0340
vn 0.9482 -0.3174 -0.0151
vn 0.9976 -0.0698 -0.0038
vn 0.9799 0.1979 0.0264
vn 0.8612 0.5050 0.0566
vn 0.4487 0.8876 0.1037
vn -0.2697 0.9558 0.1167
vn -0.7765 0.6254 0.0772
vn -0.9587 0.2824 0.0337
vn -0.9966 0.0829 0.0036
vn -0.9995 -0.0265 -0.0153
vn -0.9962 -0.0810 -0.0325
vn -0.9862 -0.1587 -0.0461
vn -0.9079 -0.4154 -0.0563
vn -0.5213 -0.8521 -0.0471
vn 0.1761 -0.9839 -0.0321
vn 0.7336 -0.6792 -0.0208
vn 0.9877 -0.1562 -0.0113
vn 0.9969 -0.0784 -0.0057
vn 0.9994 0.0266 0.0226
vn 0.9781 0.1966 0.0686
vn 0.8867 0.4485 0.1124
vn 0.8826 0.4489 0.1397
vn 0.9713 0.2165 0.0989
vn 0.9976 0.0480 0.0507
vn 0.9979 -0.0654 0.0038
vn 0.9855 -0.1695 -0.0057
vn 0.9395 -0.3424 0.0094
vn 0.7186 -0.6953 0.0113
vn 0.1502 -0.9885 -0.0170
vn -0.5250 -0.8508 -0.0207
vn -0.9023 -0.4294 -0.0376
vn -0.9870 -0.1542 -0.0462
vn -0.9976 -0.0628 -0.0306
vn -0.9998 -0.0128 -0.0177
vn -0.9962 0.0873 -0.0036
vn -0.9549 0.2954 0.0300
vn -0.7626 0.6397 0.0958
vn -0.2529 0.9530 0.1672
vn 0.4409 0.8826 0.1633
vn 0.8522 0.5129 0.1032
vn 0.9772 0.2076 0.0452
vn 0.9995 0.0291 0.0094
vn 0.9979 -0.0645 -0.0113
vn 0.7032 -0.7105 -0.0246
vn 0.0633 -0.9972 -0.0396
vn -0.5689 -0.8224 -0.0056
vn -0.7766 -0.6296 0.0245
vn -0.8059 -0.5900 -0.0489
vn -0.9883 -0.1495 -0.0297
vn -0.8966 -0.4427 -0.0113
vn -0.5175 -0.8556 -0.0132
vn 0.1588 -0.9870 -0.0264
vn 0.7125 -0.7016 0.0132
vn 0.9318 -0.3624 0.0189
vn 0.9848 -0.1739 -0.0000
vn 0.9981 -0.0581 0.0189
vn 0.9966 0.0606 0.0566
vn 0.9702 0.2274 0.0834
vn 0.8847 0.4511 0.1179
vn 0.6181 0.7723 0.1464
vn -0.9981 -0.0541 -0.0284
vn -0.9962 0.0866 -0.0111
vn -0.9536 0.2988 0.0374
vn -0.7598 0.6383 0.1236
vn -0.2571 0.9446 0.2040
vn 0.4448 0.8738 0.1967
vn 0.8545 0.5054 0.1198
vn 0.9772 0.2039 0.0599
vn 0.9994 0.0337 0.0094
vn 0.9978 -0.0646 -0.0114
vn 0.9496 -0.3135 0.0076
vn 0.7063 -0.7076 -0.0207
vn 0.0894 -0.9943 -0.0585
vn -0.5250 -0.8509 0.0170
vn -0.7395 -0.6687 0.0771
vn -0.2274 -0.9707 -0.0772
vn 0.6043 -0.7914 -0.0923
vn 0.9350 -0.3525 -0.0396
vn 0.9862 -0.1652 -0.0057
vn 0.9966 -0.0824 0.0094
vn 0.9999 0.0125 0.0041
vn 0.9840 0.1782 -0.0000
vn 0.8743 0.4831 -0.0472
vn 0.4797 0.8663 -0.1391
vn -0.2189 0.9616 -0.1653
vn -0.7541 0.6454 -0.1219
vn -0.9496 0.3085 -0.0561
vn -0.9945 0.1044 -0.0075
vn -0.9997 -0.0136 0.0224
vn -0.9958 -0.0754 0.0521
vn -0.9840 -0.1643 0.0690
vn -0.9060 -0.4213 0.0395
vn -0.5361 -0.8441 -0.0019
vn 0.1932 -0.9812 -0.0000
vn 0.7598 -0.6501 0.0094
vn 0.9523 -0.3052 -0.0038
vn 0.9883 -0.1500 -0.0265
vn 0.9969 -0.0758 -0.0206
vn 0.9999 -0.0000 -0.0131
vn 0.9896 0.1434 -0.0095
vn 0.9286 0.3710 0.0076
vn 0.7094 0.7045 0.0189
vn 0.4052 0.9142 -0.0057
vn 0.3973 0.9177 0.0057
vn 0.0371 0.9993 -0.0075
vn 0.0066 0.9997 0.0226
vn 0.0502 0.9982 -0.0321
vn -0.5324 0.8462 -0.0207
vn -0.5761 0.8172 0.0170
vn -0.6147 0.7863 0.0622
vn -0.6351 0.7662 0.0977
vn -0.6485 0.7510 0.1239
vn -0.5435 0.8381 -0.0471
vn -0.8764 0.4812 -0.0188
vn -0.8927 0.4504 0.0151
vn -0.9042 0.4253 0.0394
vn -0.9061 0.4196 0.0545
vn -0.9060 0.4197 0.0544
vn -0.8722 0.4878 -0.0377
vn -0.9790 0.2037 -0.0093
vn -0.9840 0.1778 0.0112
vn -0.9855 0.1686 0.0187
vn -0.9862 0.1640 0.0205
vn -0.9883 0.1522 0.0075
vn -0.9762 0.2151 -0.0261
vn -0.9992 0.0391 0.0036
vn -0.9998 0.0208 0.0067
vn -1.0000 0.0086 0.0015
vn -1.0000 0.0042 0.0013
vn -0.9999 0.0065 -0.0114
vn -0.9988 0.0477 -0.0055
vn -0.9986 -0.0498 0.0162
vn -0.9979 -0.0639 0.0146
vn -0.9976 -0.0698 -0.0019
vn -0.9979 -0.0638 -0.0146
vn -0.9981 -0.0542 -0.0284
vn -0.9936 -0.1017 -0.0501
vn -0.9940 -0.0968 -0.0502
vn -0.9468 -0.3136 -0.0727
vn -0.9992 -0.0352 0.0175
vn -0.9945 -0.0981 0.0366
vn -0.9936 -0.1124 0.0148
vn -0.9940 -0.1087 -0.0074
vn -0.9940 -0.1067 -0.0222
vn -0.9931 -0.1112 -0.0385
vn -0.9950 -0.0898 0.0447
vn -0.9816 -0.1874 0.0373
vn -0.9790 -0.2029 0.0206
vn -0.9753 -0.2206 -0.0131
vn -0.9702 -0.2410 -0.0243
vn -0.9624 -0.2677 -0.0468
vn -0.9509 -0.3017 -0.0689
vn -0.7246 -0.6854 -0.0715
vn -0.7001 -0.7081 -0.0921
vn -0.2061 -0.9761 -0.0697
vn -0.1889 -0.9757 -0.1112
vn 0.4252 -0.9027 -0.0660
vn 0.4330 -0.8956 -0.1017
vn 0.8382 -0.5436 -0.0434
vn 0.8430 -0.5352 -0.0547
vn 0.9681 -0.2497 -0.0227
vn 0.9691 -0.2456 -0.0208
vn 0.9908 -0.1342 -0.0151
vn 0.9914 -0.1299 -0.0151
vn 0.9997 0.0255 -0.0059
vn 0.9995 0.0304 0.0021
vn 0.9816 0.1906 0.0132
vn 0.9799 0.1979 0.0263
vn 0.8887 0.4552 0.0547
vn 0.9908 -0.1348 -0.0076
vn 0.9647 -0.2628 -0.0170
vn 0.8261 -0.5626 -0.0301
vn 0.4014 -0.9153 -0.0340
vn -0.2444 -0.9692 -0.0321
vn -0.7654 -0.6424 -0.0377
vn -0.8007 -0.5977 -0.0396
vn -0.3115 -0.9491 -0.0471
vn 0.3609 -0.9321 -0.0302
vn 0.8085 -0.5883 -0.0132
vn 0.9587 -0.2843 0.0076
vn 0.9908 -0.1342 0.0151
vn 0.9999 0.0077 0.0106
vn 0.9877 0.1555 0.0189
vn 0.9848 0.1724 0.0227
vn 0.9186 0.3941 0.0303
vn 0.9079 0.4159 0.0529
vn 0.6843 0.7284 0.0340
vn 0.6748 0.7338 0.0791
vn 0.1718 0.9847 0.0302
vn 0.1372 0.9864 0.0905
vn -0.4565 0.8885 0.0471
vn -0.4987 0.8631 0.0791
vn -0.8382 0.5436 0.0432
vn -0.8430 0.5352 0.0545
vn -0.9681 0.2500 0.0188
vn -0.9681 0.2492 0.0261
vn -0.9988 0.0472 0.0092
vn -0.9990 0.0435 0.0036
vn -0.9994 -0.0348 0.0037
vn -0.9994 -0.0348 -0.0036
vn -0.9986 -0.0524 0.0018
vn -0.9984 -0.0565 -0.0054
vn -0.9454 -0.3248 -0.0281
vn -0.6485 -0.7596 -0.0490
vn -0.6250 -0.7791 -0.0490
vn -0.4172 -0.9078 -0.0433
vn -0.3609 -0.9316 -0.0433
vn -0.3690 -0.9288 -0.0340
vn 0.2990 -0.9541 -0.0189
vn 0.7874 -0.6163 -0.0076
vn 0.9902 -0.1392 0.0075
vn 0.9896 0.1431 0.0133
vn 0.9253 0.3789 0.0133
vn 0.6939 0.7198 0.0208
vn 0.2060 0.9784 0.0189
vn -0.4172 0.9087 0.0170
vn -0.8261 0.5632 0.0188
vn -0.9659 0.2585 0.0169
vn -0.9986 0.0516 0.0091
vn -0.9976 -0.0698 -0.0018
vn -0.9454 -0.3253 -0.0207
vn -0.6683 -0.7425 -0.0452
vn -0.4681 -0.8829 -0.0377
vn 0.2231 -0.9748 -0.0019
vn 0.7626 -0.6468 -0.0113
vn 0.9496 -0.3128 -0.0227
vn 0.9890 -0.1460 -0.0245
vn 0.9969 -0.0758 -0.0207
vn 0.9998 -0.0076 -0.0158
vn 0.9902 0.1385 -0.0151
vn 0.9302 0.3664 -0.0207
vn 0.7125 0.7009 -0.0321
vn 0.2231 0.9728 -0.0623
vn -0.3812 0.9217 -0.0716
vn -0.8007 0.5958 -0.0621
vn -0.9599 0.2772 -0.0412
vn -0.9979 0.0618 -0.0217
vn -0.9997 -0.0247 -0.0088
vn -0.9454 -0.3254 -0.0206
vn -0.6875 -0.7253 -0.0358
vn -0.5101 -0.8593 -0.0377
vn 0.7483 -0.6591 -0.0754
vn 0.9410 -0.3267 -0.0879
vn 0.9840 -0.1591 -0.0802
vn 0.9940 -0.0904 -0.0610
vn 0.9984 -0.0113 -0.0556
vn 0.9902 0.1295 -0.0516
vn 0.9365 0.3451 -0.0621
vn 0.7216 0.6843 -0.1053
vn 0.2528 0.9536 -0.1635
vn -0.3609 0.9140 -0.1854
vn -0.7820 0.6014 -0.1637
vn -0.9454 0.2992 -0.1295
vn -0.9920 0.0900 -0.0887
vn -0.9981 -0.0000 -0.0612
vn -0.9984 -0.0368 -0.0432
vn -0.9972 -0.0643 -0.0371
vn -0.9468 -0.3190 -0.0431
vn -0.7063 -0.7067 -0.0415
vn -0.5508 -0.8340 -0.0320
vn 0.7395 -0.6562 -0.1498
vn 0.9302 -0.3340 -0.1521
vn 0.9790 -0.1700 -0.1127
vn 0.9920 -0.1011 -0.0758
vn 0.9979 -0.0151 -0.0637
vn 0.9914 0.1200 -0.0518
vn 0.9468 0.3184 -0.0472
vn 0.7454 0.6564 -0.1166
vn 0.2781 0.9402 -0.1969
vn -0.3445 0.9160 -0.2057
vn -0.7793 0.5950 -0.1965
vn -0.9365 0.3024 -0.1775
vn -0.9848 0.1046 -0.1389
vn -0.9940 0.0222 -0.1067
vn -0.9962 -0.0291 -0.0823
vn -0.9962 -0.0604 -0.0630
vn -0.9425 -0.3285 -0.0618
vn -0.7094 -0.7032 -0.0471
vn -0.5689 -0.8216 -0.0358
vn 0.1242 -0.9891 -0.0792
vn 0.1674 -0.9852 -0.0377
vn -0.5213 -0.8528 -0.0320
vn -0.4835 -0.8751 -0.0207
vn -0.8635 -0.5044 -0.0056
vn -0.8545 -0.5194 0.0019
vn -0.9816 -0.1858 0.0446
vn -0.8406 -0.5416 0.0075
vn -0.8212 -0.5702 -0.0226
vn -0.4132 -0.9106 -0.0038
vn 0.8947 0.4438 0.0510
vn 0.6617 0.7451 0.0829
vn 0.1242 0.9891 0.0791
vn -0.5213 0.8514 0.0584
vn -0.8476 0.5288 0.0432
vn -0.9691 0.2458 0.0188
vn -0.9990 0.0436 0.0036
vn -0.9994 -0.0348 -0.0037
vn -0.9984 -0.0564 -0.0055
vn -0.9976 -0.0692 -0.0093
vn -0.9439 -0.3293 -0.0226
vn -0.6008 -0.7983 -0.0415
vn -0.3115 -0.9497 -0.0321
vn -0.9984 -0.0565 -0.0055
vn -0.9976 -0.0692 -0.0092
vn -0.9439 -0.3294 -0.0225
vn -0.5938 -0.8039 -0.0340
vn -0.2865 -0.9577 -0.0264
vn 0.6585 0.7499 0.0641
vn 0.1155 0.9927 0.0358
vn -0.5361 0.8439 0.0208
vn -0.8545 0.5191 0.0170
vn -0.9691 0.2465 -0.0038
vn -0.9990 0.0423 -0.0107
vn -0.6008 -0.7983 -0.0414
vn -0.3115 -0.9497 -0.0320
vn -0.5868 -0.8084 -0.0471
vn -0.5973 -0.8020 0.0075
vn -0.8187 -0.5743 -0.0019
vn -0.8211 -0.5703 -0.0226
vn -0.4133 -0.9106 -0.0038
vn 0.6519 0.7547 0.0735
vn 0.6352 0.7657 0.1017
vn 0.6318 0.7601 0.1519
vn 0.6250 0.7610 0.1742
vn 0.8826 0.4489 0.1395
vt 1.282528 0.995070
vt 1.269435 0.995070
vt 1.282528 0.972904
vt 1.269435 0.972904
vt 1.269435 0.950737
vt 1.247302 0.972904
vt 1.247302 0.950737
vt 1.225170 0.972904
vt 1.225170 0.950737
vt 1.202881 0.972904
vt 1.202881 0.950737
vt 1.180748 0.972904
vt 1.180748 0.950737
vt 1.158616 0.972904
vt 1.158616 0.950737
vt 1.136483 0.972904
vt 1.136483 0.950737
vt 1.114195 0.972904
vt 1.114195 0.950737
vt 1.092062 0.972904
vt 1.092062 0.950737
vt 1.069929 0.972904
vt 1.069929 0.950737
vt 1.047796 0.972904
vt 1.047796 0.950737
vt 1.025664 0.972904
vt 1.025664 0.950737
vt 1.003375 0.972904
vt 1.003375 0.950737
vt 0.981243 0.972904
vt 0.981243 0.950737
vt 0.959110 0.972904
vt 0.959110 0.950737
vt 0.936977 0.972904
vt 0.936977 0.950737
vt 0.914689 0.972904
vt 0.914689 0.950737
vt 0.892556 0.972904
vt 0.892556 0.950737
vt 0.870423 0.972904
vt 0.870423 0.950737
vt 0.848291 0.972904
vt 0.848291 0.950737
vt 0.826002 0.972904
vt 0.826002 0.950737
vt 0.803869 0.972904
vt 0.803869 0.950737
vt 0.781737 0.972904
vt 0.781737 0.950737
vt 0.759604 0.972904
vt 0.759604 0.950737
vt 0.737471 0.972904
vt 0.737471 0.950737
vt 0.715183 0.972904
vt 0.715183 0.950737
vt 0.693050 0.972904
vt 0.693050 0.950737
vt 0.670917 0.972904
vt 0.670917 0.950737
vt 0.659851 0.950737
vt 0.659851 0.928571
vt 0.648785 0.928571
vt 0.659851 0.906404
vt 0.648785 0.906404
vt 0.659851 0.884220
vt 0.648785 0.884220
vt 0.659851 0.862054
vt 0.648785 0.862054
vt 0.648785 0.850050
vt 0.626496 0.862054
vt 0.626496 0.850050
vt 0.604363 0.862054
vt 0.604363 0.850050
vt 0.582231 0.862054
vt 0.582231 0.850050
vt 0.560098 0.862054
vt 0.560098 0.850050
vt 0.537809 0.850050
vt 0.659851 0.850050
vt 0.670917 0.862054
vt 0.670917 0.884220
vt 0.670917 0.906404
vt 0.670917 0.928571
vt 0.693050 0.928571
vt 0.715183 0.928571
vt 0.737471 0.928571
vt 0.759604 0.928571
vt 0.781737 0.928571
vt 0.803869 0.928571
vt 0.826002 0.928571
vt 0.848291 0.928571
vt 0.870423 0.928571
vt 0.892556 0.928571
vt 0.914689 0.928571
vt 0.936977 0.928571
vt 0.959110 0.928571
vt 0.981243 0.928571
vt 1.003375 0.928571
vt 1.025664 0.928571
vt 1.047796 0.928571
vt 1.069929 0.928571
vt 1.092062 0.928571
vt 1.114195 0.928571
vt 1.136483 0.928571
vt 1.158616 0.928571
vt 1.180748 0.928571
vt 1.202881 0.928571
vt 1.225170 0.928571
vt 1.247302 0.928571
vt 1.269435 0.928571
vt 1.282528 0.928571
vt 1.282528 0.950737
vt 0.693050 0.906404
vt 0.715183 0.906404
vt 0.737471 0.906404
vt 0.759604 0.906404
vt 0.781737 0.906404
vt 0.803869 0.906404
vt 0.826002 0.906404
vt 0.848291 0.906404
vt 0.870423 0.906404
vt 0.892556 0.906404
vt 0.914689 0.906404
vt 0.936977 0.906404
vt 0.959110 0.906404
vt 0.981243 0.906404
vt 1.003375 0.906404
vt 1.025664 0.906404
vt 1.047796 0.906404
vt 1.069929 0.906404
vt 1.092062 0.906404
vt 1.114195 0.906404
vt 1.136483 0.906404
vt 1.158616 0.906404
vt 1.180748 0.906404
vt 1.202881 0.906404
vt 1.225170 0.906404
vt 1.247302 0.906404
vt 1.269435 0.906404
vt 1.282528 0.906404
vt 1.269435 0.884220
vt 1.247302 0.884220
vt 1.225170 0.884220
vt 1.202881 0.884220
vt 1.180748 0.884220
vt 1.158616 0.884220
vt 1.136483 0.884220
vt 1.114195 0.884220
vt 1.092062 0.884220
vt 1.069929 0.884220
vt 1.047796 0.884220
vt 1.025664 0.884220
vt 1.003375 0.884220
vt 0.981243 0.884220
vt 0.959110 0.884220
vt 0.936977 0.884220
vt 0.914689 0.884220
vt 0.892556 0.884220
vt 0.870423 0.884220
vt 0.848291 0.884220
vt 0.826002 0.884220
vt 0.803869 0.884220
vt 0.781737 0.884220
vt 0.759604 0.884220
vt 0.737471 0.884220
vt 0.715183 0.884220
vt 0.693050 0.884220
vt 0.693050 0.862054
vt 0.715183 0.862054
vt 0.737471 0.862054
vt 0.759604 0.862054
vt 0.781737 0.862054
vt 0.803869 0.862054
vt 0.826002 0.862054
vt 0.848291 0.862054
vt 0.870423 0.862054
vt 0.892556 0.862054
vt 0.914689 0.862054
vt 0.936977 0.862054
vt 0.959110 0.862054
vt 0.981243 0.862054
vt 1.003375 0.862054
vt 1.025664 0.862054
vt 1.047796 0.862054
vt 1.069929 0.862054
vt 1.092062 0.862054
vt 1.114195 0.862054
vt 1.136483 0.862054
vt 1.158616 0.862054
vt 1.180748 0.862054
vt 1.202881 0.862054
vt 1.225170 0.862054
vt 1.247302 0.862054
vt 1.269435 0.862054
vt 1.282528 0.862054
vt 1.282528 0.884220
vt 0.914689 0.850050
vt 0.892556 0.850050
vt 0.870423 0.850050
vt 0.848291 0.850050
vt 0.826002 0.850050
vt 0.803869 0.850050
vt 0.781737 0.850050
vt 0.759604 0.850050
vt 0.737471 0.850050
vt 0.715183 0.850050
vt 0.693050 0.850050
vt 0.670917 0.850050
vt 0.936977 0.850050
vt 0.959110 0.850050
vt 0.981243 0.850050
vt 1.003375 0.850050
vt 1.025664 0.850050
vt 1.047796 0.850050
vt 1.069929 0.850050
vt 1.092062 0.850050
vt 1.114195 0.850050
vt 1.136483 0.850050
vt 1.158616 0.850050
vt 1.180748 0.850050
vt 1.202881 0.850050
vt 1.225170 0.850050
vt 1.247302 0.850050
vt 1.269435 0.850050
vt 1.282528 0.850050
vt 1.247302 0.995070
vt 1.225170 0.995070
vt 1.202881 0.995070
vt 1.180748 0.995070
vt 1.158616 0.995070
vt 1.136483 0.995070
vt 1.114195 0.995070
vt 1.092062 0.995070
vt 1.069929 0.995070
vt 1.047796 0.995070
vt 1.025664 0.995070
vt 1.003375 0.995070
vt 0.981243 0.995070
vt 0.959110 0.995070
vt 0.936977 0.995070
vt 0.914689 0.995070
vt 0.892556 0.995070
vt 0.870423 0.995070
vt 0.848291 0.995070
vt 0.826002 0.995070
vt 0.803869 0.995070
vt 0.781737 0.995070
vt 0.759604 0.995070
vt 0.737471 0.995070
vt 0.715183 0.995070
vt 0.693050 0.995070
vt 0.670917 0.995070
vt 0.659851 0.995070
vt 0.659851 0.972904
vt 0.648785 0.972904
vt 0.648785 0.950737
vt 0.648785 0.995070
vt 0.626496 0.972904
vt 0.626496 0.950737
vt 0.626496 0.928571
vt 0.626496 0.906404
vt 0.626496 0.884220
vt 0.626496 0.995070
vt 0.604363 0.972904
vt 0.604363 0.950737
vt 0.604363 0.928571
vt 0.604363 0.906404
vt 0.604363 0.884220
vt 0.604363 0.995070
vt 0.582231 0.972904
vt 0.582231 0.950737
vt 0.582231 0.928571
vt 0.582231 0.906404
vt 0.582231 0.884220
vt 0.582231 0.995070
vt 0.560098 0.972904
vt 0.560098 0.950737
vt 0.560098 0.928571
vt 0.560098 0.906404
vt 0.560098 0.884220
vt 0.560098 0.995070
vt 0.537809 0.972904
vt 0.537809 0.950737
vt 0.537809 0.928571
vt 0.537809 0.906404
vt 0.537809 0.884220
vt 0.537809 0.862054
vt 0.515677 0.862054
vt 0.515677 0.850050
vt 0.493544 0.850050
vt 0.537809 0.995070
vt 0.515677 0.972904
vt 0.515677 0.950737
vt 0.515677 0.928571
vt 0.515677 0.906404
vt 0.515677 0.884220
vt 0.515677 0.995070
vt 0.493544 0.972904
vt 0.493544 0.950737
vt 0.493544 0.928571
vt 0.493544 0.906404
vt 0.493544 0.884220
vt 0.493544 0.862054
vt 0.471411 0.862054
vt 0.471411 0.850050
vt 0.449279 0.862054
vt 0.449279 0.850050
vt 0.426990 0.862054
vt 0.426990 0.850050
vt 0.404857 0.862054
vt 0.404857 0.850050
vt 0.382725 0.862054
vt 0.382725 0.850050
vt 0.360592 0.862054
vt 0.360592 0.850050
vt 0.338304 0.862054
vt 0.338304 0.850050
vt 0.316171 0.862054
vt 0.316171 0.850050
vt 0.294038 0.862054
vt 0.294038 0.850050
vt 0.271905 0.850050
vt 0.338304 0.884220
vt 0.360592 0.884220
vt 0.382725 0.884220
vt 0.404857 0.884220
vt 0.426990 0.884220
vt 0.449279 0.884220
vt 0.471411 0.884220
vt 0.471411 0.906404
vt 0.449279 0.906404
vt 0.426990 0.906404
vt 0.404857 0.906404
vt 0.382725 0.906404
vt 0.360592 0.906404
vt 0.338304 0.906404
vt 0.316171 0.906404
vt 0.316171 0.884220
vt 0.294038 0.906404
vt 0.294038 0.884220
vt 0.271905 0.906404
vt 0.271905 0.884220
vt 0.249773 0.906404
vt 0.249773 0.884220
vt 0.227484 0.906404
vt 0.227484 0.884220
vt 0.205352 0.906404
vt 0.205352 0.884220
vt 0.183219 0.906404
vt 0.183219 0.884220
vt 0.161086 0.906404
vt 0.161086 0.884220
vt 0.138798 0.906404
vt 0.138798 0.884220
vt 0.116665 0.906404
vt 0.116665 0.884220
vt 0.094532 0.906404
vt 0.094532 0.884220
vt 0.072400 0.906404
vt 0.072400 0.884220
vt 0.050111 0.906404
vt 0.050111 0.884220
vt 0.027978 0.906404
vt 0.027978 0.884220
vt 0.005846 0.906404
vt 0.005846 0.884220
vt 0.449279 0.928571
vt 0.426990 0.928571
vt 0.404857 0.928571
vt 0.382725 0.928571
vt 0.360592 0.928571
vt 0.338304 0.928571
vt 0.316171 0.928571
vt 0.294038 0.928571
vt 0.271905 0.928571
vt 0.249773 0.928571
vt 0.227484 0.928571
vt 0.205352 0.928571
vt 0.183219 0.928571
vt 0.161086 0.928571
vt 0.138798 0.928571
vt 0.116665 0.928571
vt 0.094532 0.928571
vt 0.072400 0.928571
vt 0.050111 0.928571
vt 0.027978 0.928571
vt 0.005846 0.928571
vt 0.426990 0.950737
vt 0.404857 0.950737
vt 0.382725 0.950737
vt 0.360592 0.950737
vt 0.338304 0.950737
vt 0.316171 0.950737
vt 0.294038 0.950737
vt 0.271905 0.950737
vt 0.249773 0.950737
vt 0.227484 0.950737
vt 0.205352 0.950737
vt 0.183219 0.950737
vt 0.161086 0.950737
vt 0.138798 0.950737
vt 0.116665 0.950737
vt 0.094532 0.950737
vt 0.072400 0.950737
vt 0.050111 0.950737
vt 0.027978 0.950737
vt 0.005846 0.950737
vt 0.404857 0.972904
vt 0.382725 0.972904
vt 0.360592 0.972904
vt 0.338304 0.972904
vt 0.316171 0.972904
vt 0.294038 0.972904
vt 0.271905 0.972904
vt 0.249773 0.972904
vt 0.227484 0.972904
vt 0.205352 0.972904
vt 0.183219 0.972904
vt 0.161086 0.972904
vt 0.138798 0.972904
vt 0.116665 0.972904
vt 0.094532 0.972904
vt 0.072400 0.972904
vt 0.050111 0.972904
vt 0.027978 0.972904
vt 0.005846 0.972904
vt 0.404857 0.995070
vt 0.382725 0.995070
vt 0.360592 0.995070
vt 0.338304 0.995070
vt 0.316171 0.995070
vt 0.294038 0.995070
vt 0.271905 0.995070
vt 0.249773 0.995070
vt 0.227484 0.995070
vt 0.205352 0.995070
vt 0.183219 0.995070
vt 0.161086 0.995070
vt 0.138798 0.995070
vt 0.116665 0.995070
vt 0.094532 0.995070
vt 0.072400 0.995070
vt 0.050111 0.995070
vt 0.027978 0.995070
vt 0.005846 0.995070
vt 0.426990 0.995070
vt 0.426990 0.972904
vt 0.449279 0.995070
vt 0.449279 0.972904
vt 0.471411 0.995070
vt 0.471411 0.972904
vt 0.493544 0.995070
vt 0.471411 0.950737
vt 0.471411 0.928571
vt 0.449279 0.950737
vt 0.271905 0.862054
vt 0.249773 0.862054
vt 0.227484 0.862054
vt 0.205352 0.862054
vt 0.183219 0.862054
vt 0.161086 0.862054
vt 0.138798 0.862054
vt 0.116665 0.862054
vt 0.094532 0.862054
vt 0.072400 0.862054
vt 0.050111 0.862054
vt 0.027978 0.862054
vt 0.005846 0.862054
vt 0.116665 0.850050
vt 0.094532 0.850050
vt 0.072400 0.850050
vt 0.050111 0.850050
vt 0.027978 0.850050
vt 0.005846 0.850050
vt 0.249773 0.850050
vt 0.227484 0.850050
vt 0.205352 0.850050
vt 0.183219 0.850050
vt 0.161086 0.850050
vt 0.138798 0.850050
s 1
usemtl Material_0.001
f 2238/2066/2021 2239/2067/2022 2240/2068/2023
f 2239/2067/2022 2241/2069/2024 2240/2068/2023
f 2240/2068/2023 2241/2069/2024 2242/2070/2025
f 2241/2069/2024 2243/2071/2026 2242/2070/2025
f 2242/2070/2025 2243/2071/2026 2244/2072/2027
f 2243/2071/2026 2245/2073/2028 2244/2072/2027
f 2244/2072/2027 2245/2073/2028 2246/2074/2029
f 2245/2073/2028 2247/2075/2030 2246/2074/2029
f 2246/2074/2029 2247/2075/2030 2248/2076/2031
f 2247/2075/2030 2249/2077/2032 2248/2076/2031
f 2248/2076/2031 2249/2077/2032 2250/2078/2033
f 2249/2077/2032 2251/2079/2034 2250/2078/2033
f 2250/2078/2033 2251/2079/2034 2252/2080/2035
f 2251/2079/2034 2253/2081/2036 2252/2080/2035
f 2252/2080/2035 2253/2081/2036 2254/2082/2037
f 2253/2081/2036 2255/2083/2038 2254/2082/2037
f 2254/2082/2037 2255/2083/2038 2256/2084/2039
f 2255/2083/2038 2257/2085/2040 2256/2084/2039
f 2256/2084/2039 2257/2085/2040 2258/2086/2041
f 2257/2085/2040 2259/2087/2042 2258/2086/2041
f 2258/2086/2041 2259/2087/2042 2260/2088/2043
f 2259/2087/2042 2261/2089/2044 2260/2088/2043
f 2260/2088/2043 2261/2089/2044 2262/2090/2045
f 2261/2089/2044 2263/2091/2046 2262/2090/2045
f 2262/2090/2045 2263/2091/2046 2264/2092/2047
f 2263/2091/2046 2265/2093/2048 2264/2092/2047
f 2264/2092/2047 2265/2093/2048 2266/2094/2049
f 2265/2093/2048 2267/2095/2050 2266/2094/2049
f 2266/2094/2049 2267/2095/2050 2268/2096/2051
f 2267/2095/2050 2269/2097/2052 2268/2096/2051
f 2268/2096/2051 2269/2097/2052 2270/2098/2053
f 2269/2097/2052 2271/2099/2054 2270/2098/2053
f 2270/2098/2053 2271/2099/2054 2272/2100/2055
f 2271/2099/2054 2273/2101/2056 2272/2100/2055
f 2272/2100/2055 2273/2101/2056 2274/2102/2057
f 2273/2101/2056 2275/2103/2058 2274/2102/2057
f 2274/2102/2057 2275/2103/2058 2276/2104/2059
f 2275/2103/2058 2277/2105/2060 2276/2104/2059
f 2276/2104/2059 2277/2105/2060 2278/2106/2061
f 2277/2105/2060 2279/2107/2062 2278/2106/2061
f 2278/2106/2061 2279/2107/2062 2280/2108/2063
f 2279/2107/2062 2281/2109/2064 2280/2108/2063
f 2280/2108/2063 2281/2109/2064 2282/2110/2065
f 2281/2109/2064 2283/2111/2066 2282/2110/2065
f 2282/2110/2065 2283/2111/2066 2284/2112/2067
f 2283/2111/2066 2285/2113/2068 2284/2112/2067
f 2284/2112/2067 2285/2113/2068 2286/2114/2069
f 2285/2113/2068 2287/2115/2070 2286/2114/2069
f 2286/2114/2069 2287/2115/2070 2288/2116/2071
f 2287/2115/2070 2289/2117/2036 2288/2116/2071
f 2288/2116/2071 2289/2117/2036 2290/2118/2072
f 2289/2117/2036 2291/2119/2073 2290/2118/2072
f 2290/2118/2072 2291/2119/2073 2292/2120/2074
f 2291/2119/2073 2293/2121/2075 2292/2120/2074
f 2292/2120/2074 2293/2121/2075 2294/2122/2076
f 2293/2121/2075 2295/2123/2077 2294/2122/2076
f 2294/2122/2076 2295/2123/2077 2296/2124/2078
f 2295/2123/2077 2297/2125/2079 2296/2124/2078
f 2296/2124/2078 2297/2125/2079 2298/2126/2080
f 2297/2125/2079 2299/2127/2081 2298/2126/2080
f 2298/2126/2080 2299/2127/2081 2300/2128/2082
f 2299/2127/2081 2301/2129/2083 2300/2128/2082
f 2300/2128/2082 2301/2129/2083 2302/2130/2084
f 2301/2129/2083 2303/2131/2085 2302/2130/2084
f 2302/2130/2084 2303/2131/2085 2304/2132/2086
f 2303/2131/2085 2305/2133/2087 2304/2132/2086
f 2304/2132/2086 2305/2133/2087 2306/2134/2088
f 2305/2133/2087 2307/2135/2089 2306/2134/2088
f 2306/2134/2088 2307/2135/2089 2308/2136/2090
f 2307/2135/2089 2309/2137/2091 2308/2136/2090
f 2308/2136/2090 2309/2137/2091 2310/2138/2092
f 2309/2137/2091 2311/2139/2093 2310/2138/2092
f 2310/2138/2092 2311/2139/2093 2312/2140/2094
f 2311/2139/2093 2313/2141/2095 2312/2140/2094
f 2312/2140/2094 2313/2141/2095 2314/2142/2096
f 2313/2141/2095 2315/2143/2097 2314/2142/2096
f 2306/2134/2088 2316/2144/2098 2304/2132/2086
f 2316/2144/2098 2317/2145/2099 2304/2132/2086
f 2304/2132/2086 2317/2145/2099 2302/2130/2084
f 2317/2145/2099 2318/2146/2100 2302/2130/2084
f 2302/2130/2084 2318/2146/2100 2300/2128/2082
f 2318/2146/2100 2319/2147/2101 2300/2128/2082
f 2300/2128/2082 2319/2147/2101 2298/2126/2080
f 2319/2147/2101 2320/2148/2102 2298/2126/2080
f 2298/2126/2080 2320/2148/2102 2296/2124/2078
f 2320/2148/2102 2321/2149/2103 2296/2124/2078
f 2296/2124/2078 2321/2149/2103 2294/2122/2076
f 2321/2149/2103 2322/2150/2104 2294/2122/2076
f 2294/2122/2076 2322/2150/2104 2292/2120/2074
f 2322/2150/2104 2323/2151/2105 2292/2120/2074
f 2292/2120/2074 2323/2151/2105 2290/2118/2072
f 2323/2151/2105 2324/2152/2106 2290/2118/2072
f 2290/2118/2072 2324/2152/2106 2288/2116/2071
f 2324/2152/2106 2325/2153/2107 2288/2116/2071
f 2288/2116/2071 2325/2153/2107 2286/2114/2069
f 2325/2153/2107 2326/2154/2108 2286/2114/2069
f 2286/2114/2069 2326/2154/2108 2284/2112/2067
f 2326/2154/2108 2327/2155/2109 2284/2112/2067
f 2284/2112/2067 2327/2155/2109 2282/2110/2065
f 2327/2155/2109 2328/2156/2110 2282/2110/2065
f 2282/2110/2065 2328/2156/2110 2280/2108/2063
f 2328/2156/2110 2329/2157/2111 2280/2108/2063
f 2280/2108/2063 2329/2157/2111 2278/2106/2061
f 2329/2157/2111 2330/2158/2112 2278/2106/2061
f 2278/2106/2061 2330/2158/2112 2276/2104/2059
f 2330/2158/2112 2331/2159/2113 2276/2104/2059
f 2276/2104/2059 2331/2159/2113 2274/2102/2057
f 2331/2159/2113 2332/2160/2114 2274/2102/2057
f 2274/2102/2057 2332/2160/2114 2272/2100/2055
f 2332/2160/2114 2333/2161/2115 2272/2100/2055
f 2272/2100/2055 2333/2161/2115 2270/2098/2053
f 2333/2161/2115 2334/2162/2116 2270/2098/2053
f 2270/2098/2053 2334/2162/2116 2268/2096/2051
f 2334/2162/2116 2335/2163/2117 2268/2096/2051
f 2268/2096/2051 2335/2163/2117 2266/2094/2049
f 2335/2163/2117 2336/2164/2118 2266/2094/2049
f 2266/2094/2049 2336/2164/2118 2264/2092/2047
f 2336/2164/2118 2337/2165/2119 2264/2092/2047
f 2264/2092/2047 2337/2165/2119 2262/2090/2045
f 2337/2165/2119 2338/2166/2120 2262/2090/2045
f 2262/2090/2045 2338/2166/2120 2260/2088/2043
f 2338/2166/2120 2339/2167/2121 2260/2088/2043
f 2260/2088/2043 2339/2167/2121 2258/2086/2041
f 2339/2167/2121 2340/2168/2122 2258/2086/2041
f 2258/2086/2041 2340/2168/2122 2256/2084/2039
f 2340/2168/2122 2341/2169/2123 2256/2084/2039
f 2256/2084/2039 2341/2169/2123 2254/2082/2037
f 2341/2169/2123 2342/2170/2124 2254/2082/2037
f 2254/2082/2037 2342/2170/2124 2252/2080/2035
f 2342/2170/2124 2343/2171/2125 2252/2080/2035
f 2252/2080/2035 2343/2171/2125 2250/2078/2033
f 2343/2171/2125 2344/2172/2126 2250/2078/2033
f 2250/2078/2033 2344/2172/2126 2248/2076/2031
f 2344/2172/2126 2345/2173/2127 2248/2076/2031
f 2248/2076/2031 2345/2173/2127 2246/2074/2029
f 2345/2173/2127 2346/2174/2128 2246/2074/2029
f 2246/2074/2029 2346/2174/2128 2244/2072/2027
f 2346/2174/2128 2347/2175/2129 2244/2072/2027
f 2244/2072/2027 2347/2175/2129 2242/2070/2025
f 2347/2175/2129 2348/2176/2130 2242/2070/2025
f 2242/2070/2025 2348/2176/2130 2349/2177/2131
f 2320/2148/2102 2350/2178/2132 2321/2149/2103
f 2350/2178/2132 2351/2179/2133 2321/2149/2103
f 2321/2149/2103 2351/2179/2133 2322/2150/2104
f 2351/2179/2133 2352/2180/2134 2322/2150/2104
f 2322/2150/2104 2352/2180/2134 2323/2151/2105
f 2352/2180/2134 2353/2181/2135 2323/2151/2105
f 2323/2151/2105 2353/2181/2135 2324/2152/2106
f 2353/2181/2135 2354/2182/2136 2324/2152/2106
f 2324/2152/2106 2354/2182/2136 2325/2153/2107
f 2354/2182/2136 2355/2183/2137 2325/2153/2107
f 2325/2153/2107 2355/2183/2137 2326/2154/2108
f 2355/2183/2137 2356/2184/2138 2326/2154/2108
f 2326/2154/2108 2356/2184/2138 2327/2155/2109
f 2356/2184/2138 2357/2185/2139 2327/2155/2109
f 2327/2155/2109 2357/2185/2139 2328/2156/2110
f 2357/2185/2139 2358/2186/2140 2328/2156/2110
f 2328/2156/2110 2358/2186/2140 2329/2157/2111
f 2358/2186/2140 2359/2187/2141 2329/2157/2111
f 2329/2157/2111 2359/2187/2141 2330/2158/2112
f 2359/2187/2141 2360/2188/2142 2330/2158/2112
f 2330/2158/2112 2360/2188/2142 2331/2159/2113
f 2360/2188/2142 2361/2189/2143 2331/2159/2113
f 2331/2159/2113 2361/2189/2143 2332/2160/2114
f 2361/2189/2143 2362/2190/2144 2332/2160/2114
f 2332/2160/2114 2362/2190/2144 2333/2161/2115
f 2362/2190/2144 2363/2191/2145 2333/2161/2115
f 2333/2161/2115 2363/2191/2145 2334/2162/2116
f 2363/2191/2145 2364/2192/2146 2334/2162/2116
f 2334/2162/2116 2364/2192/2146 2335/2163/2117
f 2364/2192/2146 2365/2193/2147 2335/2163/2117
f 2335/2163/2117 2365/2193/2147 2336/2164/2118
f 2365/2193/2147 2366/2194/2148 2336/2164/2118
f 2336/2164/2118 2366/2194/2148 2337/2165/2119
f 2366/2194/2148 2367/2195/2149 2337/2165/2119
f 2337/2165/2119 2367/2195/2149 2338/2166/2120
f 2367/2195/2149 2368/2196/2150 2338/2166/2120
f 2338/2166/2120 2368/2196/2150 2339/2167/2121
f 2368/2196/2150 2369/2197/2151 2339/2167/2121
f 2339/2167/2121 2369/2197/2151 2340/2168/2122
f 2369/2197/2151 2370/2198/2152 2340/2168/2122
f 2340/2168/2122 2370/2198/2152 2341/2169/2123
f 2370/2198/2152 2371/2199/2153 2341/2169/2123
f 2341/2169/2123 2371/2199/2153 2342/2170/2124
f 2371/2199/2153 2372/2200/2125 2342/2170/2124
f 2342/2170/2124 2372/2200/2125 2343/2171/2125
f 2372/2200/2125 2373/2201/2154 2343/2171/2125
f 2343/2171/2125 2373/2201/2154 2344/2172/2126
f 2373/2201/2154 2374/2202/2155 2344/2172/2126
f 2344/2172/2126 2374/2202/2155 2345/2173/2127
f 2374/2202/2155 2375/2203/2156 2345/2173/2127
f 2345/2173/2127 2375/2203/2156 2346/2174/2128
f 2375/2203/2156 2376/2204/2157 2346/2174/2128
f 2346/2174/2128 2376/2204/2157 2347/2175/2129
f 2376/2204/2157 2377/2205/2158 2347/2175/2129
f 2347/2175/2129 2377/2205/2158 2348/2176/2130
f 2377/2205/2158 2376/2204/2157 2378/2206/2159
f 2376/2204/2157 2375/2203/2156 2378/2206/2159
f 2378/2206/2159 2375/2203/2156 2379/2207/2160
f 2375/2203/2156 2374/2202/2155 2379/2207/2160
f 2379/2207/2160 2374/2202/2155 2380/2208/2161
f 2374/2202/2155 2373/2201/2154 2380/2208/2161
f 2380/2208/2161 2373/2201/2154 2381/2209/2162
f 2373/2201/2154 2372/2200/2125 2381/2209/2162
f 2381/2209/2162 2372/2200/2125 2382/2210/2033
f 2372/2200/2125 2371/2199/2153 2382/2210/2033
f 2382/2210/2033 2371/2199/2153 2383/2211/2163
f 2371/2199/2153 2370/2198/2152 2383/2211/2163
f 2383/2211/2163 2370/2198/2152 2384/2212/2152
f 2370/2198/2152 2369/2197/2151 2384/2212/2152
f 2384/2212/2152 2369/2197/2151 2385/2213/2164
f 2369/2197/2151 2368/2196/2150 2385/2213/2164
f 2385/2213/2164 2368/2196/2150 2386/2214/2165
f 2368/2196/2150 2367/2195/2149 2386/2214/2165
f 2386/2214/2165 2367/2195/2149 2387/2215/2166
f 2367/2195/2149 2366/2194/2148 2387/2215/2166
f 2387/2215/2166 2366/2194/2148 2388/2216/2167
f 2366/2194/2148 2365/2193/2147 2388/2216/2167
f 2388/2216/2167 2365/2193/2147 2389/2217/2168
f 2365/2193/2147 2364/2192/2146 2389/2217/2168
f 2389/2217/2168 2364/2192/2146 2390/2218/2169
f 2364/2192/2146 2363/2191/2145 2390/2218/2169
f 2390/2218/2169 2363/2191/2145 2391/2219/2170
f 2363/2191/2145 2362/2190/2144 2391/2219/2170
f 2391/2219/2170 2362/2190/2144 2392/2220/2171
f 2362/2190/2144 2361/2189/2143 2392/2220/2171
f 2392/2220/2171 2361/2189/2143 2393/2221/2172
f 2361/2189/2143 2360/2188/2142 2393/2221/2172
f 2393/2221/2172 2360/2188/2142 2394/2222/2173
f 2360/2188/2142 2359/2187/2141 2394/2222/2173
f 2394/2222/2173 2359/2187/2141 2395/2223/2174
f 2359/2187/2141 2358/2186/2140 2395/2223/2174
f 2395/2223/2174 2358/2186/2140 2396/2224/2175
f 2358/2186/2140 2357/2185/2139 2396/2224/2175
f 2396/2224/2175 2357/2185/2139 2397/2225/2176
f 2357/2185/2139 2356/2184/2138 2397/2225/2176
f 2397/2225/2176 2356/2184/2138 2398/2226/2177
f 2356/2184/2138 2355/2183/2137 2398/2226/2177
f 2398/2226/2177 2355/2183/2137 2399/2227/2162
f 2355/2183/2137 2354/2182/2136 2399/2227/2162
f 2399/2227/2162 2354/2182/2136 2400/2228/2178
f 2354/2182/2136 2353/2181/2135 2400/2228/2178
f 2400/2228/2178 2353/2181/2135 2401/2229/2179
f 2353/2181/2135 2352/2180/2134 2401/2229/2179
f 2401/2229/2179 2352/2180/2134 2402/2230/2180
f 2352/2180/2134 2351/2179/2133 2402/2230/2180
f 2402/2230/2180 2351/2179/2133 2403/2231/2181
f 2351/2179/2133 2350/2178/2132 2403/2231/2181
f 2403/2231/2181 2350/2178/2132 2404/2232/2182
f 2350/2178/2132 2319/2147/2101 2404/2232/2182
f 2404/2232/2182 2319/2147/2101 2318/2146/2100
f 2318/2146/2100 2405/2233/2183 2404/2232/2182
f 2405/2233/2183 2406/2234/2184 2404/2232/2182
f 2404/2232/2182 2406/2234/2184 2403/2231/2181
f 2406/2234/2184 2407/2235/2185 2403/2231/2181
f 2403/2231/2181 2407/2235/2185 2402/2230/2180
f 2407/2235/2185 2408/2236/2186 2402/2230/2180
f 2402/2230/2180 2408/2236/2186 2401/2229/2179
f 2408/2236/2186 2409/2237/2187 2401/2229/2179
f 2401/2229/2179 2409/2237/2187 2400/2228/2178
f 2409/2237/2187 2410/2238/2188 2400/2228/2178
f 2400/2228/2178 2410/2238/2188 2399/2227/2162
f 2410/2238/2188 2411/2239/2189 2399/2227/2162
f 2399/2227/2162 2411/2239/2189 2398/2226/2177
f 2411/2239/2189 2412/2240/2190 2398/2226/2177
f 2398/2226/2177 2412/2240/2190 2397/2225/2176
f 2412/2240/2190 2413/2241/2191 2397/2225/2176
f 2397/2225/2176 2413/2241/2191 2396/2224/2175
f 2413/2241/2191 2414/2242/2192 2396/2224/2175
f 2396/2224/2175 2414/2242/2192 2395/2223/2174
f 2414/2242/2192 2415/2243/2193 2395/2223/2174
f 2395/2223/2174 2415/2243/2193 2394/2222/2173
f 2415/2243/2193 2416/2244/2194 2394/2222/2173
f 2394/2222/2173 2416/2244/2194 2393/2221/2172
f 2416/2244/2194 2417/2245/2195 2393/2221/2172
f 2393/2221/2172 2417/2245/2195 2392/2220/2171
f 2417/2245/2195 2418/2246/2196 2392/2220/2171
f 2392/2220/2171 2418/2246/2196 2391/2219/2170
f 2418/2246/2196 2419/2247/2197 2391/2219/2170
f 2391/2219/2170 2419/2247/2197 2390/2218/2169
f 2419/2247/2197 2420/2248/2198 2390/2218/2169
f 2390/2218/2169 2420/2248/2198 2389/2217/2168
f 2420/2248/2198 2421/2249/2199 2389/2217/2168
f 2389/2217/2168 2421/2249/2199 2388/2216/2167
f 2421/2249/2199 2422/2250/2200 2388/2216/2167
f 2388/2216/2167 2422/2250/2200 2387/2215/2166
f 2422/2250/2200 2423/2251/2201 2387/2215/2166
f 2387/2215/2166 2423/2251/2201 2386/2214/2165
f 2423/2251/2201 2424/2252/2202 2386/2214/2165
f 2386/2214/2165 2424/2252/2202 2385/2213/2164
f 2424/2252/2202 2425/2253/2203 2385/2213/2164
f 2385/2213/2164 2425/2253/2203 2384/2212/2152
f 2425/2253/2203 2426/2254/2204 2384/2212/2152
f 2384/2212/2152 2426/2254/2204 2383/2211/2163
f 2426/2254/2204 2427/2255/2068 2383/2211/2163
f 2383/2211/2163 2427/2255/2068 2382/2210/2033
f 2427/2255/2068 2428/2256/2108 2382/2210/2033
f 2382/2210/2033 2428/2256/2108 2381/2209/2162
f 2428/2256/2108 2429/2257/2205 2381/2209/2162
f 2381/2209/2162 2429/2257/2205 2380/2208/2161
f 2429/2257/2205 2430/2258/2206 2380/2208/2161
f 2380/2208/2161 2430/2258/2206 2379/2207/2160
f 2430/2258/2206 2431/2259/2207 2379/2207/2160
f 2379/2207/2160 2431/2259/2207 2378/2206/2159
f 2431/2259/2207 2432/2260/2208 2378/2206/2159
f 2378/2206/2159 2432/2260/2208 2433/2261/2209
f 2416/2244/2194 2415/2243/2193 2434/2262/2210
f 2415/2243/2193 2414/2242/2192 2434/2262/2210
f 2434/2262/2210 2414/2242/2192 2435/2263/2211
f 2414/2242/2192 2413/2241/2191 2435/2263/2211
f 2435/2263/2211 2413/2241/2191 2436/2264/2212
f 2413/2241/2191 2412/2240/2190 2436/2264/2212
f 2436/2264/2212 2412/2240/2190 2437/2265/2213
f 2412/2240/2190 2411/2239/2189 2437/2265/2213
f 2437/2265/2213 2411/2239/2189 2438/2266/2214
f 2411/2239/2189 2410/2238/2188 2438/2266/2214
f 2438/2266/2214 2410/2238/2188 2439/2267/2215
f 2410/2238/2188 2409/2237/2187 2439/2267/2215
f 2439/2267/2215 2409/2237/2187 2440/2268/2216
f 2409/2237/2187 2408/2236/2186 2440/2268/2216
f 2440/2268/2216 2408/2236/2186 2441/2269/2217
f 2408/2236/2186 2407/2235/2185 2441/2269/2217
f 2441/2269/2217 2407/2235/2185 2442/2270/2218
f 2407/2235/2185 2443/2271/2219 2442/2270/2218
f 2407/2235/2185 2406/2234/2184 2443/2271/2219
f 2406/2234/2184 2444/2272/2220 2443/2271/2219
f 2406/2234/2184 2405/2233/2183 2444/2272/2220
f 2405/2233/2183 2445/2273/2221 2444/2272/2220
f 2405/2233/2183 2317/2145/2099 2445/2273/2221
f 2317/2145/2099 2316/2144/2098 2445/2273/2221
f 2434/2262/2210 2446/2274/2222 2416/2244/2194
f 2446/2274/2222 2417/2245/2195 2416/2244/2194
f 2446/2274/2222 2447/2275/2195 2417/2245/2195
f 2447/2275/2195 2448/2276/2223 2417/2245/2195
f 2417/2245/2195 2448/2276/2223 2418/2246/2196
f 2448/2276/2223 2449/2277/2224 2418/2246/2196
f 2418/2246/2196 2449/2277/2224 2419/2247/2197
f 2449/2277/2224 2450/2278/2225 2419/2247/2197
f 2419/2247/2197 2450/2278/2225 2420/2248/2198
f 2450/2278/2225 2451/2279/2226 2420/2248/2198
f 2420/2248/2198 2451/2279/2226 2421/2249/2199
f 2451/2279/2226 2452/2280/2227 2421/2249/2199
f 2421/2249/2199 2452/2280/2227 2422/2250/2200
f 2452/2280/2227 2453/2281/2228 2422/2250/2200
f 2422/2250/2200 2453/2281/2228 2423/2251/2201
f 2453/2281/2228 2424/2252/2202 2423/2251/2201
f 2453/2281/2228 2454/2282/2229 2424/2252/2202
f 2454/2282/2229 2455/2283/2230 2424/2252/2202
f 2424/2252/2202 2455/2283/2230 2425/2253/2203
f 2455/2283/2230 2456/2284/2231 2425/2253/2203
f 2425/2253/2203 2456/2284/2231 2426/2254/2204
f 2456/2284/2231 2427/2255/2068 2426/2254/2204
f 2456/2284/2231 2457/2285/2178 2427/2255/2068
f 2457/2285/2178 2458/2286/2232 2427/2255/2068
f 2427/2255/2068 2458/2286/2232 2428/2256/2108
f 2458/2286/2232 2459/2287/2233 2428/2256/2108
f 2428/2256/2108 2459/2287/2233 2429/2257/2205
f 2459/2287/2233 2460/2288/2234 2429/2257/2205
f 2429/2257/2205 2460/2288/2234 2430/2258/2206
f 2460/2288/2234 2461/2289/2235 2430/2258/2206
f 2430/2258/2206 2461/2289/2235 2431/2259/2207
f 2461/2289/2235 2462/2290/2236 2431/2259/2207
f 2431/2259/2207 2462/2290/2236 2432/2260/2208
f 2239/2067/2022 2463/2291/2237 2241/2069/2024
f 2463/2291/2237 2243/2071/2026 2241/2069/2024
f 2243/2071/2026 2463/2291/2237 2245/2073/2028
f 2463/2291/2237 2464/2292/2238 2245/2073/2028
f 2245/2073/2028 2464/2292/2238 2247/2075/2030
f 2464/2292/2238 2465/2293/2239 2247/2075/2030
f 2247/2075/2030 2465/2293/2239 2249/2077/2032
f 2465/2293/2239 2466/2294/2240 2249/2077/2032
f 2249/2077/2032 2466/2294/2240 2251/2079/2034
f 2466/2294/2240 2467/2295/2241 2251/2079/2034
f 2251/2079/2034 2467/2295/2241 2253/2081/2036
f 2467/2295/2241 2468/2296/2242 2253/2081/2036
f 2253/2081/2036 2468/2296/2242 2255/2083/2038
f 2468/2296/2242 2469/2297/2243 2255/2083/2038
f 2255/2083/2038 2469/2297/2243 2257/2085/2040
f 2469/2297/2243 2470/2298/2244 2257/2085/2040
f 2257/2085/2040 2470/2298/2244 2259/2087/2042
f 2470/2298/2244 2471/2299/2245 2259/2087/2042
f 2259/2087/2042 2471/2299/2245 2261/2089/2044
f 2471/2299/2245 2472/2300/2246 2261/2089/2044
f 2261/2089/2044 2472/2300/2246 2263/2091/2046
f 2472/2300/2246 2473/2301/2247 2263/2091/2046
f 2263/2091/2046 2473/2301/2247 2265/2093/2048
f 2473/2301/2247 2474/2302/2248 2265/2093/2048
f 2265/2093/2048 2474/2302/2248 2267/2095/2050
f 2474/2302/2248 2475/2303/2249 2267/2095/2050
f 2267/2095/2050 2475/2303/2249 2269/2097/2052
f 2475/2303/2249 2476/2304/2250 2269/2097/2052
f 2269/2097/2052 2476/2304/2250 2271/2099/2054
f 2476/2304/2250 2477/2305/2251 2271/2099/2054
f 2271/2099/2054 2477/2305/2251 2273/2101/2056
f 2477/2305/2251 2478/2306/2252 2273/2101/2056
f 2273/2101/2056 2478/2306/2252 2275/2103/2058
f 2478/2306/2252 2479/2307/2253 2275/2103/2058
f 2275/2103/2058 2479/2307/2253 2277/2105/2060
f 2479/2307/2253 2480/2308/2254 2277/2105/2060
f 2277/2105/2060 2480/2308/2254 2279/2107/2062
f 2480/2308/2254 2481/2309/2255 2279/2107/2062
f 2279/2107/2062 2481/2309/2255 2281/2109/2064
f 2481/2309/2255 2482/2310/2256 2281/2109/2064
f 2281/2109/2064 2482/2310/2256 2283/2111/2066
f 2482/2310/2256 2483/2311/2257 2283/2111/2066
f 2283/2111/2066 2483/2311/2257 2285/2113/2068
f 2483/2311/2257 2484/2312/2258 2285/2113/2068
f 2285/2113/2068 2484/2312/2258 2287/2115/2070
f 2484/2312/2258 2485/2313/2259 2287/2115/2070
f 2287/2115/2070 2485/2313/2259 2289/2117/2036
f 2485/2313/2259 2486/2314/2260 2289/2117/2036
f 2289/2117/2036 2486/2314/2260 2291/2119/2073
f 2486/2314/2260 2487/2315/2261 2291/2119/2073
f 2291/2119/2073 2487/2315/2261 2293/2121/2075
f 2487/2315/2261 2488/2316/2262 2293/2121/2075
f 2293/2121/2075 2488/2316/2262 2295/2123/2077
f 2488/2316/2262 2489/2317/2263 2295/2123/2077
f 2295/2123/2077 2489/2317/2263 2490/2318/2264
f 2490/2318/2264 2491/2319/2265 2295/2123/2077
f 2491/2319/2265 2297/2125/2079 2295/2123/2077
f 2490/2318/2264 2492/2320/2266 2491/2319/2265
f 2492/2320/2266 2493/2321/2267 2491/2319/2265
f 2491/2319/2265 2493/2321/2267 2297/2125/2079
f 2493/2321/2267 2299/2127/2081 2297/2125/2079
f 2490/2318/2264 2494/2322/2268 2492/2320/2266
f 2494/2322/2268 2495/2323/2269 2492/2320/2266
f 2492/2320/2266 2495/2323/2269 2493/2321/2267
f 2495/2323/2269 2496/2324/2270 2493/2321/2267
f 2493/2321/2267 2496/2324/2270 2299/2127/2081
f 2496/2324/2270 2497/2325/2271 2299/2127/2081
f 2299/2127/2081 2497/2325/2271 2301/2129/2083
f 2497/2325/2271 2498/2326/2272 2301/2129/2083
f 2301/2129/2083 2498/2326/2272 2303/2131/2085
f 2498/2326/2272 2499/2327/2273 2303/2131/2085
f 2303/2131/2085 2499/2327/2273 2305/2133/2087
f 2499/2327/2273 2307/2135/2089 2305/2133/2087
f 2494/2322/2268 2500/2328/2274 2495/2323/2269
f 2500/2328/2274 2501/2329/2275 2495/2323/2269
f 2495/2323/2269 2501/2329/2275 2496/2324/2270
f 2501/2329/2275 2502/2330/2276 2496/2324/2270
f 2496/2324/2270 2502/2330/2276 2497/2325/2271
f 2502/2330/2276 2503/2331/2277 2497/2325/2271
f 2497/2325/2271 2503/2331/2277 2498/2326/2272
f 2503/2331/2277 2504/2332/2278 2498/2326/2272
f 2498/2326/2272 2504/2332/2278 2499/2327/2273
f 2504/2332/2278 2505/2333/2279 2499/2327/2273
f 2499/2327/2273 2505/2333/2279 2307/2135/2089
f 2505/2333/2279 2309/2137/2091 2307/2135/2089
f 2500/2328/2274 2506/2334/2280 2501/2329/2275
f 2506/2334/2280 2507/2335/2281 2501/2329/2275
f 2501/2329/2275 2507/2335/2281 2502/2330/2276
f 2507/2335/2281 2508/2336/2282 2502/2330/2276
f 2502/2330/2276 2508/2336/2282 2503/2331/2277
f 2508/2336/2282 2509/2337/2283 2503/2331/2277
f 2503/2331/2277 2509/2337/2283 2504/2332/2278
f 2509/2337/2283 2510/2338/2284 2504/2332/2278
f 2504/2332/2278 2510/2338/2284 2505/2333/2279
f 2510/2338/2284 2511/2339/2285 2505/2333/2279
f 2505/2333/2279 2511/2339/2285 2309/2137/2091
f 2511/2339/2285 2311/2139/2093 2309/2137/2091
f 2506/2334/2280 2512/2340/2286 2507/2335/2281
f 2512/2340/2286 2513/2341/2287 2507/2335/2281
f 2507/2335/2281 2513/2341/2287 2508/2336/2282
f 2513/2341/2287 2514/2342/2288 2508/2336/2282
f 2508/2336/2282 2514/2342/2288 2509/2337/2283
f 2514/2342/2288 2515/2343/2289 2509/2337/2283
f 2509/2337/2283 2515/2343/2289 2510/2338/2284
f 2515/2343/2289 2516/2344/2290 2510/2338/2284
f 2510/2338/2284 2516/2344/2290 2511/2339/2285
f 2516/2344/2290 2517/2345/2291 2511/2339/2285
f 2511/2339/2285 2517/2345/2291 2311/2139/2093
f 2517/2345/2291 2313/2141/2095 2311/2139/2093
f 2512/2340/2286 2518/2346/2292 2513/2341/2287
f 2518/2346/2292 2519/2347/2293 2513/2341/2287
f 2513/2341/2287 2519/2347/2293 2514/2342/2288
f 2519/2347/2293 2520/2348/2294 2514/2342/2288
f 2514/2342/2288 2520/2348/2294 2515/2343/2289
f 2520/2348/2294 2521/2349/2295 2515/2343/2289
f 2515/2343/2289 2521/2349/2295 2516/2344/2290
f 2521/2349/2295 2522/2350/2296 2516/2344/2290
f 2516/2344/2290 2522/2350/2296 2517/2345/2291
f 2522/2350/2296 2523/2351/2297 2517/2345/2291
f 2517/2345/2291 2523/2351/2297 2313/2141/2095
f 2523/2351/2297 2524/2352/2097 2313/2141/2095
f 2313/2141/2095 2524/2352/2097 2315/2143/2097
f 2524/2352/2097 2525/2353/2298 2315/2143/2097
f 2315/2143/2097 2525/2353/2298 2526/2354/2299
f 2525/2353/2298 2527/2355/2300 2526/2354/2299
f 2518/2346/2292 2528/2356/2301 2519/2347/2293
f 2528/2356/2301 2529/2357/2302 2519/2347/2293
f 2519/2347/2293 2529/2357/2302 2520/2348/2294
f 2529/2357/2302 2530/2358/2303 2520/2348/2294
f 2520/2348/2294 2530/2358/2303 2521/2349/2295
f 2530/2358/2303 2531/2359/2304 2521/2349/2295
f 2521/2349/2295 2531/2359/2304 2522/2350/2296
f 2531/2359/2304 2532/2360/2305 2522/2350/2296
f 2522/2350/2296 2532/2360/2305 2523/2351/2297
f 2532/2360/2305 2533/2361/2306 2523/2351/2297
f 2523/2351/2297 2533/2361/2306 2524/2352/2097
f 2533/2361/2306 2525/2353/2298 2524/2352/2097
f 2528/2356/2301 2534/2362/2307 2529/2357/2302
f 2534/2362/2307 2535/2363/2308 2529/2357/2302
f 2529/2357/2302 2535/2363/2308 2530/2358/2303
f 2535/2363/2308 2536/2364/2309 2530/2358/2303
f 2530/2358/2303 2536/2364/2309 2531/2359/2304
f 2536/2364/2309 2537/2365/2310 2531/2359/2304
f 2531/2359/2304 2537/2365/2310 2532/2360/2305
f 2537/2365/2310 2538/2366/2311 2532/2360/2305
f 2532/2360/2305 2538/2366/2311 2533/2361/2306
f 2538/2366/2311 2539/2367/2312 2533/2361/2306
f 2533/2361/2306 2539/2367/2312 2525/2353/2298
f 2539/2367/2312 2540/2368/2313 2525/2353/2298
f 2525/2353/2298 2540/2368/2313 2527/2355/2300
f 2540/2368/2313 2541/2369/2314 2527/2355/2300
f 2527/2355/2300 2541/2369/2314 2542/2370/2315
f 2541/2369/2314 2543/2371/2316 2542/2370/2315
f 2542/2370/2315 2543/2371/2316 2544/2372/2317
f 2543/2371/2316 2545/2373/2318 2544/2372/2317
f 2544/2372/2317 2545/2373/2318 2546/2374/2319
f 2545/2373/2318 2547/2375/2320 2546/2374/2319
f 2546/2374/2319 2547/2375/2320 2548/2376/2321
f 2547/2375/2320 2549/2377/2322 2548/2376/2321
f 2548/2376/2321 2549/2377/2322 2550/2378/2323
f 2549/2377/2322 2551/2379/2324 2550/2378/2323
f 2550/2378/2323 2551/2379/2324 2552/2380/2325
f 2551/2379/2324 2553/2381/2070 2552/2380/2325
f 2552/2380/2325 2553/2381/2070 2554/2382/2070
f 2553/2381/2070 2555/2383/2326 2554/2382/2070
f 2554/2382/2070 2555/2383/2326 2556/2384/2327
f 2555/2383/2326 2557/2385/2328 2556/2384/2327
f 2556/2384/2327 2557/2385/2328 2558/2386/2329
f 2557/2385/2328 2559/2387/2330 2558/2386/2329
f 2555/2383/2326 2553/2381/2070 2560/2388/2035
f 2553/2381/2070 2551/2379/2324 2560/2388/2035
f 2560/2388/2035 2551/2379/2324 2561/2389/2331
f 2551/2379/2324 2549/2377/2322 2561/2389/2331
f 2561/2389/2331 2549/2377/2322 2562/2390/2332
f 2549/2377/2322 2547/2375/2320 2562/2390/2332
f 2562/2390/2332 2547/2375/2320 2563/2391/2333
f 2547/2375/2320 2545/2373/2318 2563/2391/2333
f 2563/2391/2333 2545/2373/2318 2564/2392/2334
f 2545/2373/2318 2543/2371/2316 2564/2392/2334
f 2564/2392/2334 2543/2371/2316 2565/2393/2335
f 2543/2371/2316 2541/2369/2314 2565/2393/2335
f 2565/2393/2335 2541/2369/2314 2566/2394/2336
f 2541/2369/2314 2540/2368/2313 2566/2394/2336
f 2566/2394/2336 2540/2368/2313 2539/2367/2312
f 2539/2367/2312 2567/2395/2337 2566/2394/2336
f 2567/2395/2337 2568/2396/2338 2566/2394/2336
f 2566/2394/2336 2568/2396/2338 2565/2393/2335
f 2568/2396/2338 2569/2397/2339 2565/2393/2335
f 2565/2393/2335 2569/2397/2339 2564/2392/2334
f 2569/2397/2339 2570/2398/2340 2564/2392/2334
f 2564/2392/2334 2570/2398/2340 2563/2391/2333
f 2570/2398/2340 2571/2399/2341 2563/2391/2333
f 2563/2391/2333 2571/2399/2341 2562/2390/2332
f 2571/2399/2341 2572/2400/2342 2562/2390/2332
f 2562/2390/2332 2572/2400/2342 2561/2389/2331
f 2572/2400/2342 2573/2401/2071 2561/2389/2331
f 2561/2389/2331 2573/2401/2071 2560/2388/2035
f 2573/2401/2071 2574/2402/2343 2560/2388/2035
f 2560/2388/2035 2574/2402/2343 2575/2403/2152
f 2574/2402/2343 2576/2404/2344 2575/2403/2152
f 2575/2403/2152 2576/2404/2344 2577/2405/2345
f 2576/2404/2344 2578/2406/2346 2577/2405/2345
f 2577/2405/2345 2578/2406/2346 2579/2407/2347
f 2578/2406/2346 2580/2408/2348 2579/2407/2347
f 2579/2407/2347 2580/2408/2348 2581/2409/2349
f 2580/2408/2348 2582/2410/2350 2581/2409/2349
f 2581/2409/2349 2582/2410/2350 2583/2411/2351
f 2582/2410/2350 2584/2412/2352 2583/2411/2351
f 2583/2411/2351 2584/2412/2352 2585/2413/2353
f 2584/2412/2352 2586/2414/2354 2585/2413/2353
f 2585/2413/2353 2586/2414/2354 2587/2415/2355
f 2586/2414/2354 2588/2416/2356 2587/2415/2355
f 2587/2415/2355 2588/2416/2356 2589/2417/2357
f 2588/2416/2356 2590/2418/2358 2589/2417/2357
f 2589/2417/2357 2590/2418/2358 2591/2419/2359
f 2590/2418/2358 2592/2420/2360 2591/2419/2359
f 2591/2419/2359 2592/2420/2360 2593/2421/2361
f 2592/2420/2360 2594/2422/2362 2593/2421/2361
f 2593/2421/2361 2594/2422/2362 2595/2423/2363
f 2594/2422/2362 2596/2424/2295 2595/2423/2363
f 2595/2423/2363 2596/2424/2295 2597/2425/2295
f 2596/2424/2295 2598/2426/2364 2597/2425/2295
f 2597/2425/2295 2598/2426/2364 2599/2427/2364
f 2598/2426/2364 2600/2428/2365 2599/2427/2364
f 2599/2427/2364 2600/2428/2365 2601/2429/2366
f 2600/2428/2365 2602/2430/2367 2601/2429/2366
f 2601/2429/2366 2602/2430/2367 2603/2431/2368
f 2567/2395/2337 2604/2432/2369 2568/2396/2338
f 2604/2432/2369 2605/2433/2370 2568/2396/2338
f 2568/2396/2338 2605/2433/2370 2569/2397/2339
f 2605/2433/2370 2606/2434/2371 2569/2397/2339
f 2569/2397/2339 2606/2434/2371 2570/2398/2340
f 2606/2434/2371 2607/2435/2126 2570/2398/2340
f 2570/2398/2340 2607/2435/2126 2571/2399/2341
f 2607/2435/2126 2608/2436/2372 2571/2399/2341
f 2571/2399/2341 2608/2436/2372 2572/2400/2342
f 2608/2436/2372 2609/2437/2124 2572/2400/2342
f 2572/2400/2342 2609/2437/2124 2573/2401/2071
f 2609/2437/2124 2610/2438/2072 2573/2401/2071
f 2573/2401/2071 2610/2438/2072 2574/2402/2343
f 2610/2438/2072 2611/2439/2373 2574/2402/2343
f 2574/2402/2343 2611/2439/2373 2576/2404/2344
f 2611/2439/2373 2612/2440/2374 2576/2404/2344
f 2576/2404/2344 2612/2440/2374 2578/2406/2346
f 2612/2440/2374 2613/2441/2375 2578/2406/2346
f 2578/2406/2346 2613/2441/2375 2580/2408/2348
f 2613/2441/2375 2614/2442/2376 2580/2408/2348
f 2580/2408/2348 2614/2442/2376 2582/2410/2350
f 2614/2442/2376 2615/2443/2377 2582/2410/2350
f 2582/2410/2350 2615/2443/2377 2584/2412/2352
f 2615/2443/2377 2616/2444/2378 2584/2412/2352
f 2584/2412/2352 2616/2444/2378 2586/2414/2354
f 2616/2444/2378 2617/2445/2379 2586/2414/2354
f 2586/2414/2354 2617/2445/2379 2588/2416/2356
f 2617/2445/2379 2618/2446/2380 2588/2416/2356
f 2588/2416/2356 2618/2446/2380 2590/2418/2358
f 2618/2446/2380 2619/2447/2360 2590/2418/2358
f 2590/2418/2358 2619/2447/2360 2592/2420/2360
f 2619/2447/2360 2620/2448/2362 2592/2420/2360
f 2592/2420/2360 2620/2448/2362 2594/2422/2362
f 2620/2448/2362 2621/2449/2381 2594/2422/2362
f 2594/2422/2362 2621/2449/2381 2596/2424/2295
f 2621/2449/2381 2622/2450/2382 2596/2424/2295
f 2596/2424/2295 2622/2450/2382 2598/2426/2364
f 2622/2450/2382 2623/2451/2383 2598/2426/2364
f 2598/2426/2364 2623/2451/2383 2600/2428/2365
f 2623/2451/2383 2624/2452/2384 2600/2428/2365
f 2600/2428/2365 2624/2452/2384 2602/2430/2367
f 2604/2432/2369 2625/2453/2385 2605/2433/2370
f 2625/2453/2385 2626/2454/2386 2605/2433/2370
f 2605/2433/2370 2626/2454/2386 2606/2434/2371
f 2626/2454/2386 2627/2455/2387 2606/2434/2371
f 2606/2434/2371 2627/2455/2387 2607/2435/2126
f 2627/2455/2387 2628/2456/2388 2607/2435/2126
f 2607/2435/2126 2628/2456/2388 2608/2436/2372
f 2628/2456/2388 2629/2457/2389 2608/2436/2372
f 2608/2436/2372 2629/2457/2389 2609/2437/2124
f 2629/2457/2389 2630/2458/2390 2609/2437/2124
f 2609/2437/2124 2630/2458/2390 2610/2438/2072
f 2630/2458/2390 2631/2459/2391 2610/2438/2072
f 2610/2438/2072 2631/2459/2391 2611/2439/2373
f 2631/2459/2391 2632/2460/2392 2611/2439/2373
f 2611/2439/2373 2632/2460/2392 2612/2440/2374
f 2632/2460/2392 2633/2461/2393 2612/2440/2374
f 2612/2440/2374 2633/2461/2393 2613/2441/2375
f 2633/2461/2393 2634/2462/2394 2613/2441/2375
f 2613/2441/2375 2634/2462/2394 2614/2442/2376
f 2634/2462/2394 2635/2463/2395 2614/2442/2376
f 2614/2442/2376 2635/2463/2395 2615/2443/2377
f 2635/2463/2395 2636/2464/2396 2615/2443/2377
f 2615/2443/2377 2636/2464/2396 2616/2444/2378
f 2636/2464/2396 2637/2465/2397 2616/2444/2378
f 2616/2444/2378 2637/2465/2397 2617/2445/2379
f 2637/2465/2397 2638/2466/2398 2617/2445/2379
f 2617/2445/2379 2638/2466/2398 2618/2446/2380
f 2638/2466/2398 2639/2467/2399 2618/2446/2380
f 2618/2446/2380 2639/2467/2399 2619/2447/2360
f 2639/2467/2399 2640/2468/2362 2619/2447/2360
f 2619/2447/2360 2640/2468/2362 2620/2448/2362
f 2640/2468/2362 2641/2469/2381 2620/2448/2362
f 2620/2448/2362 2641/2469/2381 2621/2449/2381
f 2641/2469/2381 2642/2470/2400 2621/2449/2381
f 2621/2449/2381 2642/2470/2400 2622/2450/2382
f 2642/2470/2400 2643/2471/2401 2622/2450/2382
f 2622/2450/2382 2643/2471/2401 2623/2451/2383
f 2643/2471/2401 2644/2472/2402 2623/2451/2383
f 2623/2451/2383 2644/2472/2402 2624/2452/2384
f 2625/2453/2385 2645/2473/2403 2626/2454/2386
f 2645/2473/2403 2646/2474/2404 2626/2454/2386
f 2626/2454/2386 2646/2474/2404 2627/2455/2387
f 2646/2474/2404 2647/2475/2405 2627/2455/2387
f 2627/2455/2387 2647/2475/2405 2628/2456/2388
f 2647/2475/2405 2648/2476/2406 2628/2456/2388
f 2628/2456/2388 2648/2476/2406 2629/2457/2389
f 2648/2476/2406 2649/2477/2407 2629/2457/2389
f 2629/2457/2389 2649/2477/2407 2630/2458/2390
f 2649/2477/2407 2650/2478/2408 2630/2458/2390
f 2630/2458/2390 2650/2478/2408 2631/2459/2391
f 2650/2478/2408 2651/2479/2409 2631/2459/2391
f 2631/2459/2391 2651/2479/2409 2632/2460/2392
f 2651/2479/2409 2652/2480/2410 2632/2460/2392
f 2632/2460/2392 2652/2480/2410 2633/2461/2393
f 2652/2480/2410 2653/2481/2411 2633/2461/2393
f 2633/2461/2393 2653/2481/2411 2634/2462/2394
f 2653/2481/2411 2654/2482/2412 2634/2462/2394
f 2634/2462/2394 2654/2482/2412 2635/2463/2395
f 2654/2482/2412 2655/2483/2413 2635/2463/2395
f 2635/2463/2395 2655/2483/2413 2636/2464/2396
f 2655/2483/2413 2656/2484/2414 2636/2464/2396
f 2636/2464/2396 2656/2484/2414 2637/2465/2397
f 2656/2484/2414 2657/2485/2415 2637/2465/2397
f 2637/2465/2397 2657/2485/2415 2638/2466/2398
f 2657/2485/2415 2658/2486/2416 2638/2466/2398
f 2638/2466/2398 2658/2486/2416 2639/2467/2399
f 2658/2486/2416 2659/2487/2417 2639/2467/2399
f 2639/2467/2399 2659/2487/2417 2640/2468/2362
f 2659/2487/2417 2660/2488/2418 2640/2468/2362
f 2640/2468/2362 2660/2488/2418 2641/2469/2381
f 2660/2488/2418 2661/2489/2419 2641/2469/2381
f 2641/2469/2381 2661/2489/2419 2642/2470/2400
f 2661/2489/2419 2662/2490/2420 2642/2470/2400
f 2642/2470/2400 2662/2490/2420 2643/2471/2401
f 2662/2490/2420 2663/2491/2421 2643/2471/2401
f 2643/2471/2401 2663/2491/2421 2644/2472/2402
f 2645/2473/2403 2664/2492/2422 2646/2474/2404
f 2664/2492/2422 2665/2493/2423 2646/2474/2404
f 2646/2474/2404 2665/2493/2423 2647/2475/2405
f 2665/2493/2423 2666/2494/2424 2647/2475/2405
f 2647/2475/2405 2666/2494/2424 2648/2476/2406
f 2666/2494/2424 2667/2495/2425 2648/2476/2406
f 2648/2476/2406 2667/2495/2425 2649/2477/2407
f 2667/2495/2425 2668/2496/2426 2649/2477/2407
f 2649/2477/2407 2668/2496/2426 2650/2478/2408
f 2668/2496/2426 2669/2497/2427 2650/2478/2408
f 2650/2478/2408 2669/2497/2427 2651/2479/2409
f 2669/2497/2427 2670/2498/2428 2651/2479/2409
f 2651/2479/2409 2670/2498/2428 2652/2480/2410
f 2670/2498/2428 2671/2499/2429 2652/2480/2410
f 2652/2480/2410 2671/2499/2429 2653/2481/2411
f 2671/2499/2429 2672/2500/2430 2653/2481/2411
f 2653/2481/2411 2672/2500/2430 2654/2482/2412
f 2672/2500/2430 2673/2501/2431 2654/2482/2412
f 2654/2482/2412 2673/2501/2431 2655/2483/2413
f 2673/2501/2431 2674/2502/2432 2655/2483/2413
f 2655/2483/2413 2674/2502/2432 2656/2484/2414
f 2674/2502/2432 2675/2503/2433 2656/2484/2414
f 2656/2484/2414 2675/2503/2433 2657/2485/2415
f 2675/2503/2433 2676/2504/2434 2657/2485/2415
f 2657/2485/2415 2676/2504/2434 2658/2486/2416
f 2676/2504/2434 2677/2505/2435 2658/2486/2416
f 2658/2486/2416 2677/2505/2435 2659/2487/2417
f 2677/2505/2435 2678/2506/2436 2659/2487/2417
f 2659/2487/2417 2678/2506/2436 2679/2507/2437
f 2659/2487/2417 2679/2507/2437 2660/2488/2418
f 2679/2507/2437 2680/2508/2438 2660/2488/2418
f 2660/2488/2418 2680/2508/2438 2661/2489/2419
f 2680/2508/2438 2681/2509/2439 2661/2489/2419
f 2661/2489/2419 2681/2509/2439 2662/2490/2420
f 2681/2509/2439 2682/2510/2440 2662/2490/2420
f 2662/2490/2420 2682/2510/2440 2663/2491/2421
f 2664/2492/2422 2645/2473/2403 2683/2511/2441
f 2645/2473/2403 2684/2512/2442 2683/2511/2441
f 2683/2511/2441 2684/2512/2442 2685/2513/2443
f 2684/2512/2442 2686/2514/2444 2685/2513/2443
f 2685/2513/2443 2686/2514/2444 2687/2515/2445
f 2686/2514/2444 2688/2516/2446 2687/2515/2445
f 2687/2515/2445 2688/2516/2446 2689/2517/2447
f 2688/2516/2446 2535/2363/2308 2689/2517/2447
f 2689/2517/2447 2535/2363/2308 2534/2362/2307
f 2535/2363/2308 2688/2516/2446 2536/2364/2309
f 2688/2516/2446 2690/2518/2448 2536/2364/2309
f 2536/2364/2309 2690/2518/2448 2537/2365/2310
f 2690/2518/2448 2691/2519/2449 2537/2365/2310
f 2537/2365/2310 2691/2519/2449 2538/2366/2311
f 2691/2519/2449 2567/2395/2337 2538/2366/2311
f 2538/2366/2311 2567/2395/2337 2539/2367/2312
f 2567/2395/2337 2691/2519/2449 2604/2432/2369
f 2691/2519/2449 2692/2520/2450 2604/2432/2369
f 2604/2432/2369 2692/2520/2450 2625/2453/2385
f 2692/2520/2450 2684/2512/2442 2625/2453/2385
f 2625/2453/2385 2684/2512/2442 2645/2473/2403
f 2684/2512/2442 2692/2520/2450 2686/2514/2444
f 2692/2520/2450 2690/2518/2448 2686/2514/2444
f 2686/2514/2444 2690/2518/2448 2688/2516/2446
f 2560/2388/2035 2575/2403/2152 2555/2383/2326
f 2575/2403/2152 2577/2405/2345 2555/2383/2326
f 2555/2383/2326 2577/2405/2345 2557/2385/2328
f 2577/2405/2345 2579/2407/2347 2557/2385/2328
f 2557/2385/2328 2579/2407/2347 2693/2521/2451
f 2579/2407/2347 2581/2409/2349 2693/2521/2451
f 2693/2521/2451 2581/2409/2349 2694/2522/2452
f 2581/2409/2349 2583/2411/2351 2694/2522/2452
f 2694/2522/2452 2583/2411/2351 2695/2523/2453
f 2583/2411/2351 2585/2413/2353 2695/2523/2453
f 2695/2523/2453 2585/2413/2353 2696/2524/2454
f 2585/2413/2353 2587/2415/2355 2696/2524/2454
f 2696/2524/2454 2587/2415/2355 2697/2525/2455
f 2587/2415/2355 2589/2417/2357 2697/2525/2455
f 2697/2525/2455 2589/2417/2357 2698/2526/2456
f 2589/2417/2357 2591/2419/2359 2698/2526/2456
f 2698/2526/2456 2591/2419/2359 2699/2527/2457
f 2591/2419/2359 2593/2421/2361 2699/2527/2457
f 2699/2527/2457 2593/2421/2361 2700/2528/2458
f 2593/2421/2361 2595/2423/2363 2700/2528/2458
f 2700/2528/2458 2595/2423/2363 2701/2529/2459
f 2595/2423/2363 2597/2425/2295 2701/2529/2459
f 2701/2529/2459 2597/2425/2295 2702/2530/2460
f 2597/2425/2295 2599/2427/2364 2702/2530/2460
f 2702/2530/2460 2599/2427/2364 2703/2531/2461
f 2599/2427/2364 2601/2429/2366 2703/2531/2461
f 2703/2531/2461 2601/2429/2366 2704/2532/2462
f 2601/2429/2366 2603/2431/2368 2704/2532/2462
f 2704/2532/2462 2603/2431/2368 2705/2533/2463
f 2699/2527/2457 2700/2528/2458 2706/2534/2361
f 2700/2528/2458 2701/2529/2459 2706/2534/2361
f 2706/2534/2361 2701/2529/2459 2707/2535/2464
f 2701/2529/2459 2702/2530/2460 2707/2535/2464
f 2707/2535/2464 2702/2530/2460 2708/2536/2465
f 2702/2530/2460 2703/2531/2461 2708/2536/2465
f 2708/2536/2465 2703/2531/2461 2709/2537/2466
f 2703/2531/2461 2710/2538/2467 2709/2537/2466
f 2703/2531/2461 2704/2532/2462 2710/2538/2467
f 2704/2532/2462 2711/2539/2468 2710/2538/2467
f 2557/2385/2328 2693/2521/2451 2559/2387/2330
f 2693/2521/2451 2712/2540/2469 2559/2387/2330
f 2693/2521/2451 2694/2522/2452 2712/2540/2469
f 2694/2522/2452 2713/2541/2470 2712/2540/2469
f 2694/2522/2452 2695/2523/2453 2713/2541/2470
f 2695/2523/2453 2696/2524/2454 2713/2541/2470
f 2713/2541/2470 2696/2524/2454 2714/2542/2471
f 2696/2524/2454 2697/2525/2455 2714/2542/2471
f 2714/2542/2471 2697/2525/2455 2715/2543/2472
f 2697/2525/2455 2716/2544/2473 2715/2543/2472
f 2697/2525/2455 2698/2526/2456 2716/2544/2473
f 2698/2526/2456 2717/2545/2474 2716/2544/2473
f 2698/2526/2456 2699/2527/2457 2717/2545/2474
f 2699/2527/2457 2706/2534/2361 2717/2545/2474
f 2733/2532/2475 2734/2533/2476 2735/2539/2468
f 2727/2206/2477 2729/2261/2209 2726/2205/2158
f 2719/2070/2478 2724/2177/2479 2718/2068/2023
f 2731/2519/2480 2730/2518/2448 2732/2520/2481
f 2723/2148/2482 2722/2147/2483 2725/2178/2132
f 2721/2146/2484 2720/2145/2485 2728/2233/2486
l 2518 2527
l 2239 2432
l 2311 2506
l 2567 2603
l 2663 2664
l 2320 2349
l 2416 2433
l 2624 2625
l 2560 2688
l 2297 2490
l 2313 2512
l 2306 2315
l 2602 2604
l 2299 2490
l 2307 2494
l 2555 2559
l 2699 2705
l 2316 2434
l 2644 2645
l 2309 2500
l 2525 2528
l 2557 2711
